#1
double table(5761,  3) # time power_W OA_Wetbulb_Temp_C

0.0 26285274.784999993 4.833333333333335
15.0 26324091.672484364 4.805555555555559
30.0 26362935.854062498 4.777777777777779
45.0 26401807.329734378 4.749999999999998
60.0 26440706.099499997 4.722222222222222
75.0 26470161.057965618 4.708333333333334
90.0 26499632.3928875 4.694444444444446
105.0 26529120.104265627 4.680555555555554
120.0 26558624.1921 4.666666666666666
135.0 26594450.668723434 4.666666666666666
150.0 26630301.033393756 4.666666666666666
165.0 26666175.28611094 4.666666666666666
180.0 26702073.426874995 4.666666666666666
195.0 26733237.38193281 4.652777777777778
210.0 26764419.491906248 4.638888888888886
225.0 26795619.756795306 4.624999999999997
240.0 26826838.176599998 4.61111111111111
255.0 26834143.337925 4.624999999999997
270.0 26841443.37875 4.638888888888886
285.0 26848738.299075 4.652777777777778
300.0 26856028.098899994 4.666666666666666
315.0 26853789.03226249 4.666666666666666
330.0 26851548.685499992 4.666666666666666
345.0 26849307.058612492 4.666666666666666
360.0 26847064.151599996 4.666666666666666
375.0 26824899.811325 4.666666666666666
390.0 26802743.8833 4.666666666666666
405.0 26780596.367524996 4.666666666666666
420.0 26758457.263999995 4.666666666666666
435.0 26744237.196599994 4.666666666666666
450.0 26730017.129199997 4.666666666666666
465.0 26715797.061799996 4.666666666666666
480.0 26701576.994399995 4.666666666666666
495.0 26651502.031601556 4.666666666666666
510.0 26601473.989956245 4.666666666666666
525.0 26551492.869464055 4.666666666666666
540.0 26501558.670124993 4.666666666666666
555.0 26443808.932767186 4.652777777777778
570.0 26386120.33509375 4.638888888888886
585.0 26328492.877104685 4.624999999999997
600.0 26270926.558799993 4.61111111111111
615.0 26270926.558799993 4.597222222222221
630.0 26270926.558799993 4.583333333333333
645.0 26270926.558799993 4.5694444444444455
660.0 26270926.558799993 4.555555555555557
675.0 26270926.558799993 4.555555555555557
690.0 26270926.558799993 4.555555555555557
705.0 26270926.558799993 4.555555555555557
720.0 26270926.558799993 4.555555555555557
735.0 26257906.590299997 4.555555555555557
750.0 26244886.62179999 4.555555555555557
765.0 26231866.653299995 4.555555555555557
780.0 26218846.684799995 4.555555555555557
795.0 26205826.716299992 4.555555555555557
810.0 26192806.747799996 4.555555555555557
825.0 26179786.779299993 4.555555555555557
840.0 26166766.810799997 4.555555555555557
855.0 26182774.220728118 4.555555555555557
870.0 26198786.5225625 4.555555555555557
885.0 26214803.716303118 4.555555555555557
900.0 26230825.801949993 4.555555555555557
915.0 26239030.507112492 4.5694444444444455
930.0 26247235.21227499 4.583333333333333
945.0 26255439.9174375 4.597222222222221
960.0 26263644.622599993 4.61111111111111
975.0 26263261.22516249 4.624999999999997
990.0 26262877.827724993 4.638888888888886
1005.0 26262494.430287495 4.652777777777778
1020.0 26262111.032849994 4.666666666666666
1035.0 26261727.635412496 4.666666666666666
1050.0 26261344.237974994 4.666666666666666
1065.0 26260960.840537496 4.666666666666666
1080.0 26260577.443099994 4.666666666666666
1095.0 26287295.828062493 4.666666666666666
1110.0 26314027.745774988 4.666666666666666
1125.0 26340773.196237497 4.666666666666666
1140.0 26367532.179449994 4.666666666666666
1155.0 26394304.695412498 4.666666666666666
1170.0 26421090.744124997 4.666666666666666
1185.0 26447890.325587492 4.666666666666666
1200.0 26474703.439799994 4.666666666666666
1215.0 26474703.439799994 4.666666666666666
1230.0 26474703.439799994 4.666666666666666
1245.0 26474703.439799994 4.666666666666666
1260.0 26474703.439799994 4.666666666666666
1275.0 26474703.439799994 4.638888888888889
1290.0 26474703.439799994 4.61111111111111
1305.0 26474703.439799994 4.583333333333333
1320.0 26474703.439799994 4.555555555555557
1335.0 26493792.517499994 4.541666666666669
1350.0 26512881.595199987 4.527777777777781
1365.0 26531970.672899988 4.513888888888889
1380.0 26551059.750599995 4.500000000000001
1395.0 26570148.82829999 4.4861111111111125
1410.0 26589237.905999992 4.4722222222222205
1425.0 26608326.983699992 4.458333333333332
1440.0 26627416.061399993 4.444444444444445
1455.0 26611867.699724995 4.444444444444445
1470.0 26596319.338049993 4.444444444444445
1485.0 26580770.976374995 4.444444444444445
1500.0 26565222.6147 4.444444444444445
1515.0 26549674.25302499 4.444444444444445
1530.0 26534125.891349997 4.444444444444445
1545.0 26518577.529674996 4.444444444444445
1560.0 26503029.167999994 4.444444444444445
1575.0 26476989.26528906 4.444444444444445
1590.0 26450962.049531247 4.444444444444445
1605.0 26424947.52072656 4.444444444444445
1620.0 26398945.678875 4.444444444444445
1635.0 26372956.523976557 4.444444444444445
1650.0 26346980.056031246 4.444444444444445
1665.0 26321016.275039062 4.444444444444445
1680.0 26295065.181 4.444444444444445
1695.0 26282563.443675 4.416666666666668
1710.0 26270061.70635 4.388888888888888
1725.0 26257559.969025 4.361111111111108
1740.0 26245058.2317 4.333333333333332
1755.0 26232556.494375005 4.333333333333332
1770.0 26220054.757049996 4.333333333333332
1785.0 26207553.019725002 4.333333333333332
1800.0 26195051.282399997 4.333333333333332
1815.0 26217677.126025002 4.34722222222222
1830.0 26240302.96965 4.361111111111108
1845.0 26262928.813275 4.375
1860.0 26285554.656900004 4.388888888888888
1875.0 26308180.500525 4.375
1890.0 26330806.34415 4.361111111111108
1905.0 26353432.187775 4.34722222222222
1920.0 26376058.0314 4.333333333333332
1935.0 26376058.0314 4.333333333333332
1950.0 26376058.0314 4.333333333333332
1965.0 26376058.0314 4.333333333333332
1980.0 26376058.0314 4.333333333333332
1995.0 26376058.0314 4.319444444444444
2010.0 26376058.0314 4.305555555555555
2025.0 26376058.0314 4.291666666666668
2040.0 26376058.0314 4.2777777777777795
2055.0 26352128.325600002 4.291666666666668
2070.0 26328198.619800005 4.305555555555555
2085.0 26304268.913999997 4.319444444444444
2100.0 26280339.208199997 4.333333333333332
2115.0 26256409.5024 4.333333333333332
2130.0 26232479.7966 4.333333333333332
2145.0 26208550.0908 4.333333333333332
2160.0 26184620.385000005 4.333333333333332
2175.0 26172133.680000003 4.333333333333332
2190.0 26159646.975 4.333333333333332
2205.0 26147160.27 4.333333333333332
2220.0 26134673.565 4.333333333333332
2235.0 26122186.860000007 4.333333333333332
2250.0 26109700.15500001 4.333333333333332
2265.0 26097213.450000003 4.333333333333332
2280.0 26084726.745000005 4.333333333333332
2295.0 26059753.334999997 4.333333333333332
2310.0 26034779.925000004 4.333333333333332
2325.0 26009806.515 4.333333333333332
2340.0 25984833.104999997 4.333333333333332
2355.0 25959859.695000004 4.333333333333332
2370.0 25934886.284999996 4.333333333333332
2385.0 25909912.875000004 4.333333333333332
2400.0 25884939.465 4.333333333333332
2415.0 25871974.249275 4.333333333333332
2430.0 25859009.033549998 4.333333333333332
2445.0 25846043.817824993 4.333333333333332
2460.0 25833078.6021 4.333333333333332
2475.0 25820113.386374995 4.333333333333332
2490.0 25807148.17064999 4.333333333333332
2505.0 25794182.954924993 4.333333333333332
2520.0 25781217.7392 4.333333333333332
2535.0 25781217.7392 4.319444444444444
2550.0 25781217.7392 4.305555555555555
2565.0 25781217.7392 4.291666666666668
2580.0 25781217.7392 4.2777777777777795
2595.0 25781217.7392 4.2777777777777795
2610.0 25781217.7392 4.2777777777777795
2625.0 25781217.7392 4.2777777777777795
2640.0 25781217.7392 4.2777777777777795
2655.0 25798318.161 4.263888888888891
2670.0 25815418.582799997 4.2500000000000036
2685.0 25832519.0046 4.236111111111111
2700.0 25849619.4264 4.222222222222223
2715.0 25849619.4264 4.222222222222223
2730.0 25849619.4264 4.222222222222223
2745.0 25849619.4264 4.222222222222223
2760.0 25849619.4264 4.222222222222223
2775.0 25815872.323106244 4.222222222222223
2790.0 25782100.257374994 4.222222222222223
2805.0 25748303.22920625 4.222222222222223
2820.0 25714481.2386 4.222222222222223
2835.0 25672923.772649996 4.222222222222223
2850.0 25631366.306699995 4.222222222222223
2865.0 25589808.840749994 4.222222222222223
2880.0 25548251.374799993 4.222222222222223
2895.0 25545634.7810125 4.208333333333335
2910.0 25543013.981100004 4.194444444444443
2925.0 25540388.975062504 4.1805555555555545
2940.0 25537759.762899995 4.166666666666667
2955.0 25515210.539328124 4.166666666666667
2970.0 25492670.779537506 4.166666666666667
2985.0 25470140.483528122 4.166666666666667
3000.0 25447619.6513 4.166666666666667
3015.0 25364995.28844532 4.166666666666667
3030.0 25282497.45223125 4.166666666666667
3045.0 25200126.142657813 4.166666666666667
3060.0 25117881.359725 4.166666666666667
3075.0 25044852.969314057 4.166666666666667
3090.0 24971914.073356252 4.166666666666667
3105.0 24899064.67185156 4.166666666666667
3120.0 24826304.764799997 4.166666666666667
3135.0 24737230.91503124 4.152777777777779
3150.0 24648292.520774998 4.13888888888889
3165.0 24559489.582031243 4.124999999999998
3180.0 24470822.098799992 4.111111111111111
3195.0 24382290.07108125 4.124999999999998
3210.0 24293893.498875 4.13888888888889
3225.0 24205632.38218125 4.152777777777779
3240.0 24117506.721 4.166666666666667
3255.0 24084576.36945937 4.152777777777779
3270.0 24051668.1915125 4.13888888888889
3285.0 24018782.187159374 4.124999999999998
3300.0 23985918.356399998 4.111111111111111
3315.0 23953076.699234374 4.111111111111111
3330.0 23920257.215662498 4.111111111111111
3345.0 23887459.90568437 4.111111111111111
3360.0 23854684.7693 4.111111111111111
3375.0 23809628.653146863 4.111111111111111
3390.0 23764605.865962498 4.111111111111111
3405.0 23719616.40774687 4.111111111111111
3420.0 23674660.27849999 4.111111111111111
3435.0 23635596.75664687 4.111111111111111
3450.0 23596560.6386125 4.111111111111111
3465.0 23557551.924396884 4.111111111111111
3480.0 23518570.614000004 4.111111111111111
3495.0 23554483.63393126 4.124999999999998
3510.0 23590416.898125008 4.13888888888889
3525.0 23626370.40658125 4.152777777777779
3540.0 23662344.159300003 4.166666666666667
3555.0 23698338.156281248 4.152777777777779
3570.0 23734352.397524998 4.13888888888889
3585.0 23770386.883031256 4.124999999999998
3600.0 23806441.612800002 4.111111111111111
3615.0 23813879.347070318 4.097222222222222
3630.0 23821229.936831255 4.08333333333333
3645.0 23828493.382082812 4.069444444444442
3660.0 23835669.682825007 4.055555555555554
3675.0 23833955.62973906 4.041666666666666
3690.0 23832175.77365625 4.027777777777778
3705.0 23830330.114576563 4.013888888888889
3720.0 23828418.652499996 4.000000000000002
3735.0 23914131.022031248 3.9861111111111134
3750.0 23999990.185324993 3.9722222222222254
3765.0 24085996.142381243 3.9583333333333335
3780.0 24172148.893199995 3.944444444444445
3795.0 24264359.72585625 3.944444444444445
3810.0 24356742.881625 3.944444444444445
3825.0 24449298.360506244 3.944444444444445
3840.0 24542026.162499998 3.944444444444445
3855.0 24566443.76737031 3.944444444444445
3870.0 24590444.760131247 3.944444444444445
3885.0 24614029.14078282 3.944444444444445
3900.0 24637196.909324996 3.944444444444445
3915.0 24659948.065757804 3.944444444444445
3930.0 24682282.610081248 3.944444444444445
3945.0 24704200.542295314 3.944444444444445
3960.0 24725701.862399995 3.944444444444445
3975.0 24837872.632650003 3.944444444444445
3990.0 24950135.133 3.944444444444445
4005.0 25062489.36345 3.944444444444445
4020.0 25174935.32399999 3.944444444444445
4035.0 25270620.827374995 3.944444444444445
4050.0 25366382.772499997 3.944444444444445
4065.0 25462221.159374997 3.944444444444445
4080.0 25558135.988 3.944444444444445
4095.0 25650182.096 3.930555555555557
4110.0 25742228.204 3.916666666666665
4125.0 25834274.31199999 3.902777777777777
4140.0 25926320.419999998 3.888888888888889
4155.0 26018366.528 3.875000000000001
4170.0 26110412.635999996 3.8611111111111125
4185.0 26202458.74399999 3.8472222222222205
4200.0 26294504.851999994 3.8333333333333326
4215.0 26256229.011632804 3.8333333333333326
4230.0 26217909.62415624 3.8333333333333326
4245.0 26179546.68957031 3.8333333333333326
4260.0 26141140.20787499 3.8333333333333326
4275.0 26102690.1790703 3.8333333333333326
4290.0 26064196.603156246 3.8333333333333326
4305.0 26025659.480132807 3.8333333333333326
4320.0 25987078.80999999 3.8333333333333326
4335.0 25841841.853231244 3.8194444444444446
4350.0 25696963.203449994 3.8055555555555522
4365.0 25552442.860656247 3.7916666666666643
4380.0 25408280.82485 3.7777777777777763
4395.0 25264477.096031245 3.7777777777777763
4410.0 25121031.6742 3.7777777777777763
4425.0 24977944.559356254 3.7777777777777763
4440.0 24835215.7515 3.7777777777777763
4455.0 24765078.653700005 3.7777777777777763
4470.0 24695001.465750005 3.7777777777777763
4485.0 24624984.18765 3.7777777777777763
4500.0 24555026.819399998 3.7777777777777763
4515.0 24485129.361 3.7777777777777763
4530.0 24415291.81244999 3.7777777777777763
4545.0 24345514.17375 3.7777777777777763
4560.0 24275796.4449 3.7777777777777763
4575.0 24269465.3306875 3.7777777777777763
4590.0 24263088.205124997 3.7777777777777763
4605.0 24256665.068212498 3.7777777777777763
4620.0 24250195.919949993 3.7777777777777763
4635.0 24243680.760337494 3.7777777777777763
4650.0 24237119.589374997 3.7777777777777763
4665.0 24230512.407062497 3.7777777777777763
4680.0 24223859.2134 3.7777777777777763
4695.0 24239764.620224997 3.7916666666666643
4710.0 24255670.027049996 3.8055555555555522
4725.0 24271575.433874995 3.8194444444444446
4740.0 24287480.8407 3.8333333333333326
4755.0 24303386.247524995 3.8333333333333326
4770.0 24319291.654349998 3.8333333333333326
4785.0 24335197.061175004 3.8333333333333326
4800.0 24351102.467999995 3.8333333333333326
4815.0 24399840.118499994 3.8194444444444446
4830.0 24448577.768999998 3.8055555555555522
4845.0 24497315.4195 3.7916666666666643
4860.0 24546053.069999997 3.7777777777777763
4875.0 24602175.213000007 3.7777777777777763
4890.0 24658297.356000006 3.7777777777777763
4905.0 24714419.499000005 3.7777777777777763
4920.0 24770541.642 3.7777777777777763
4935.0 24777136.077925 3.763888888888888
4950.0 24783730.513850003 3.75
4965.0 24790324.949775003 3.736111111111112
4980.0 24796919.385700002 3.7222222222222237
4995.0 24803513.821625 3.7083333333333357
5010.0 24810108.257549997 3.6944444444444478
5025.0 24816702.693475 3.6805555555555554
5040.0 24823297.1294 3.6666666666666674
5055.0 24782087.775156245 3.6805555555555554
5070.0 24740842.5957 3.6944444444444478
5085.0 24699561.59103125 3.7083333333333357
5100.0 24658244.761149995 3.7222222222222237
5115.0 24621287.456390627 3.7222222222222237
5130.0 24584276.4138125 3.7222222222222237
5145.0 24547211.633415624 3.7222222222222237
5160.0 24510093.115199998 3.7222222222222237
5175.0 24407164.463412497 3.7222222222222237
5190.0 24304400.06995 3.7222222222222237
5205.0 24201799.934812494 3.7222222222222237
5220.0 24099364.057999995 3.7222222222222237
5235.0 23979892.277687505 3.7222222222222237
5250.0 23860694.261249997 3.7222222222222237
5265.0 23741770.008687504 3.7222222222222237
5280.0 23623119.519999996 3.7222222222222237
5295.0 23537420.546062503 3.736111111111112
5310.0 23451876.467249997 3.75
5325.0 23366487.2835625 3.763888888888888
5340.0 23281252.995000005 3.7777777777777763
5355.0 23200391.08767188 3.7777777777777763
5370.0 23119667.479562502 3.7777777777777763
5385.0 23039082.170671873 3.7777777777777763
5400.0 22958635.161 3.7777777777777763
5415.0 22890821.46264375 3.7916666666666643
5430.0 22822695.505225 3.8055555555555522
5445.0 22754257.288743753 3.8194444444444446
5460.0 22685506.8132 3.8333333333333326
5475.0 22616444.07859375 3.8333333333333326
5490.0 22547069.084925003 3.8333333333333326
5505.0 22477381.832193747 3.8333333333333326
5520.0 22407382.320400007 3.8333333333333326
5535.0 22298581.08603125 3.8472222222222205
5550.0 22189695.528 3.8611111111111125
5565.0 22080725.64630625 3.875000000000001
5580.0 21971671.440950003 3.888888888888889
5595.0 21853345.870846875 3.888888888888889
5610.0 21735034.354687497 3.888888888888889
5625.0 21616736.892471872 3.888888888888889
5640.0 21498453.484199993 3.888888888888889
5655.0 21424630.933956243 3.888888888888889
5670.0 21350902.216874994 3.888888888888889
5685.0 21277267.332956243 3.888888888888889
5700.0 21203726.282199994 3.888888888888889
5715.0 21125180.674193747 3.888888888888889
5730.0 21046755.708824992 3.888888888888889
5745.0 20968451.386093747 3.888888888888889
5760.0 20890267.705999993 3.888888888888889
5775.0 20828380.350903112 3.888888888888889
5790.0 20766492.5477625 3.888888888888889
5805.0 20704604.29657812 3.888888888888889
5820.0 20642715.597349998 3.888888888888889
5835.0 20574503.615531247 3.875000000000001
5850.0 20506291.139949992 3.8611111111111125
5865.0 20438078.170606256 3.8472222222222205
5880.0 20369864.7075 3.8333333333333326
5895.0 20401236.950324994 3.8333333333333326
5910.0 20432609.193150003 3.8333333333333326
5925.0 20463981.435975 3.8333333333333326
5940.0 20495353.6788 3.8333333333333326
5955.0 20517805.69059375 3.8055555555555562
5970.0 20540230.435724992 3.7777777777777763
5985.0 20562627.91419375 3.75
6000.0 20584998.126 3.7222222222222237
6015.0 20550361.74729999 3.7222222222222237
6030.0 20515749.654400002 3.7222222222222237
6045.0 20481161.8473 3.7222222222222237
6060.0 20446598.325999994 3.7222222222222237
6075.0 20400605.9401375 3.7222222222222237
6090.0 20354665.161599997 3.7222222222222237
6105.0 20308775.990387503 3.7222222222222237
6120.0 20262938.426500004 3.7222222222222237
6135.0 20120691.503412504 3.7083333333333357
6150.0 19978689.047624998 3.6944444444444478
6165.0 19836931.059137505 3.6805555555555554
6180.0 19695417.537950005 3.6666666666666674
6195.0 19573825.614612505 3.6666666666666674
6210.0 19452233.691275004 3.6666666666666674
6225.0 19330641.767937504 3.6666666666666674
6240.0 19209049.844600003 3.6666666666666674
6255.0 19089326.597446878 3.6666666666666674
6270.0 18969221.0409625 3.6666666666666674
6285.0 18848733.175146874 3.6666666666666674
6300.0 18727863.0 3.6666666666666674
6315.0 18628676.903374996 3.6805555555555554
6330.0 18528762.5985 3.6944444444444478
6345.0 18428120.085374996 3.7083333333333357
6360.0 18326749.363999993 3.7222222222222237
6375.0 18274386.548085935 3.7083333333333357
6390.0 18222006.656218745 3.6944444444444478
6405.0 18169609.688398436 3.6805555555555554
6420.0 18117195.644624993 3.6666666666666674
6435.0 18063647.519826554 3.6666666666666674
6450.0 18010089.14945625 3.6666666666666674
6465.0 17956520.533514064 3.6666666666666674
6480.0 17902941.672000002 3.6666666666666674
6495.0 17808413.51820781 3.6666666666666674
6510.0 17713988.22703125 3.6666666666666674
6525.0 17619665.79847031 3.6666666666666674
6540.0 17525446.232525002 3.6666666666666674
6555.0 17425812.761929687 3.6527777777777795
6570.0 17326288.966043748 3.6388888888888875
6585.0 17226874.84486719 3.624999999999999
6600.0 17127570.398399998 3.611111111111111
6615.0 16997146.40806875 3.611111111111111
6630.0 16867218.978225 3.611111111111111
6645.0 16737788.108868752 3.611111111111111
6660.0 16608853.799999991 3.611111111111111
6675.0 16473926.421356244 3.611111111111111
6690.0 16339542.894674996 3.611111111111111
6705.0 16205703.219956249 3.611111111111111
6720.0 16072407.397199998 3.611111111111111
6735.0 16048889.020707808 3.611111111111111
6750.0 16025302.152956247 3.611111111111111
6765.0 16001646.793945312 3.611111111111111
6780.0 15977922.943674998 3.611111111111111
6795.0 15963802.051673438 3.611111111111111
6810.0 15949630.032393746 3.611111111111111
6825.0 15935406.885835933 3.611111111111111
6840.0 15921132.611999996 3.611111111111111
6855.0 15950175.287921868 3.611111111111111
6870.0 15979055.433687499 3.611111111111111
6885.0 16007773.049296873 3.611111111111111
6900.0 16036328.13475 3.611111111111111
6915.0 16055956.222796874 3.611111111111111
6930.0 16075363.992187493 3.611111111111111
6945.0 16094551.442921877 3.611111111111111
6960.0 16113518.574999996 3.611111111111111
6975.0 16064881.485176563 3.611111111111111
6990.0 16016240.733281247 3.611111111111111
7005.0 15967596.319314063 3.611111111111111
7020.0 15918948.243274994 3.611111111111111
7035.0 15864763.50774218 3.611111111111111
7050.0 15810574.698668744 3.611111111111111
7065.0 15756381.816054685 3.611111111111111
7080.0 15702184.859899998 3.611111111111111
7095.0 15534510.978525 3.624999999999999
7110.0 15367646.319025 3.6388888888888875
7125.0 15201590.881399998 3.6527777777777795
7140.0 15036344.665649997 3.6666666666666674
7155.0 14883859.087934375 3.6666666666666674
7170.0 14732093.717687495 3.6666666666666674
7185.0 14581048.55490937 3.6666666666666674
7200.0 14430723.599599998 3.6666666666666674
7215.0 14202208.376125 3.6666666666666674
7230.0 13973630.38995 3.6666666666666674
7245.0 13744989.641074998 3.6666666666666674
7260.0 13516286.129499998 3.6666666666666674
7275.0 13295045.454075001 3.6666666666666674
7290.0 13073744.064149998 3.6666666666666674
7305.0 12852381.959725 3.6666666666666674
7320.0 12630959.140800003 3.6666666666666674
7335.0 12470589.54752188 3.6666666666666674
7350.0 12309524.160587499 3.6666666666666674
7365.0 12147762.979996873 3.6666666666666674
7380.0 11985306.005749993 3.6666666666666674
7395.0 11821067.540974997 3.6666666666666674
7410.0 11656129.213575 3.6666666666666674
7425.0 11490491.023549996 3.6666666666666674
7440.0 11324152.9709 3.6666666666666674
7455.0 11250671.69969531 3.6666666666666674
7470.0 11176984.707831252 3.6666666666666674
7485.0 11103091.99530781 3.6666666666666674
7500.0 11028993.562124997 3.6666666666666674
7515.0 10954689.408282807 3.6666666666666674
7530.0 10880179.533781243 3.6666666666666674
7545.0 10805463.938620312 3.6666666666666674
7560.0 10730542.622799998 3.6666666666666674
7575.0 10686400.291875001 3.6805555555555554
7590.0 10642195.710299995 3.6944444444444478
7605.0 10597928.878074996 3.7083333333333357
7620.0 10553599.7952 3.7222222222222237
7635.0 10509208.461674996 3.736111111111112
7650.0 10464754.877499998 3.75
7665.0 10420239.042674996 3.763888888888888
7680.0 10375660.957199996 3.7777777777777763
7695.0 10313677.633875 3.7777777777777763
7710.0 10251785.162849993 3.7777777777777763
7725.0 10189983.544124994 3.7777777777777763
7740.0 10128272.777699998 3.7777777777777763
7755.0 10074372.689390626 3.7916666666666643
7770.0 10020550.2040875 3.8055555555555522
7785.0 9966805.321790623 3.8194444444444446
7800.0 9913138.0425 3.8333333333333326
7815.0 9861737.823437499 3.8333333333333326
7830.0 9810376.9225 3.8333333333333326
7845.0 9759055.339687498 3.8333333333333326
7860.0 9707773.074999997 3.8333333333333326
7875.0 9651041.592500001 3.8472222222222205
7890.0 9594353.999999996 3.8611111111111125
7905.0 9537710.297500001 3.875000000000001
7920.0 9481110.484999998 3.888888888888889
7935.0 9462905.603353122 3.875000000000001
7950.0 9444515.825937496 3.8611111111111125
7965.0 9425941.15275312 3.8472222222222205
7980.0 9407181.5838 3.8333333333333326
7995.0 9388237.119078122 3.8333333333333326
8010.0 9369107.7585875 3.8333333333333326
8025.0 9349793.502328122 3.8333333333333326
8040.0 9330294.350299997 3.8333333333333326
8055.0 9301537.969762499 3.8194444444444446
8070.0 9272803.717099996 3.8055555555555522
8085.0 9244091.592312496 3.7916666666666643
8100.0 9215401.5954 3.7777777777777763
8115.0 9193418.228225004 3.7777777777777763
8130.0 9171450.95405 3.7777777777777763
8145.0 9149499.772874998 3.7777777777777763
8160.0 9127564.684700003 3.7777777777777763
8175.0 9083131.641959378 3.7777777777777763
8190.0 9038806.943512497 3.7777777777777763
8205.0 8994590.589359373 3.7777777777777763
8220.0 8950482.579499999 3.7777777777777763
8235.0 8911979.724965626 3.7777777777777763
8250.0 8873558.7892875 3.7777777777777763
8265.0 8835219.77246562 3.7777777777777763
8280.0 8796962.674499996 3.7777777777777763
8295.0 8767804.901624996 3.7777777777777763
8310.0 8738693.652149998 3.7777777777777763
8325.0 8709628.926074998 3.7777777777777763
8340.0 8680610.723399999 3.7777777777777763
8355.0 8651639.044124998 3.7777777777777763
8370.0 8622713.888249995 3.7777777777777763
8385.0 8593835.255774997 3.7777777777777763
8400.0 8565003.146699997 3.7777777777777763
8415.0 8581868.848437496 3.7777777777777763
8430.0 8598748.997299995 3.7777777777777763
8445.0 8615643.593287496 3.7777777777777763
8460.0 8632552.6364 3.7777777777777763
8475.0 8644040.990199998 3.7777777777777763
8490.0 8655529.343999999 3.7777777777777763
8505.0 8667017.6978 3.7777777777777763
8520.0 8678506.051599998 3.7777777777777763
8535.0 8698174.404149998 3.7777777777777763
8550.0 8717842.756699998 3.7777777777777763
8565.0 8737511.109249998 3.7777777777777763
8580.0 8757179.461799996 3.7777777777777763
8595.0 8783470.184431247 3.7777777777777763
8610.0 8809790.587674998 3.7777777777777763
8625.0 8836140.671531245 3.7777777777777763
8640.0 8862520.435999995 3.7777777777777763
8655.0 8853185.325599995 3.7777777777777763
8670.0 8843850.215199994 3.7777777777777763
8685.0 8834515.104799995 3.7777777777777763
8700.0 8825179.994399993 3.7777777777777763
8715.0 8800370.732999997 3.7777777777777763
8730.0 8775594.242799995 3.7777777777777763
8745.0 8750850.523799995 3.7777777777777763
8760.0 8726139.575999998 3.7777777777777763
8775.0 8708582.01241875 3.7777777777777763
8790.0 8691032.001574999 3.7777777777777763
8805.0 8673489.54346875 3.7777777777777763
8820.0 8655954.638099996 3.7777777777777763
8835.0 8645029.905049996 3.7777777777777763
8850.0 8634109.487849994 3.7777777777777763
8865.0 8623193.386499997 3.7777777777777763
8880.0 8612281.600999996 3.7777777777777763
8895.0 8598907.312187497 3.7777777777777763
8910.0 8585533.571999995 3.7777777777777763
8925.0 8572160.380437497 3.7777777777777763
8940.0 8558787.737499995 3.7777777777777763
8955.0 8558609.800124995 3.763888888888888
8970.0 8558431.862749998 3.75
8985.0 8558253.925374996 3.736111111111112
9000.0 8558075.987999996 3.7222222222222237
9015.0 8540913.571574995 3.7222222222222237
9030.0 8523766.150899999 3.7222222222222237
9045.0 8506633.725975 3.7222222222222237
9060.0 8489516.296799997 3.7222222222222237
9075.0 8477873.596499998 3.736111111111112
9090.0 8466230.896199996 3.75
9105.0 8454588.195899997 3.763888888888888
9120.0 8442945.495599998 3.7777777777777763
9135.0 8462459.391924994 3.7916666666666643
9150.0 8481883.972099997 3.8055555555555522
9165.0 8501219.236125 3.8194444444444446
9180.0 8520465.183999997 3.8333333333333326
9195.0 8551807.032999998 3.8472222222222205
9210.0 8583148.882 3.8611111111111125
9225.0 8614490.730999999 3.875000000000001
9240.0 8645832.579999998 3.888888888888889
9255.0 8618408.4072625 3.902777777777777
9270.0 8591024.723049996 3.916666666666665
9285.0 8563681.527362501 3.930555555555557
9300.0 8536378.820200004 3.944444444444445
9315.0 8503573.203124998 3.944444444444445
9330.0 8470830.5682 3.944444444444445
9345.0 8438150.915424997 3.944444444444445
9360.0 8405534.2448 3.944444444444445
9375.0 8400093.85985 3.9583333333333335
9390.0 8394653.4749 3.9722222222222254
9405.0 8389213.089949999 3.9861111111111134
9420.0 8383772.705 4.000000000000002
9435.0 8378332.320049999 4.000000000000002
9450.0 8372891.935099999 4.000000000000002
9465.0 8367451.550149999 4.000000000000002
9480.0 8362011.165199999 4.000000000000002
9495.0 8353920.336299999 4.013888888888889
9510.0 8345829.507399998 4.027777777777778
9525.0 8337738.6785 4.041666666666666
9540.0 8329647.849599998 4.055555555555554
9555.0 8321557.020699997 4.041666666666666
9570.0 8313466.1918 4.027777777777778
9585.0 8305375.362899999 4.013888888888889
9600.0 8297284.533999999 4.000000000000002
9615.0 8309154.447343754 4.013888888888889
9630.0 8321028.182774999 4.027777777777778
9645.0 8332905.740293746 4.041666666666666
9660.0 8344787.119899998 4.055555555555554
9675.0 8356672.321593751 4.055555555555554
9690.0 8368561.345375 4.055555555555554
9705.0 8380454.191243744 4.055555555555554
9720.0 8392350.859199997 4.055555555555554
9735.0 8415046.460493749 4.055555555555554
9750.0 8437770.315974995 4.055555555555554
9765.0 8460522.42564375 4.055555555555554
9780.0 8483302.7895 4.055555555555554
9795.0 8506111.407543749 4.055555555555554
9810.0 8528948.279775003 4.055555555555554
9825.0 8551813.406193752 4.055555555555554
9840.0 8574706.7868 4.055555555555554
9855.0 8573251.449262502 4.055555555555554
9870.0 8571796.111725 4.055555555555554
9885.0 8570340.7741875 4.055555555555554
9900.0 8568885.43665 4.055555555555554
9915.0 8567430.099112501 4.069444444444442
9930.0 8565974.761575 4.08333333333333
9945.0 8564519.424037501 4.097222222222222
9960.0 8563064.0865 4.111111111111111
9975.0 8543115.313425 4.097222222222222
9990.0 8523166.54035 4.08333333333333
10005.0 8503217.767275 4.069444444444442
10020.0 8483268.9942 4.055555555555554
10035.0 8463320.221125 4.069444444444442
10050.0 8443371.448050002 4.08333333333333
10065.0 8423422.674975 4.097222222222222
10080.0 8403473.9019 4.111111111111111
10095.0 8423672.829687499 4.111111111111111
10110.0 8443883.607775 4.111111111111111
10125.0 8464106.236162504 4.111111111111111
10140.0 8484340.714850001 4.111111111111111
10155.0 8510008.121759374 4.124999999999998
10170.0 8535691.082187496 4.13888888888889
10185.0 8561389.596134378 4.152777777777779
10200.0 8587103.6636 4.166666666666667
10215.0 8600089.653925 4.152777777777779
10230.0 8613075.64425 4.13888888888889
10245.0 8626061.634575 4.124999999999998
10260.0 8639047.6249 4.111111111111111
10275.0 8652033.615225 4.097222222222222
10290.0 8665019.60555 4.08333333333333
10305.0 8678005.595875 4.069444444444442
10320.0 8690991.5862 4.055555555555554
10335.0 8699021.92005 4.069444444444442
10350.0 8707052.2539 4.08333333333333
10365.0 8715082.587749999 4.097222222222222
10380.0 8723112.9216 4.111111111111111
10395.0 8731143.255450001 4.111111111111111
10410.0 8739173.5893 4.111111111111111
10425.0 8747203.92315 4.111111111111111
10440.0 8755234.257 4.111111111111111
10455.0 8756283.264575 4.124999999999998
10470.0 8757332.27215 4.13888888888889
10485.0 8758381.279725 4.152777777777779
10500.0 8759430.287299998 4.166666666666667
10515.0 8746085.180765625 4.166666666666667
10530.0 8732736.627037503 4.166666666666667
10545.0 8719384.626115624 4.166666666666667
10560.0 8706029.177999998 4.166666666666667
10575.0 8674075.60298125 4.166666666666667
10590.0 8642178.920374997 4.166666666666667
10605.0 8610339.130181246 4.166666666666667
10620.0 8578556.2324 4.166666666666667
10635.0 8551227.310106248 4.166666666666667
10650.0 8523941.893774996 4.166666666666667
10665.0 8496699.983406248 4.166666666666667
10680.0 8469501.578999996 4.166666666666667
10695.0 8470032.373687496 4.166666666666667
10710.0 8470563.168374997 4.166666666666667
10725.0 8471093.963062497 4.166666666666667
10740.0 8471624.757749997 4.166666666666667
10755.0 8472155.552437497 4.1805555555555545
10770.0 8472686.347124998 4.194444444444443
10785.0 8473217.141812496 4.208333333333335
10800.0 8473747.936499998 4.222222222222223
10815.0 8512614.067649998 4.222222222222223
10830.0 8551530.233399997 4.222222222222223
10845.0 8590496.433749996 4.222222222222223
10860.0 8629512.668699998 4.222222222222223
10875.0 8661885.054899998 4.222222222222223
10890.0 8694257.441099996 4.222222222222223
10905.0 8726629.827299997 4.222222222222223
10920.0 8759002.213499997 4.222222222222223
10935.0 8749169.811112497 4.222222222222223
10950.0 8739337.408724997 4.222222222222223
10965.0 8729505.0063375 4.222222222222223
10980.0 8719672.603949998 4.222222222222223
10995.0 8709840.201562498 4.222222222222223
11010.0 8700007.799174998 4.222222222222223
11025.0 8690175.396787498 4.222222222222223
11040.0 8680342.994399998 4.222222222222223
11055.0 8672001.425587498 4.236111111111111
11070.0 8663659.856774999 4.2500000000000036
11085.0 8655318.287962498 4.263888888888891
11100.0 8646976.71915 4.2777777777777795
11115.0 8625283.318574997 4.2777777777777795
11130.0 8603615.703374999 4.2777777777777795
11145.0 8581973.87355 4.2777777777777795
11160.0 8560357.8291 4.2777777777777795
11175.0 8488860.072721874 4.2777777777777795
11190.0 8417660.740912495 4.2777777777777795
11205.0 8346759.8336718725 4.2777777777777795
11220.0 8276157.350999998 4.2777777777777795
11235.0 8208028.901909373 4.2777777777777795
11250.0 8140181.577412505 4.2777777777777795
11265.0 8072615.377509377 4.2777777777777795
11280.0 8005330.302200001 4.2777777777777795
11295.0 7994579.657006251 4.291666666666668
11310.0 7983836.235374998 4.305555555555555
11325.0 7973100.037306251 4.319444444444444
11340.0 7962371.062799999 4.333333333333332
11355.0 7957005.400574999 4.333333333333332
11370.0 7951639.738349999 4.333333333333332
11385.0 7946274.076125 4.333333333333332
11400.0 7940908.413899999 4.333333333333332
11415.0 8008402.771359378 4.333333333333332
11430.0 8076122.366812502 4.333333333333332
11445.0 8144067.200259374 4.333333333333332
11460.0 8212237.271700001 4.333333333333332
11475.0 8280632.581134375 4.319444444444444
11490.0 8349253.128562499 4.305555555555555
11505.0 8418098.913984375 4.291666666666668
11520.0 8487169.937400002 4.2777777777777795
11535.0 8484161.332762502 4.2777777777777795
11550.0 8481152.728125 4.2777777777777795
11565.0 8478144.1234875 4.2777777777777795
11580.0 8475135.51885 4.2777777777777795
11595.0 8465406.55970625 4.2777777777777795
11610.0 8455682.373599999 4.2777777777777795
11625.0 8445962.960531253 4.2777777777777795
11640.0 8436248.320500003 4.2777777777777795
11655.0 8408814.181075001 4.2777777777777795
11670.0 8381424.699725002 4.2777777777777795
11685.0 8354079.87645 4.2777777777777795
11700.0 8326779.711250001 4.2777777777777795
11715.0 8306181.576481249 4.263888888888891
11730.0 8285605.770749999 4.2500000000000036
11745.0 8265052.2940562535 4.236111111111111
11760.0 8244521.146400005 4.222222222222223
11775.0 8224589.0469531305 4.222222222222223
11790.0 8204568.426862502 4.222222222222223
11805.0 8184459.286128127 4.222222222222223
11820.0 8164261.6247499995 4.222222222222223
11835.0 8150472.863465627 4.222222222222223
11850.0 8136544.998312503 4.222222222222223
11865.0 8122478.029290623 4.222222222222223
11880.0 8108271.9564000005 4.222222222222223
11895.0 8096021.269874998 4.236111111111111
11910.0 8083749.955050002 4.2500000000000036
11925.0 8071458.011925001 4.263888888888891
11940.0 8059145.440499996 4.2777777777777795
11955.0 8046812.240774999 4.2777777777777795
11970.0 8034458.412749997 4.2777777777777795
11985.0 8022083.956425001 4.2777777777777795
12000.0 8009688.871799999 4.2777777777777795
12015.0 8060425.346049999 4.2777777777777795
12030.0 8111161.8203 4.2777777777777795
12045.0 8161898.29455 4.2777777777777795
12060.0 8212634.768799999 4.2777777777777795
12075.0 8263371.243049998 4.2777777777777795
12090.0 8314107.717299998 4.2777777777777795
12105.0 8364844.191549998 4.2777777777777795
12120.0 8415580.665799998 4.2777777777777795
12135.0 8422110.4188375 4.2777777777777795
12150.0 8428642.329799997 4.2777777777777795
12165.0 8435176.398687502 4.2777777777777795
12180.0 8441712.625499997 4.2777777777777795
12195.0 8461826.132375 4.2777777777777795
12210.0 8481948.270950004 4.2777777777777795
12225.0 8502079.041224997 4.2777777777777795
12240.0 8522218.443200001 4.2777777777777795
12255.0 8458097.987762501 4.291666666666668
12270.0 8393951.308050003 4.305555555555555
12285.0 8329778.404062501 4.319444444444444
12300.0 8265579.275799996 4.333333333333332
12315.0 8203530.647812499 4.333333333333332
12330.0 8141420.829849997 4.333333333333332
12345.0 8079249.821912499 4.333333333333332
12360.0 8017017.623999994 4.333333333333332
12375.0 8035893.780337496 4.34722222222222
12390.0 8054769.936674995 4.361111111111108
12405.0 8073646.093012495 4.375
12420.0 8092522.249349995 4.388888888888888
12435.0 8111398.405687494 4.388888888888888
12450.0 8130274.562024994 4.388888888888888
12465.0 8149150.718362495 4.388888888888888
12480.0 8168026.874699993 4.388888888888888
12495.0 8206140.182624996 4.388888888888888
12510.0 8244333.260624996 4.388888888888888
12525.0 8282606.108699997 4.388888888888888
12540.0 8320958.7268499965 4.388888888888888
12555.0 8351699.772040622 4.388888888888888
12570.0 8382474.054762496 4.388888888888888
12585.0 8413281.57501562 4.388888888888888
12600.0 8444122.332799995 4.388888888888888
12615.0 8467486.150199996 4.388888888888888
12630.0 8490849.967599995 4.388888888888888
12645.0 8514213.784999996 4.388888888888888
12660.0 8537577.602399996 4.388888888888888
12675.0 8551948.834274998 4.388888888888888
12690.0 8566270.982499994 4.388888888888888
12705.0 8580544.047074996 4.388888888888888
12720.0 8594768.027999995 4.388888888888888
12735.0 8534960.95832187 4.388888888888888
12750.0 8475112.604612494 4.388888888888888
12765.0 8415222.966871876 4.388888888888888
12780.0 8355292.045099999 4.388888888888888
12795.0 8294227.846953122 4.388888888888888
12810.0 8233138.878387502 4.388888888888888
12825.0 8172025.139403126 4.388888888888888
12840.0 8110886.629999999 4.388888888888888
12855.0 8114569.732499998 4.388888888888888
12870.0 8118252.835 4.388888888888888
12885.0 8121935.937499998 4.388888888888888
12900.0 8125619.039999998 4.388888888888888
12915.0 8129302.142499998 4.388888888888888
12930.0 8132985.244999998 4.388888888888888
12945.0 8136668.3475 4.388888888888888
12960.0 8140351.449999999 4.388888888888888
12975.0 8201857.794178126 4.388888888888888
12990.0 8263507.8689625 4.388888888888888
13005.0 8325301.674353123 4.388888888888888
13020.0 8387239.210349998 4.388888888888888
13035.0 8437179.0628125 4.388888888888888
13050.0 8487118.915275 4.388888888888888
13065.0 8537058.767737499 4.388888888888888
13080.0 8586998.620199999 4.388888888888888
13095.0 8593359.049275002 4.388888888888888
13110.0 8599719.478349999 4.388888888888888
13125.0 8606079.907424998 4.388888888888888
13140.0 8612440.336499998 4.388888888888888
13155.0 8618800.765575 4.388888888888888
13170.0 8625161.19465 4.388888888888888
13185.0 8631521.623724999 4.388888888888888
13200.0 8637882.052799998 4.388888888888888
13215.0 8609128.127359373 4.388888888888888
13230.0 8580366.384012498 4.388888888888888
13245.0 8551596.822759377 4.388888888888888
13260.0 8522819.4436 4.388888888888888
13275.0 8495144.722968746 4.388888888888888
13290.0 8467454.366524996 4.388888888888888
13305.0 8439748.374268748 4.388888888888888
13320.0 8412026.746199999 4.388888888888888
13335.0 8382488.42645156 4.388888888888888
13350.0 8352999.5515312515 4.388888888888888
13365.0 8323560.121439065 4.388888888888888
13380.0 8294170.136175 4.388888888888888
13395.0 8271351.457720313 4.388888888888888
13410.0 8248553.969906247 4.388888888888888
13425.0 8225777.672732813 4.388888888888888
13440.0 8203022.566199999 4.388888888888888
13455.0 8185606.337562503 4.388888888888888
13470.0 8168208.615874997 4.388888888888888
13485.0 8150829.401137499 4.388888888888888
13500.0 8133468.69335 4.388888888888888
13515.0 8122571.2726812465 4.388888888888888
13530.0 8111678.478749997 4.388888888888888
13545.0 8100790.311556245 4.388888888888888
13560.0 8089906.771099998 4.388888888888888
13575.0 8133337.892006246 4.388888888888888
13590.0 8176642.445124999 4.388888888888888
13605.0 8219820.430456246 4.388888888888888
13620.0 8262871.848000001 4.388888888888888
13635.0 8309114.150837498 4.388888888888888
13650.0 8355272.075149998 4.388888888888888
13665.0 8401345.620937504 4.388888888888888
13680.0 8447334.7882 4.388888888888888
13695.0 8449836.554775 4.388888888888888
13710.0 8452338.32135 4.388888888888888
13725.0 8454840.087925 4.388888888888888
13740.0 8457341.854500001 4.388888888888888
13755.0 8440657.743065625 4.388888888888888
13770.0 8423962.284237498 4.388888888888888
13785.0 8407255.478015626 4.388888888888888
13800.0 8390537.324400002 4.388888888888888
13815.0 8307916.486460943 4.388888888888888
13830.0 8225672.924218749 4.388888888888888
13845.0 8143806.637673438 4.388888888888888
13860.0 8062317.626825003 4.388888888888888
13875.0 7982299.881926563 4.388888888888888
13890.0 7902645.175906252 4.388888888888888
13905.0 7823353.50876406 4.388888888888888
13920.0 7744424.8805 4.388888888888888
13935.0 7754890.707024996 4.388888888888888
13950.0 7765361.142 4.388888888888888
13965.0 7775836.185425005 4.388888888888888
13980.0 7786315.837300001 4.388888888888888
13995.0 7797878.493212496 4.388888888888888
14010.0 7809448.0617999965 4.388888888888888
14025.0 7821024.5430625 4.388888888888888
14040.0 7832607.936999996 4.388888888888888
14055.0 7884608.626124997 4.388888888888888
14070.0 7936609.315249998 4.388888888888888
14085.0 7988610.004374996 4.388888888888888
14100.0 8040610.693499995 4.388888888888888
14115.0 8092611.382624997 4.375
14130.0 8144612.071749996 4.361111111111108
14145.0 8196612.760874997 4.34722222222222
14160.0 8248613.449999998 4.333333333333332
14175.0 8165096.837734371 4.333333333333332
14190.0 8081856.046687495 4.333333333333332
14205.0 7998891.076859374 4.333333333333332
14220.0 7916201.928249996 4.333333333333332
14235.0 7833788.600859372 4.333333333333332
14250.0 7751651.0946875 4.333333333333332
14265.0 7669789.409734373 4.333333333333332
14280.0 7588203.545999999 4.333333333333332
14295.0 7644002.603737499 4.333333333333332
14310.0 7699986.32865 4.333333333333332
14325.0 7756154.7207375 4.333333333333332
14340.0 7812507.780000001 4.333333333333332
14355.0 7869045.506437497 4.333333333333332
14370.0 7925767.9000499975 4.333333333333332
14385.0 7982674.960837496 4.333333333333332
14400.0 8039766.688799997 4.333333333333332
14415.0 8124470.431842188 4.333333333333332
14430.0 8209262.343493747 4.333333333333332
14445.0 8294142.423754684 4.333333333333332
14460.0 8379110.672624999 4.333333333333332
14475.0 8459727.744617183 4.333333333333332
14490.0 8540428.120743744 4.333333333333332
14505.0 8621211.801004682 4.333333333333332
14520.0 8702078.785399996 4.333333333333332
14535.0 8732846.390898436 4.333333333333332
14550.0 8763547.434468746 4.333333333333332
14565.0 8794181.916110933 4.333333333333332
14580.0 8824749.835825002 4.333333333333332
14595.0 8853037.519167189 4.333333333333332
14610.0 8881262.49924375 4.333333333333332
14625.0 8909424.776054686 4.333333333333332
14640.0 8937524.3496 4.333333333333332
14655.0 9019344.677371878 4.333333333333332
14670.0 9101187.032437498 4.333333333333332
14685.0 9183051.414796874 4.333333333333332
14700.0 9264937.824449996 4.333333333333332
14715.0 9346846.261396874 4.34722222222222
14730.0 9428776.725637501 4.361111111111108
14745.0 9510729.21717187 4.375
14760.0 9592703.735999996 4.388888888888888
14775.0 9539795.088501563 4.402777777777776
14790.0 9487009.877056245 4.416666666666668
14805.0 9434348.101664059 4.430555555555556
14820.0 9381809.762324998 4.444444444444445
14835.0 9329394.859039063 4.444444444444445
14850.0 9277103.391806252 4.444444444444445
14865.0 9224935.360626562 4.444444444444445
14880.0 9172890.765500002 4.444444444444445
14895.0 9174768.096243754 4.444444444444445
14910.0 9176477.639174998 4.444444444444445
14925.0 9178019.394293748 4.444444444444445
14940.0 9179393.361600002 4.444444444444445
14955.0 9186038.929375002 4.444444444444445
14970.0 9192550.266900005 4.444444444444445
14985.0 9198927.374174997 4.444444444444445
15000.0 9205170.251199998 4.444444444444445
15015.0 9213756.3056 4.444444444444445
15030.0 9222342.36 4.444444444444445
15045.0 9230928.414400002 4.444444444444445
15060.0 9239514.4688 4.444444444444445
15075.0 9248100.523199998 4.444444444444445
15090.0 9256686.5776 4.444444444444445
15105.0 9265272.632 4.444444444444445
15120.0 9273858.6864 4.444444444444445
15135.0 9258372.758249998 4.444444444444445
15150.0 9242886.8301 4.444444444444445
15165.0 9227400.901950002 4.444444444444445
15180.0 9211914.9738 4.444444444444445
15195.0 9199747.458825001 4.430555555555556
15210.0 9187579.943850001 4.416666666666668
15225.0 9175412.428875 4.402777777777776
15240.0 9163244.913900001 4.388888888888888
15255.0 9208287.314428126 4.388888888888888
15270.0 9253430.031037502 4.388888888888888
15285.0 9298673.063728126 4.388888888888888
15300.0 9344016.412500001 4.388888888888888
15315.0 9389460.077353124 4.388888888888888
15330.0 9435004.058287498 4.388888888888888
15345.0 9480648.355303125 4.388888888888888
15360.0 9526392.968399998 4.388888888888888
15375.0 9484825.243162498 4.388888888888888
15390.0 9443331.253125004 4.388888888888888
15405.0 9401910.9982875 4.388888888888888
15420.0 9360564.47865 4.388888888888888
15435.0 9319291.694212496 4.388888888888888
15450.0 9278092.644974994 4.388888888888888
15465.0 9236967.330937497 4.388888888888888
15480.0 9195915.752099998 4.388888888888888
15495.0 9157927.768412493 4.402777777777776
15510.0 9119983.2724 4.416666666666668
15525.0 9082082.264062496 4.430555555555556
15540.0 9044224.743399993 4.444444444444445
15555.0 9024931.211449997 4.444444444444445
15570.0 9005655.674399996 4.444444444444445
15585.0 8986398.132250004 4.444444444444445
15600.0 8967158.584999999 4.444444444444445
15615.0 9004294.151737498 4.458333333333332
15630.0 9041505.4653 4.4722222222222205
15645.0 9078792.525687495 4.4861111111111125
15660.0 9116155.332899997 4.500000000000001
15675.0 9141525.142749999 4.500000000000001
15690.0 9166926.845999995 4.500000000000001
15705.0 9192360.442649996 4.500000000000001
15720.0 9217825.932699995 4.500000000000001
15735.0 9225438.744637497 4.500000000000001
15750.0 9233052.982999997 4.500000000000001
15765.0 9240668.647787496 4.500000000000001
15780.0 9248285.738999996 4.500000000000001
15795.0 9249281.859124996 4.513888888888889
15810.0 9250277.979249997 4.527777777777781
15825.0 9251274.099374996 4.541666666666669
15840.0 9252270.219499998 4.555555555555557
15855.0 9278474.981737494 4.555555555555557
15870.0 9304712.880924998 4.555555555555557
15885.0 9330983.917062499 4.555555555555557
15900.0 9357288.090150002 4.555555555555557
15915.0 9383625.4001875 4.555555555555557
15930.0 9409995.847174998 4.555555555555557
15945.0 9436399.431112505 4.555555555555557
15960.0 9462836.152 4.555555555555557
15975.0 9420821.983168753 4.541666666666669
15990.0 9378901.135449998 4.527777777777781
16005.0 9337073.608843751 4.513888888888889
16020.0 9295339.403350007 4.500000000000001
16035.0 9253698.518968754 4.500000000000001
16050.0 9212150.955700003 4.500000000000001
16065.0 9170696.713543754 4.500000000000001
16080.0 9129335.792500002 4.500000000000001
16095.0 9029812.380651563 4.500000000000001
16110.0 8930824.385656253 4.500000000000001
16125.0 8832371.807514066 4.500000000000001
16140.0 8734454.646225002 4.500000000000001
16155.0 8649960.048176562 4.4861111111111125
16170.0 8565876.109656252 4.4722222222222205
16185.0 8482202.830664067 4.458333333333332
16200.0 8398940.2112 4.444444444444445
16215.0 8430928.201007817 4.444444444444445
16230.0 8462920.15463125 4.444444444444445
16245.0 8494916.072070308 4.444444444444445
16260.0 8526915.953324998 4.444444444444445
16275.0 8557841.64511719 4.444444444444445
16290.0 8588763.373093748 4.444444444444445
16305.0 8619681.137254681 4.444444444444445
16320.0 8650594.937599998 4.444444444444445
16335.0 8668471.325456249 4.444444444444445
16350.0 8686364.007474998 4.444444444444445
16365.0 8704272.98365625 4.444444444444445
16380.0 8722198.253999997 4.444444444444445
16395.0 8728108.591124997 4.444444444444445
16410.0 8734018.928249994 4.444444444444445
16425.0 8739929.265374998 4.444444444444445
16440.0 8745839.6025 4.444444444444445
16455.0 8778127.555312498 4.444444444444445
16470.0 8810415.508124998 4.444444444444445
16485.0 8842703.460937496 4.444444444444445
16500.0 8874991.413749998 4.444444444444445
16515.0 8900582.164031247 4.430555555555556
16530.0 8926124.360999996 4.416666666666668
16545.0 8951618.00465625 4.402777777777776
16560.0 8977063.094999999 4.388888888888888
16575.0 8913827.644837499 4.402777777777776
16590.0 8850810.986324998 4.416666666666668
16605.0 8788013.1194625 4.430555555555556
16620.0 8725434.044249998 4.444444444444445
16635.0 8656440.472968748 4.444444444444445
16650.0 8587720.391250001 4.444444444444445
16665.0 8519273.799093748 4.444444444444445
16680.0 8451100.696499996 4.444444444444445
16695.0 8389832.332131246 4.444444444444445
16710.0 8328784.496724997 4.444444444444445
16725.0 8267957.190281249 4.444444444444445
16740.0 8207350.412799999 4.444444444444445
16755.0 8167371.853025 4.444444444444445
16770.0 8127478.659299998 4.444444444444445
16785.0 8087670.831624996 4.444444444444445
16800.0 8047948.369999996 4.444444444444445
16815.0 8048015.553703119 4.458333333333332
16830.0 8047933.209662493 4.4722222222222205
16845.0 8047701.337878125 4.4861111111111125
16860.0 8047319.938349999 4.500000000000001
16875.0 8053267.037921872 4.500000000000001
16890.0 8059103.616987501 4.500000000000001
16905.0 8064829.675546874 4.500000000000001
16920.0 8070445.213599997 4.500000000000001
16935.0 8101149.514631246 4.4861111111111125
16950.0 8131892.932624998 4.4722222222222205
16965.0 8162675.467581246 4.458333333333332
16980.0 8193497.119499994 4.444444444444445
16995.0 8217723.558274995 4.458333333333332
17010.0 8241949.997049994 4.4722222222222205
17025.0 8266176.435824995 4.4861111111111125
17040.0 8290402.874599995 4.500000000000001
17055.0 8319624.105099996 4.4861111111111125
17070.0 8348845.335599995 4.4722222222222205
17085.0 8378066.566099995 4.458333333333332
17100.0 8407287.796599995 4.444444444444445
17115.0 8421751.947262496 4.416666666666668
17130.0 8436113.870799996 4.388888888888888
17145.0 8450373.567212498 4.361111111111108
17160.0 8464531.036499998 4.333333333333332
17175.0 8402774.743343746 4.333333333333332
17190.0 8341192.163149998 4.333333333333332
17205.0 8279783.29591875 4.333333333333332
17220.0 8218548.141649998 4.333333333333332
17235.0 8173109.793887496 4.333333333333332
17250.0 8127671.446124997 4.333333333333332
17265.0 8082233.098362497 4.333333333333332
17280.0 8036794.750599995 4.333333333333332
17295.0 8012317.645062496 4.319444444444444
17310.0 7987840.539524996 4.305555555555555
17325.0 7963363.433987496 4.291666666666668
17340.0 7938886.328449996 4.2777777777777795
17355.0 7929537.804168748 4.291666666666668
17370.0 7920095.702749997 4.305555555555555
17385.0 7910560.024193744 4.319444444444444
17400.0 7900930.7684999965 4.333333333333332
17415.0 7957995.321237496 4.34722222222222
17430.0 8015256.793774999 4.361111111111108
17445.0 8072715.186112498 4.375
17460.0 8130370.498249997 4.388888888888888
17475.0 8179534.960712497 4.402777777777776
17490.0 8228847.113024995 4.416666666666668
17505.0 8278306.9551874995 4.430555555555556
17520.0 8327914.487199996 4.444444444444445
17535.0 8378802.162499998 4.430555555555556
17550.0 8429843.452799998 4.416666666666668
17565.0 8481038.358099993 4.402777777777776
17580.0 8532386.878399996 4.388888888888888
17595.0 8560505.738399995 4.388888888888888
17610.0 8588624.598399997 4.388888888888888
17625.0 8616743.458399994 4.388888888888888
17640.0 8644862.318399996 4.388888888888888
17655.0 8633113.001974996 4.388888888888888
17670.0 8621214.240099996 4.388888888888888
17685.0 8609166.032774996 4.388888888888888
17700.0 8596968.379999999 4.388888888888888
17715.0 8558132.350074993 4.388888888888888
17730.0 8519346.135299997 4.388888888888888
17745.0 8480609.735674994 4.388888888888888
17760.0 8441923.151199998 4.388888888888888
17775.0 8394398.533434374 4.388888888888888
17790.0 8347001.534987496 4.388888888888888
17805.0 8299732.155859371 4.388888888888888
17820.0 8252590.396049998 4.388888888888888
17835.0 8209866.192171872 4.375
17850.0 8167239.579537496 4.361111111111108
17865.0 8124710.558146869 4.34722222222222
17880.0 8082279.127999995 4.333333333333332
17895.0 8109786.453999996 4.333333333333332
17910.0 8137293.779999997 4.333333333333332
17925.0 8164801.105999995 4.333333333333332
17940.0 8192308.431999996 4.333333333333332
17955.0 8219815.757999997 4.319444444444444
17970.0 8247323.083999995 4.305555555555555
17985.0 8274830.409999996 4.291666666666668
18000.0 8302337.735999995 4.2777777777777795
18015.0 8333570.737799996 4.291666666666668
18030.0 8364803.739599996 4.305555555555555
18045.0 8396036.741399996 4.319444444444444
18060.0 8427269.743199997 4.333333333333332
18075.0 8452949.631328119 4.333333333333332
18090.0 8478588.509737495 4.333333333333332
18105.0 8504186.378428124 4.333333333333332
18120.0 8529743.237399995 4.333333333333332
18135.0 8497695.554906249 4.319444444444444
18150.0 8465708.166299995 4.305555555555555
18165.0 8433781.071581248 4.291666666666668
18180.0 8401914.270749995 4.2777777777777795
18195.0 8373444.2404593695 4.2777777777777795
18210.0 8345021.583937496 4.2777777777777795
18225.0 8316646.301184373 4.2777777777777795
18240.0 8288318.392199997 4.2777777777777795
18255.0 8268012.871146873 4.291666666666668
18270.0 8247730.840387498 4.305555555555555
18285.0 8227472.299921872 4.319444444444444
18300.0 8207237.249749997 4.333333333333332
18315.0 8202388.021953121 4.319444444444444
18330.0 8197515.303862499 4.305555555555555
18345.0 8192619.095478122 4.291666666666668
18360.0 8187699.396799998 4.2777777777777795
18375.0 8210561.00744687 4.263888888888891
18390.0 8233307.050237495 4.2500000000000036
18405.0 8255937.525171872 4.236111111111111
18420.0 8278452.432249997 4.222222222222223
18435.0 8298684.730153122 4.222222222222223
18450.0 8318808.464312496 4.222222222222223
18465.0 8338823.6347281225 4.222222222222223
18480.0 8358730.241399997 4.222222222222223
18495.0 8370591.184724995 4.222222222222223
18510.0 8382452.1280499995 4.222222222222223
18525.0 8394313.071374997 4.222222222222223
18540.0 8406174.014699996 4.222222222222223
18555.0 8405095.747125002 4.236111111111111
18570.0 8404017.479549997 4.2500000000000036
18585.0 8402939.211975 4.263888888888891
18600.0 8401860.944400001 4.2777777777777795
18615.0 8445912.167000003 4.2777777777777795
18630.0 8490059.0698 4.2777777777777795
18645.0 8534301.652800001 4.2777777777777795
18660.0 8578639.916000001 4.2777777777777795
18675.0 8624172.060349999 4.263888888888891
18690.0 8669807.858250001 4.2500000000000036
18705.0 8715547.309700001 4.236111111111111
18720.0 8761390.414700001 4.222222222222223
18735.0 8787156.34551563 4.222222222222223
18750.0 8812953.3559375 4.222222222222223
18765.0 8838781.445965625 4.222222222222223
18780.0 8864640.615599997 4.222222222222223
18795.0 8883841.644803124 4.208333333333335
18810.0 8903062.4519375 4.194444444444443
18825.0 8922303.037003122 4.1805555555555545
18840.0 8941563.4 4.166666666666667
18855.0 8910223.782074997 4.166666666666667
18870.0 8878929.005100004 4.166666666666667
18885.0 8847679.069075001 4.166666666666667
18900.0 8816473.974 4.166666666666667
18915.0 8778691.624106249 4.166666666666667
18930.0 8740987.745874997 4.166666666666667
18945.0 8703362.33930625 4.166666666666667
18960.0 8665815.404399998 4.166666666666667
18975.0 8630604.1215625 4.152777777777779
18990.0 8595459.8807 4.13888888888889
19005.0 8560382.681812499 4.124999999999998
19020.0 8525372.524899999 4.111111111111111
19035.0 8490429.409962498 4.111111111111111
19050.0 8455553.336999997 4.111111111111111
19065.0 8420744.306012498 4.111111111111111
19080.0 8386002.316999998 4.111111111111111
19095.0 8399938.489249997 4.097222222222222
19110.0 8413874.6615 4.08333333333333
19125.0 8427810.83375 4.069444444444442
19140.0 8441747.006 4.055555555555554
19155.0 8455683.178249998 4.055555555555554
19170.0 8469619.350499999 4.055555555555554
19185.0 8483555.52275 4.055555555555554
19200.0 8497491.694999998 4.055555555555554
19215.0 8525883.550800001 4.055555555555554
19230.0 8554199.403749995 4.055555555555554
19245.0 8582439.253849998 4.055555555555554
19260.0 8610603.101099998 4.055555555555554
19275.0 8638690.945500001 4.055555555555554
19290.0 8666702.787050003 4.055555555555554
19305.0 8694638.625749998 4.055555555555554
19320.0 8722498.4616 4.055555555555554
19335.0 8691283.491274998 4.069444444444442
19350.0 8660120.0917 4.08333333333333
19365.0 8629008.262874998 4.097222222222222
19380.0 8597948.004799997 4.111111111111111
19395.0 8560265.5138 4.111111111111111
19410.0 8522665.535999997 4.111111111111111
19425.0 8485148.0714 4.111111111111111
19440.0 8447713.119999997 4.111111111111111
19455.0 8398338.895340621 4.124999999999998
19470.0 8348892.937962498 4.13888888888889
19485.0 8299375.247865624 4.152777777777779
19500.0 8249785.825049996 4.166666666666667
19515.0 8201193.368156248 4.166666666666667
19530.0 8152514.831999998 4.166666666666667
19545.0 8103750.216581249 4.166666666666667
19560.0 8054899.521899998 4.166666666666667
19575.0 8102107.688193749 4.166666666666667
19590.0 8149438.472174996 4.166666666666667
19605.0 8196891.873843746 4.166666666666667
19620.0 8244467.893199999 4.166666666666667
19635.0 8293234.145349996 4.166666666666667
19650.0 8342131.189699997 4.166666666666667
19665.0 8391159.026249997 4.166666666666667
19680.0 8440317.654999996 4.166666666666667
19695.0 8498057.78227656 4.166666666666667
19710.0 8555858.765781248 4.166666666666667
19725.0 8613720.605514064 4.166666666666667
19740.0 8671643.301475001 4.166666666666667
19755.0 8716262.622976562 4.152777777777779
19770.0 8760780.517431252 4.13888888888889
19785.0 8805196.984839061 4.124999999999998
19800.0 8849512.025200002 4.111111111111111
19815.0 8825203.320106253 4.111111111111111
19830.0 8800921.5525 4.111111111111111
19845.0 8776666.722381251 4.111111111111111
19860.0 8752438.829750001 4.111111111111111
19875.0 8728237.87460625 4.111111111111111
19890.0 8704063.856950002 4.111111111111111
19905.0 8679916.77678125 4.111111111111111
19920.0 8655796.6341 4.111111111111111
19935.0 8610640.11271406 4.124999999999998
19950.0 8565439.33100625 4.13888888888889
19965.0 8520194.288976567 4.152777777777779
19980.0 8474904.986625 4.166666666666667
19995.0 8424149.431654688 4.166666666666667
20010.0 8373412.845393752 4.166666666666667
20025.0 8322695.22784219 4.166666666666667
20040.0 8271996.579000001 4.166666666666667
20055.0 8429033.371412504 4.152777777777779
20070.0 8585728.626474999 4.13888888888889
20085.0 8742082.3441875 4.124999999999998
20100.0 8898094.52455 4.111111111111111
20115.0 9060798.128593752 4.124999999999998
20130.0 9223416.348300006 4.13888888888889
20145.0 9385949.183668746 4.152777777777779
20160.0 9548396.6347 4.166666666666667
20175.0 9692978.553792188 4.152777777777779
20190.0 9836706.579218753 4.13888888888889
20205.0 9979580.710979693 4.124999999999998
20220.0 10121600.949074997 4.111111111111111
20235.0 10227779.822235934 4.111111111111111
20250.0 10331966.276843749 4.111111111111111
20265.0 10434160.312898437 4.111111111111111
20280.0 10534361.930400003 4.111111111111111
20295.0 10646662.011562496 4.111111111111111
20310.0 10759190.284150003 4.111111111111111
20325.0 10871946.7481625 4.111111111111111
20340.0 10984931.403600007 4.111111111111111
20355.0 11086316.4806625 4.111111111111111
20370.0 11187714.98075 4.111111111111111
20385.0 11289126.903862504 4.111111111111111
20400.0 11390552.249999998 4.111111111111111
20415.0 12049080.004500002 4.111111111111111
20430.0 12711099.5011 4.111111111111111
20445.0 13376610.739800002 4.111111111111111
20460.0 14045613.720599992 4.111111111111111
20475.0 14725808.212499999 4.111111111111111
20490.0 15409536.873500003 4.111111111111111
20505.0 16096799.703599997 4.111111111111111
20520.0 16787596.702800002 4.111111111111111
20535.0 17559490.706570316 4.111111111111111
20550.0 18330365.232506257 4.111111111111111
20565.0 19100220.28060782 4.111111111111111
20580.0 19869055.850875 4.111111111111111
20595.0 20636871.943307802 4.111111111111111
20610.0 21403668.557906248 4.111111111111111
20625.0 22169445.694670312 4.111111111111111
20640.0 22934203.353600003 4.111111111111111
20655.0 23030504.41879687 4.111111111111111
20670.0 23126702.5345125 4.111111111111111
20685.0 23222797.700746875 4.111111111111111
20700.0 23318789.9175 4.111111111111111
20715.0 23451660.67932187 4.111111111111111
20730.0 23584392.9407625 4.111111111111111
20745.0 23716986.70182188 4.111111111111111
20760.0 23849441.9625 4.111111111111111
20775.0 23987415.874056254 4.111111111111111
20790.0 24125784.923625 4.111111111111111
20805.0 24264549.111206252 4.111111111111111
20820.0 24403708.436800003 4.111111111111111
20835.0 24574518.24953125 4.111111111111111
20850.0 24745915.950525 4.111111111111111
20865.0 24917901.539781254 4.111111111111111
20880.0 25090475.0173 4.111111111111111
20895.0 24917027.15954375 4.097222222222222
20910.0 24740255.3475 4.08333333333333
20925.0 24560159.581168752 4.069444444444442
20940.0 24376739.860549998 4.055555555555554
20955.0 24108563.342565626 4.041666666666666
20970.0 23839188.6550125 4.027777777777778
20985.0 23568615.797890622 4.013888888888889
21000.0 23296844.771199994 4.000000000000002
21015.0 22555563.39779531 4.000000000000002
21030.0 21812549.663231242 4.000000000000002
21045.0 21067803.56750781 4.000000000000002
21060.0 20321325.110625 4.000000000000002
21075.0 19567171.70087968 3.9861111111111134
21090.0 18811754.135693748 3.9722222222222254
21105.0 18055072.41506719 3.9583333333333335
21120.0 17297126.539 3.944444444444445
21135.0 17543742.537956253 3.930555555555557
21150.0 17790504.745475 3.916666666666665
21165.0 18037413.161556248 3.902777777777777
21180.0 18284467.786199994 3.888888888888889
21195.0 18538395.584843747 3.875000000000001
21210.0 18792645.042324997 3.8611111111111125
21225.0 19047216.158643745 3.8472222222222205
21240.0 19302108.933799997 3.8333333333333326
21255.0 19014980.4989375 3.8194444444444446
21270.0 18725776.944875002 3.8055555555555522
21285.0 18434498.271612495 3.7916666666666643
21300.0 18141144.479149994 3.7777777777777763
21315.0 17827976.8753625 3.763888888888888
21330.0 17512628.816375 3.75
21345.0 17195100.3021875 3.736111111111112
21360.0 16875391.332799997 3.7222222222222237
21375.0 16799367.232725 3.7222222222222237
21390.0 16700632.25215 3.7222222222222237
21405.0 16579186.391075002 3.7222222222222237
21420.0 16435029.649500005 3.7222222222222237
21435.0 16282867.408499999 3.7083333333333357
21450.0 16108626.741900004 3.6944444444444478
21465.0 15912307.649699999 3.6805555555555554
21480.0 15693910.131900003 3.6666666666666674
21495.0 15446590.777406259 3.6666666666666674
21510.0 15190229.918325 3.6666666666666674
21525.0 14924827.55465625 3.6666666666666674
21540.0 14650383.686400006 3.6666666666666674
21555.0 14408919.952831246 3.6666666666666674
21570.0 14159284.687625002 3.6666666666666674
21585.0 13901477.890781246 3.6666666666666674
21600.0 13635499.5623 3.6666666666666674
21615.0 14317501.59984375 3.6527777777777795
21630.0 15003347.980774995 3.6388888888888875
21645.0 15693038.705093754 3.624999999999999
21660.0 16386573.772800002 3.611111111111111
21675.0 17072958.638312496 3.597222222222223
21690.0 17763122.688850004 3.583333333333335
21705.0 18457065.924412504 3.569444444444443
21720.0 19154788.345 3.555555555555555
21735.0 20015868.22547812 3.555555555555555
21750.0 20877744.297987502 3.555555555555555
21765.0 21740416.56252813 3.555555555555555
21780.0 22603885.019100007 3.555555555555555
21795.0 23463384.722421877 3.5416666666666665
21810.0 24323676.173912507 3.5277777777777746
21825.0 25184759.37357188 3.5138888888888866
21840.0 26046634.321399998 3.4999999999999982
21855.0 26124296.245403126 3.4999999999999982
21870.0 26199521.862937503 3.4999999999999982
21885.0 26272311.17400312 3.4999999999999982
21900.0 26342664.1786 3.4999999999999982
21915.0 26421409.006059367 3.4999999999999982
21930.0 26497595.27511249 3.4999999999999982
21945.0 26571222.985759374 3.4999999999999982
21960.0 26642292.137999997 3.4999999999999982
21975.0 26608515.962153126 3.4861111111111103
21990.0 26574254.207462497 3.4722222222222223
22005.0 26539506.873928122 3.458333333333334
22020.0 26504273.961549997 3.444444444444446
22035.0 26456615.89075312 3.444444444444446
22050.0 26408562.5813625 3.444444444444446
22065.0 26360114.033378128 3.444444444444446
22080.0 26311270.2468 3.444444444444446
22095.0 26272970.132062495 3.430555555555558
22110.0 26234655.64335 3.4166666666666696
22125.0 26196326.780662496 3.4027777777777777
22140.0 26157983.543999992 3.3888888888888897
22155.0 26100600.038974997 3.3888888888888897
22170.0 26043264.447199997 3.3888888888888897
22185.0 25985976.768675 3.3888888888888897
22200.0 25928737.003399998 3.3888888888888897
22215.0 25910015.541024998 3.3888888888888897
22230.0 25891294.078649998 3.3888888888888897
22245.0 25872572.616274998 3.3888888888888897
22260.0 25853851.153899997 3.3888888888888897
22275.0 25816265.57750625 3.3888888888888897
22290.0 25778707.340924997 3.3888888888888897
22305.0 25741176.444156244 3.3888888888888897
22320.0 25703672.887199998 3.3888888888888897
22335.0 25708016.680500004 3.4027777777777777
22350.0 25712360.473800004 3.4166666666666696
22365.0 25716704.267099995 3.430555555555558
22380.0 25721048.060399994 3.444444444444446
22395.0 25709464.6116 3.458333333333334
22410.0 25697881.162799995 3.4722222222222223
22425.0 25686297.713999998 3.4861111111111103
22440.0 25674714.2652 3.4999999999999982
22455.0 25679648.337853123 3.4999999999999982
22470.0 25684582.8036875 3.4999999999999982
22485.0 25689517.662703115 3.4999999999999982
22500.0 25694452.91489999 3.4999999999999982
22515.0 25696490.73217187 3.5138888888888866
22530.0 25698528.1562625 3.5277777777777746
22545.0 25700565.18717187 3.5416666666666665
22560.0 25702601.824899994 3.555555555555555
22575.0 25672493.34890624 3.5416666666666665
22590.0 25642401.788849995 3.5277777777777746
22605.0 25612327.14473125 3.5138888888888866
22620.0 25582269.416549996 3.4999999999999982
22635.0 25576812.655143738 3.4999999999999982
22650.0 25571349.803999998 3.4999999999999982
22665.0 25565880.863118753 3.4999999999999982
22680.0 25560405.832499996 3.4999999999999982
22695.0 25587110.154375 3.4861111111111103
22710.0 25613814.47625 3.4722222222222223
22725.0 25640518.798124995 3.458333333333334
22740.0 25667223.119999997 3.444444444444446
22755.0 25693927.441875 3.458333333333334
22770.0 25720631.76375 3.4722222222222223
22785.0 25747336.085624997 3.4861111111111103
22800.0 25774040.4075 3.4999999999999982
22815.0 25832084.617040623 3.4861111111111103
22830.0 25890186.240187492 3.4722222222222223
22845.0 25948345.27694063 3.458333333333334
22860.0 26006561.727299996 3.444444444444446
22875.0 26067769.994371876 3.444444444444446
22890.0 26129044.507912498 3.444444444444446
22905.0 26190385.267921872 3.444444444444446
22920.0 26251792.274399996 3.444444444444446
22935.0 26251792.274399996 3.444444444444446
22950.0 26251792.274399996 3.444444444444446
22965.0 26251792.274399996 3.444444444444446
22980.0 26251792.274399996 3.444444444444446
22995.0 26251792.274399996 3.444444444444446
23010.0 26251792.274399996 3.444444444444446
23025.0 26251792.274399996 3.444444444444446
23040.0 26251792.274399996 3.444444444444446
23055.0 26248345.4464 3.458333333333334
23070.0 26244840.098399997 3.4722222222222223
23085.0 26241276.230399992 3.4861111111111103
23100.0 26237653.842399996 3.4999999999999982
23115.0 26216199.239999995 3.4999999999999982
23130.0 26194651.005599998 3.4999999999999982
23145.0 26173009.13919999 3.4999999999999982
23160.0 26151273.6408 3.4999999999999982
23175.0 26082575.307490624 3.4861111111111103
23190.0 26013934.8266875 3.4722222222222223
23205.0 25945352.198390625 3.458333333333334
23220.0 25876827.422599997 3.444444444444446
23235.0 25812805.363056246 3.430555555555558
23250.0 25748836.465274997 3.4166666666666696
23265.0 25684920.729256254 3.4027777777777777
23280.0 25621058.154999997 3.3888888888888897
23295.0 25610926.994296875 3.3888888888888897
23310.0 25600782.163687497 3.3888888888888897
23325.0 25590623.663171872 3.3888888888888897
23340.0 25580451.49275 3.3888888888888897
23355.0 25564338.033609375 3.3888888888888897
23370.0 25548206.698437497 3.3888888888888897
23385.0 25532057.487234373 3.3888888888888897
23400.0 25515890.399999995 3.3888888888888897
23415.0 25507701.78326562 3.3750000000000018
23430.0 25499488.61556249 3.3611111111111094
23445.0 25491250.896890625 3.3472222222222214
23460.0 25482988.62725 3.3333333333333335
23475.0 25497015.414062504 3.3333333333333335
23490.0 25511042.200875 3.3333333333333335
23505.0 25525068.9876875 3.3333333333333335
23520.0 25539095.774499997 3.3333333333333335
23535.0 25642053.668 3.319444444444445
23550.0 25745213.4555 3.305555555555557
23565.0 25848575.137 3.291666666666665
23580.0 25952138.7125 3.277777777777777
23595.0 26054401.5347 3.277777777777777
23610.0 26156861.20355 3.277777777777777
23625.0 26259517.719050005 3.277777777777777
23640.0 26362371.081199996 3.277777777777777
23655.0 26463355.515712503 3.277777777777777
23670.0 26564530.762000006 3.277777777777777
23685.0 26665896.8200625 3.277777777777777
23700.0 26767453.6899 3.277777777777777
23715.0 26843308.484300002 3.277777777777777
23730.0 26919266.420199998 3.277777777777777
23745.0 26995327.497599993 3.277777777777777
23760.0 27071491.716499995 3.277777777777777
23775.0 27097655.92163437 3.277777777777777
23790.0 27123832.351962496 3.277777777777777
23805.0 27150021.007484376 3.277777777777777
23820.0 27176221.8882 3.277777777777777
23835.0 27191688.50475 3.277777777777777
23850.0 27207155.121300004 3.277777777777777
23865.0 27222621.737850003 3.277777777777777
23880.0 27238088.3544 3.277777777777777
23895.0 27189907.009650003 3.291666666666665
23910.0 27141725.664899997 3.305555555555557
23925.0 27093544.32015 3.319444444444445
23940.0 27045362.975400005 3.3333333333333335
23955.0 26931639.692409374 3.3333333333333335
23970.0 26818150.352262497 3.3333333333333335
23985.0 26704894.954959374 3.3333333333333335
24000.0 26591873.500500005 3.3333333333333335
24015.0 26425750.216250002 3.3333333333333335
24030.0 26260121.938049998 3.3333333333333335
24045.0 26094988.6659 3.3333333333333335
24060.0 25930350.399800003 3.3333333333333335
24075.0 25802149.538549997 3.319444444444445
24090.0 25674266.367750004 3.305555555555557
24105.0 25546700.887399994 3.291666666666665
24120.0 25419453.0975 3.277777777777777
24135.0 25316677.59895312 3.263888888888889
24150.0 25214103.8023875 3.249999999999997
24165.0 25111731.707803123 3.236111111111109
24180.0 25009561.315200005 3.2222222222222205
24195.0 24925218.519403122 3.2222222222222205
24210.0 24840992.4984375 3.2222222222222205
24225.0 24756883.25230313 3.2222222222222205
24240.0 24672890.781 3.2222222222222205
24255.0 24694034.8067875 3.2083333333333326
24270.0 24715178.832574997 3.1944444444444446
24285.0 24736322.858362496 3.1805555555555562
24300.0 24757466.88414999 3.1666666666666683
24315.0 24782985.5359625 3.1666666666666683
24330.0 24808504.187774993 3.1666666666666683
24345.0 24834022.839587495 3.1666666666666683
24360.0 24859541.491399996 3.1666666666666683
24375.0 24993217.552428126 3.1666666666666683
24390.0 25127237.372737497 3.1666666666666683
24405.0 25261600.952328127 3.1666666666666683
24420.0 25396308.291199997 3.1666666666666683
24435.0 25513578.34337812 3.1805555555555562
24450.0 25631079.138087496 3.1944444444444446
24465.0 25748810.675328124 3.2083333333333326
24480.0 25866772.9551 3.2222222222222205
24495.0 25971002.588781253 3.2083333333333326
24510.0 26075438.5969 3.1944444444444446
24525.0 26180080.979456242 3.1805555555555562
24540.0 26284929.73645 3.1666666666666683
24555.0 26373344.10239375 3.1666666666666683
24570.0 26461890.412649997 3.1666666666666683
24585.0 26550568.66721875 3.1666666666666683
24600.0 26639378.8661 3.1666666666666683
24615.0 26596736.366199996 3.1527777777777803
24630.0 26554093.866299994 3.138888888888892
24645.0 26511451.366399992 3.125
24660.0 26468808.866499994 3.111111111111112
24675.0 26418551.634474996 3.0972222222222237
24690.0 26368294.402449995 3.0833333333333317
24705.0 26318037.170424994 3.0694444444444438
24720.0 26267779.938399997 3.0555555555555554
24735.0 26187344.472712494 3.0555555555555554
24750.0 26106943.497250002 3.0555555555555554
24765.0 26026577.012012497 3.0555555555555554
24780.0 25946245.016999993 3.0555555555555554
24795.0 25876457.242453128 3.0555555555555554
24810.0 25806643.60023749 3.0555555555555554
24825.0 25736804.090353116 3.0555555555555554
24840.0 25666938.712799996 3.0555555555555554
24855.0 25590159.63614687 3.0694444444444438
24870.0 25513467.2148125 3.0833333333333317
24885.0 25436861.44879687 3.0972222222222237
24900.0 25360342.338099997 3.111111111111112
24915.0 25303043.175025 3.111111111111112
24930.0 25245744.011949994 3.111111111111112
24945.0 25188444.848874994 3.111111111111112
24960.0 25131145.685799997 3.111111111111112
24975.0 25093869.963662498 3.111111111111112
24990.0 25056594.241524994 3.111111111111112
25005.0 25019318.51938749 3.111111111111112
25020.0 24982042.79724999 3.111111111111112
25035.0 24965232.1774625 3.111111111111112
25050.0 24948421.557674997 3.111111111111112
25065.0 24931610.93788749 3.111111111111112
25080.0 24914800.318099994 3.111111111111112
25095.0 24953084.07466875 3.111111111111112
25110.0 24991387.343999997 3.111111111111112
25125.0 25029710.126093753 3.111111111111112
25140.0 25068052.420950003 3.111111111111112
25155.0 25103472.903643742 3.0972222222222237
25170.0 25138905.80354999 3.0833333333333317
25185.0 25174351.120668747 3.0694444444444438
25200.0 25209808.854999993 3.0555555555555554
25215.0 25270185.64888125 3.0555555555555554
25230.0 25330633.526274994 3.0555555555555554
25245.0 25391152.487181254 3.0555555555555554
25260.0 25451742.5316 3.0555555555555554
25275.0 25503501.395968746 3.0555555555555554
25290.0 25555312.800325003 3.0555555555555554
25305.0 25607176.74466875 3.0555555555555554
25320.0 25659093.229000002 3.0555555555555554
25335.0 25720345.820399992 3.0277777777777795
25350.0 25781661.906 2.999999999999999
25365.0 25843041.485799998 2.972222222222219
25380.0 25904484.559799995 2.944444444444443
25395.0 25957027.034399994 2.944444444444443
25410.0 26009619.397299998 2.944444444444443
25425.0 26062261.648499995 2.944444444444443
25440.0 26114953.787999995 2.944444444444443
25455.0 26065768.939546876 2.944444444444443
25470.0 26016628.4291375 2.944444444444443
25485.0 25967532.25677187 2.944444444444443
25500.0 25918480.42244999 2.944444444444443
25515.0 25879895.159868747 2.930555555555555
25530.0 25841330.360999998 2.9166666666666665
25545.0 25802786.02584375 2.9027777777777786
25560.0 25764262.154400006 2.8888888888888906
25575.0 25693805.978585944 2.9027777777777786
25590.0 25623406.462018747 2.9166666666666665
25605.0 25553063.604698442 2.930555555555555
25620.0 25482777.406625 2.944444444444443
25635.0 25412547.867798433 2.944444444444443
25650.0 25342374.98821875 2.944444444444443
25665.0 25272258.767885935 2.944444444444443
25680.0 25202199.2068 2.944444444444443
25695.0 25049527.924093742 2.944444444444443
25710.0 24897298.266224995 2.944444444444443
25725.0 24745510.23319375 2.944444444444443
25740.0 24594163.825 2.944444444444443
25755.0 24464711.7878625 2.944444444444443
25770.0 24335539.805500004 2.944444444444443
25785.0 24206647.877912503 2.944444444444443
25800.0 24078036.005099997 2.944444444444443
25815.0 24056094.758609373 2.944444444444443
25830.0 24034162.665012497 2.944444444444443
25845.0 24012239.72430937 2.944444444444443
25860.0 23990325.936499998 2.944444444444443
25875.0 23959962.107571878 2.944444444444443
25890.0 23929617.4165125 2.944444444444443
25905.0 23899291.863321878 2.944444444444443
25920.0 23868985.448 2.944444444444443
25935.0 23872285.23992812 2.930555555555555
25950.0 23875544.461037498 2.9166666666666665
25965.0 23878763.111328125 2.9027777777777786
25980.0 23881941.1908 2.8888888888888906
25995.0 23887907.428240616 2.8888888888888906
26010.0 23893838.69083749 2.8888888888888906
26025.0 23899734.978590623 2.8888888888888906
26040.0 23905596.291499995 2.8888888888888906
26055.0 23918000.574737493 2.8888888888888906
26070.0 23930404.857974995 2.8888888888888906
26085.0 23942809.141212497 2.8888888888888906
26100.0 23955213.424449995 2.8888888888888906
26115.0 23967617.707687497 2.8888888888888906
26130.0 23980021.990924995 2.8888888888888906
26145.0 23992426.274162494 2.8888888888888906
26160.0 24004830.557399996 2.8888888888888906
26175.0 24032797.247112498 2.8888888888888906
26190.0 24060780.212699994 2.8888888888888906
26205.0 24088779.454162493 2.8888888888888906
26220.0 24116794.971499998 2.8888888888888906
26235.0 24131970.094443753 2.8888888888888906
26250.0 24147146.844975002 2.8888888888888906
26265.0 24162325.223093744 2.8888888888888906
26280.0 24177505.2288 2.8888888888888906
26295.0 23332280.74340625 2.8888888888888906
26310.0 22487991.974525005 2.8888888888888906
26325.0 21644638.92215625 2.8888888888888906
26340.0 20802221.5863 2.8888888888888906
26355.0 19973771.87719375 2.8888888888888906
26370.0 19145174.423374996 2.8888888888888906
26385.0 18316429.22484375 2.8888888888888906
26400.0 17487536.2816 2.8888888888888906
26415.0 17561321.845374998 2.8888888888888906
26430.0 17635155.468700003 2.8888888888888906
26445.0 17709037.151575003 2.8888888888888906
26460.0 17782966.894000005 2.8888888888888906
26475.0 17906623.6589625 2.8888888888888906
26490.0 18030704.94995 2.8888888888888906
26505.0 18155210.766962506 2.8888888888888906
26520.0 18280141.110000003 2.8888888888888906
26535.0 18479044.395109374 2.8888888888888906
26550.0 18677778.6397125 2.8888888888888906
26565.0 18876343.843809374 2.8888888888888906
26580.0 19074740.00740001 2.8888888888888906
26595.0 19250379.41629688 2.8888888888888906
26610.0 19425366.811812505 2.8888888888888906
26625.0 19599702.193946876 2.8888888888888906
26640.0 19773385.5627 2.8888888888888906
26655.0 19400061.437968746 2.8888888888888906
26670.0 19028508.622199997 2.8888888888888906
26685.0 18658727.115393743 2.8888888888888906
26700.0 18290716.917549998 2.8888888888888906
26715.0 17879649.591890626 2.8888888888888906
26730.0 17470605.6958125 2.8888888888888906
26745.0 17063585.229315624 2.8888888888888906
26760.0 16658588.192399995 2.8888888888888906
26775.0 15978084.64632187 2.9027777777777786
26790.0 15309307.566437496 2.9166666666666665
26805.0 14652256.952746874 2.930555555555555
26820.0 14006932.805249996 2.944444444444443
26835.0 13415098.35170312 2.944444444444443
26850.0 12833915.553112496 2.944444444444443
26865.0 12263384.409478124 2.944444444444443
26880.0 11703504.920799999 2.944444444444443
26895.0 11493031.164157812 2.930555555555555
26910.0 11277112.647281246 2.9166666666666665
26925.0 11055749.370170308 2.9027777777777786
26940.0 10828941.332824998 2.8888888888888906
26955.0 10624629.70475156 2.8888888888888906
26970.0 10415342.848006252 2.8888888888888906
26985.0 10201080.76258906 2.8888888888888906
27000.0 9981843.448499996 2.8888888888888906
27015.0 9988901.618849998 2.8888888888888906
27030.0 9995724.758249998 2.8888888888888906
27045.0 10002312.866699997 2.8888888888888906
27060.0 10008665.944199994 2.8888888888888906
27075.0 10001311.187174998 2.9027777777777786
27090.0 9993620.671649998 2.9166666666666665
27105.0 9985594.397624996 2.930555555555555
27120.0 9977232.3651 2.944444444444443
27135.0 9994034.558921874 2.944444444444443
27150.0 10010524.960012501 2.944444444444443
27165.0 10026703.568371875 2.944444444444443
27180.0 10042570.384000001 2.944444444444443
27195.0 10059242.603987502 2.930555555555555
27210.0 10075595.78025 2.9166666666666665
27225.0 10091629.9127875 2.9027777777777786
27240.0 10107345.001600001 2.8888888888888906
27255.0 10033510.427325001 2.8888888888888906
27270.0 9959924.9288 2.8888888888888906
27285.0 9886588.506025 2.8888888888888906
27300.0 9813501.158999998 2.8888888888888906
27315.0 9735261.011678128 2.8888888888888906
27330.0 9657321.8308875 2.8888888888888906
27345.0 9579683.616628127 2.8888888888888906
27360.0 9502346.368900001 2.8888888888888906
27375.0 9421100.8584 2.8888888888888906
27390.0 9339507.080750003 2.8888888888888906
27405.0 9257565.03595 2.8888888888888906
27420.0 9175274.724 2.8888888888888906
27435.0 9092636.144899998 2.8888888888888906
27450.0 9009649.298649995 2.8888888888888906
27465.0 8926314.185250001 2.8888888888888906
27480.0 8842630.804699998 2.8888888888888906
27495.0 8855763.753374996 2.8888888888888906
27510.0 8868777.61385 2.8888888888888906
27525.0 8881672.386125002 2.8888888888888906
27540.0 8894448.0702 2.8888888888888906
27555.0 8901611.878293745 2.8888888888888906
27570.0 8908619.383125002 2.8888888888888906
27585.0 8915470.584693756 2.8888888888888906
27600.0 8922165.483000003 2.8888888888888906
27615.0 8927348.343375001 2.8888888888888906
27630.0 8932531.203750005 2.8888888888888906
27645.0 8937714.064125003 2.8888888888888906
27660.0 8942896.924500003 2.8888888888888906
27675.0 8940289.168146878 2.9027777777777786
27690.0 8937672.386912502 2.9166666666666665
27705.0 8935046.580796877 2.930555555555555
27720.0 8932411.749800004 2.944444444444443
27735.0 8934577.575000003 2.944444444444443
27750.0 8936703.4603 2.944444444444443
27765.0 8938789.4057 2.944444444444443
27780.0 8940835.4112 2.944444444444443
27795.0 8949484.667200001 2.944444444444443
27810.0 8958075.549500002 2.944444444444443
27825.0 8966608.0581 2.944444444444443
27840.0 8975082.192999998 2.944444444444443
27855.0 8976756.870812498 2.944444444444443
27870.0 8978431.548625 2.944444444444443
27885.0 8980106.2264375 2.944444444444443
27900.0 8981780.90425 2.944444444444443
27915.0 8983455.5820625 2.944444444444443
27930.0 8985130.259875 2.944444444444443
27945.0 8986804.937687498 2.944444444444443
27960.0 8988479.6155 2.944444444444443
27975.0 9052053.823312497 2.958333333333331
27990.0 9114265.978125 2.972222222222219
28005.0 9175116.079937497 2.986111111111111
28020.0 9234604.128749995 2.999999999999999
28035.0 9286850.510437502 2.999999999999999
28050.0 9337591.465124998 2.999999999999999
28065.0 9386826.992812501 2.999999999999999
28080.0 9434557.0935 2.999999999999999
28095.0 9466412.254337497 2.999999999999999
28110.0 9498181.317625 2.999999999999999
28125.0 9529864.283362499 2.999999999999999
28140.0 9561461.151549999 2.999999999999999
28155.0 9575530.155056247 2.999999999999999
28170.0 9589362.390299998 2.999999999999999
28185.0 9602957.857281247 2.999999999999999
28200.0 9616316.555999998 2.999999999999999
28215.0 9444117.103574997 2.999999999999999
28230.0 9272258.383849995 2.999999999999999
28245.0 9100740.396825 2.999999999999999
28260.0 8929563.1425 2.999999999999999
28275.0 8777214.698174996 3.0138888888888875
28290.0 8624525.52115 3.0277777777777795
28305.0 8471495.611425003 3.0416666666666674
28320.0 8318124.969000001 3.0555555555555554
28335.0 8613352.9741875 3.0555555555555554
28350.0 8910610.891875006 3.0555555555555554
28365.0 9209898.722062498 3.0555555555555554
28380.0 9511216.46475 3.0555555555555554
28395.0 9827917.268400002 3.0694444444444438
28410.0 10146749.480174996 3.0833333333333317
28425.0 10467713.100074995 3.0972222222222237
28440.0 10790808.128099995 3.111111111111112
28455.0 11239804.268240621 3.111111111111112
28470.0 11688109.058587495 3.111111111111112
28485.0 12135722.499140618 3.111111111111112
28500.0 12582644.589899994 3.111111111111112
28515.0 13014299.763609376 3.111111111111112
28530.0 13445285.697112499 3.111111111111112
28545.0 13875602.390409373 3.111111111111112
28560.0 14305249.843499998 3.111111111111112
28575.0 14345828.452724999 3.0972222222222237
28590.0 14381032.29255 3.0833333333333317
28605.0 14410861.362975001 3.0694444444444438
28620.0 14435315.663999995 3.0555555555555554
28635.0 14462824.818749994 3.0555555555555554
28650.0 14485198.843499996 3.0555555555555554
28665.0 14502437.738249995 3.0555555555555554
28680.0 14514541.502999995 3.0555555555555554
28695.0 14106619.88107968 3.0694444444444438
28710.0 13682041.551543748 3.0833333333333317
28725.0 13240806.514392182 3.0972222222222237
28740.0 12782914.769625003 3.111111111111112
28755.0 12300310.664348437 3.111111111111112
28770.0 11800840.989918746 3.111111111111112
28785.0 11284505.74633594 3.111111111111112
28800.0 10751304.933600001 3.111111111111112
28815.0 10861904.46928125 3.125
28830.0 10972993.652775003 3.138888888888892
28845.0 11084572.484081252 3.1527777777777803
28860.0 11196640.9632 3.1666666666666683
28875.0 11309199.09013125 3.1805555555555562
28890.0 11422246.864874996 3.1944444444444446
28905.0 11535784.287431248 3.2083333333333326
28920.0 11649811.3578 3.2222222222222205
28935.0 12576013.791567178 3.2222222222222205
28950.0 13506062.402043749 3.2222222222222205
28965.0 14439957.18922968 3.2222222222222205
28980.0 15377698.153124988 3.2222222222222205
28995.0 16282062.344745308 3.236111111111109
29010.0 17190115.21198124 3.249999999999997
29025.0 18101856.75483281 3.263888888888889
29040.0 19017286.973299995 3.277777777777777
29055.0 19575060.336321864 3.263888888888889
29070.0 20133726.175062492 3.249999999999997
29085.0 20693284.489521865 3.236111111111109
29100.0 21253735.279699992 3.2222222222222205
29115.0 21807555.845315624 3.236111111111109
29130.0 22362256.542587496 3.249999999999997
29145.0 22917837.371515617 3.263888888888889
29160.0 23474298.332099993 3.277777777777777
29175.0 23529045.61399218 3.291666666666665
29190.0 23583835.89436875 3.305555555555557
29205.0 23638669.173229676 3.319444444444445
29220.0 23693545.450574994 3.3333333333333335
29235.0 23824065.479998436 3.3472222222222214
29250.0 23954703.943843745 3.3611111111111094
29265.0 24085460.842110932 3.3750000000000018
29280.0 24216336.174799994 3.3888888888888897
29295.0 24330703.639549993 3.3888888888888897
29310.0 24445277.46045 3.3888888888888897
29325.0 24560057.6375 3.3888888888888897
29340.0 24675044.1707 3.3888888888888897
29355.0 24806995.455309376 3.4027777777777777
29370.0 24939193.6303125 3.4166666666666696
29385.0 25071638.695709378 3.430555555555558
29400.0 25204330.6515 3.444444444444446
29415.0 25362442.273437507 3.444444444444446
29430.0 25521048.2065 3.444444444444446
29445.0 25680148.45068751 3.444444444444446
29460.0 25839743.006 3.444444444444446
29475.0 25974979.891437497 3.458333333333334
29490.0 26110556.010000005 3.4722222222222223
29505.0 26246471.3616875 3.4861111111111103
29520.0 26382725.946500003 3.4999999999999982
29535.0 26459139.657190636 3.5138888888888866
29550.0 26535663.230037495 3.5277777777777746
29565.0 26612296.66504062 3.5416666666666665
29580.0 26689039.962199997 3.555555555555555
29595.0 26739033.21873437 3.555555555555555
29610.0 26789053.330462497 3.555555555555555
29625.0 26839100.297384366 3.555555555555555
29640.0 26889174.119499996 3.555555555555555
29655.0 26832819.77096874 3.555555555555555
29670.0 26776513.24425 3.555555555555555
29685.0 26720254.539343752 3.555555555555555
29700.0 26664043.65624999 3.555555555555555
29715.0 26601579.143081248 3.569444444444443
29730.0 26539181.580450002 3.583333333333335
29745.0 26476850.96835626 3.597222222222223
29760.0 26414587.306800004 3.611111111111111
29775.0 26313088.97525 3.611111111111111
29790.0 26211785.6616 3.611111111111111
29805.0 26110677.365850005 3.611111111111111
29820.0 26009764.088000007 3.611111111111111
29835.0 25940095.07705 3.624999999999999
29850.0 25870495.266000003 3.6388888888888875
29865.0 25800964.654850002 3.6527777777777795
29880.0 25731503.2436 3.6666666666666674
29895.0 25642405.076028135 3.6805555555555554
29910.0 25553443.2874875 3.6944444444444478
29925.0 25464617.87797812 3.7083333333333357
29940.0 25375928.847499993 3.7222222222222237
29955.0 25352954.700149998 3.75
29970.0 25329808.284550004 3.7777777777777763
29985.0 25306489.60069999 3.8055555555555562
30000.0 25282998.648599997 3.8333333333333326
30015.0 25291702.35105937 3.8472222222222205
30030.0 25300389.859937493 3.8611111111111125
30045.0 25309061.175234366 3.875000000000001
30060.0 25317716.29695 3.888888888888889
30075.0 25309634.145468745 3.875000000000001
30090.0 25301510.35335 3.8611111111111125
30105.0 25293344.92059375 3.8472222222222205
30120.0 25285137.8472 3.8333333333333326
30135.0 25364114.18526562 3.8472222222222205
30150.0 25443144.608612496 3.8611111111111125
30165.0 25522229.117240626 3.875000000000001
30180.0 25601367.711150005 3.888888888888889
30195.0 25702181.573578123 3.916666666666665
30210.0 25803166.012662496 3.944444444444445
30225.0 25904321.028403126 3.9722222222222254
30240.0 26005646.620800003 4.000000000000002
30255.0 26123915.330493752 4.013888888888889
30270.0 26242377.613375008 4.027777777777778
30285.0 26361033.469443753 4.041666666666666
30300.0 26479882.898700006 4.055555555555554
30315.0 26600491.09626563 4.069444444444442
30330.0 26721296.2044875 4.08333333333333
30345.0 26842298.223365627 4.097222222222222
30360.0 26963497.152899995 4.111111111111111
30375.0 27016932.267806247 4.124999999999998
30390.0 27070306.32075 4.13888888888889
30405.0 27123619.31173124 4.152777777777779
30420.0 27176871.240749992 4.166666666666667
30435.0 27230062.107806247 4.152777777777779
30450.0 27283191.912899993 4.13888888888889
30465.0 27336260.65603124 4.124999999999998
30480.0 27389268.33719999 4.111111111111111
30495.0 27436199.914199993 4.124999999999998
30510.0 27483131.491199993 4.13888888888889
30525.0 27530063.068199992 4.152777777777779
30540.0 27576994.6452 4.166666666666667
30555.0 27628619.379899994 4.194444444444443
30570.0 27680244.11459999 4.222222222222223
30585.0 27731868.849299993 4.2500000000000036
30600.0 27783493.58399999 4.2777777777777795
30615.0 27704401.19803124 4.291666666666668
30630.0 27625348.953124996 4.305555555555555
30645.0 27546336.849281244 4.319444444444444
30660.0 27467364.886499986 4.333333333333332
30675.0 27377622.8572 4.333333333333332
30690.0 27287977.166449998 4.333333333333332
30705.0 27198427.81425 4.333333333333332
30720.0 27108974.8006 4.333333333333332
30735.0 26999401.682859376 4.333333333333332
30750.0 26889943.931812506 4.333333333333332
30765.0 26780601.54745937 4.333333333333332
30780.0 26671374.52979999 4.333333333333332
30795.0 26560756.825487494 4.34722222222222
30810.0 26450264.975749988 4.361111111111108
30825.0 26339898.980587497 4.375
30840.0 26229658.839999996 4.388888888888888
30855.0 26181317.94824219 4.388888888888888
30870.0 26133020.384143744 4.388888888888888
30885.0 26084766.147704683 4.388888888888888
30900.0 26036555.23892499 4.388888888888888
30915.0 25980976.168382805 4.388888888888888
30930.0 25925456.47278125 4.388888888888888
30945.0 25869996.152120307 4.388888888888888
30960.0 25814595.206399992 4.388888888888888
30975.0 25801974.198 4.388888888888888
30990.0 25789353.189599995 4.388888888888888
31005.0 25776732.181199994 4.388888888888888
31020.0 25764111.17279999 4.388888888888888
31035.0 25751490.164399993 4.402777777777776
31050.0 25738869.155999992 4.416666666666668
31065.0 25726248.14759999 4.430555555555556
31080.0 25713627.13919999 4.444444444444445
31095.0 25713627.13919999 4.444444444444445
31110.0 25713627.13919999 4.444444444444445
31125.0 25713627.13919999 4.444444444444445
31140.0 25713627.13919999 4.444444444444445
31155.0 25713627.13919999 4.444444444444445
31170.0 25713627.13919999 4.444444444444445
31185.0 25713627.13919999 4.444444444444445
31200.0 25713627.13919999 4.444444444444445
31215.0 25713627.13919999 4.444444444444445
31230.0 25713627.13919999 4.444444444444445
31245.0 25713627.13919999 4.444444444444445
31260.0 25713627.13919999 4.444444444444445
31275.0 25704796.91009999 4.444444444444445
31290.0 25695966.68099999 4.444444444444445
31305.0 25687136.45189999 4.444444444444445
31320.0 25678306.22279999 4.444444444444445
31335.0 25723819.49444999 4.458333333333332
31350.0 25769362.391850002 4.4722222222222205
31365.0 25814934.914999995 4.4861111111111125
31380.0 25860537.063899998 4.500000000000001
31395.0 25897279.357949995 4.513888888888889
31410.0 25934027.577149987 4.527777777777781
31425.0 25970781.721499998 4.541666666666669
31440.0 26007541.790999994 4.555555555555557
31455.0 25945453.966042187 4.5694444444444455
31470.0 25883283.35814375 4.583333333333333
31485.0 25821029.96730468 4.597222222222221
31500.0 25758693.793525 4.61111111111111
31515.0 25690411.955742188 4.624999999999997
31530.0 25622082.19099374 4.638888888888886
31545.0 25553704.499279678 4.652777777777778
31560.0 25485278.880599998 4.666666666666666
31575.0 25378741.501574997 4.666666666666666
31590.0 25272271.054799993 4.666666666666666
31605.0 25165867.540274996 4.666666666666666
31620.0 25059530.957999997 4.666666666666666
31635.0 24961809.873 4.680555555555554
31650.0 24864088.788000003 4.694444444444446
31665.0 24766367.702999994 4.708333333333334
31680.0 24668646.618 4.722222222222222
31695.0 24648383.58795312 4.722222222222222
31710.0 24628004.3865625 4.722222222222222
31725.0 24607509.01382812 4.722222222222222
31740.0 24586897.469749995 4.722222222222222
31755.0 24573251.38296875 4.736111111111111
31770.0 24559505.720749993 4.749999999999998
31785.0 24545660.483093753 4.76388888888889
31800.0 24531715.669999998 4.777777777777779
31815.0 24494106.820476554 4.791666666666667
31830.0 24454724.152031247 4.805555555555559
31845.0 24413567.66466406 4.819444444444446
31860.0 24370637.358374998 4.833333333333335
31875.0 24325933.233164057 4.833333333333335
31890.0 24279455.289031252 4.833333333333335
31905.0 24231203.525976565 4.833333333333335
31920.0 24181177.944 4.833333333333335
31935.0 24309242.929125004 4.833333333333335
31950.0 24437622.861575004 4.833333333333335
31965.0 24566317.741349995 4.833333333333335
31980.0 24695327.56845 4.833333333333335
31995.0 24832133.027625006 4.833333333333335
32010.0 24969282.328375 4.833333333333335
32025.0 25106775.4707 4.833333333333335
32040.0 25244612.4546 4.833333333333335
32055.0 25396076.851457816 4.847222222222223
32070.0 25547544.005156245 4.861111111111111
32085.0 25699013.915695317 4.874999999999999
32100.0 25850486.583075 4.8888888888888875
32115.0 25968854.78362656 4.902777777777775
32130.0 26087225.13753126 4.916666666666663
32145.0 26205597.644789055 4.930555555555555
32160.0 26323972.3054 4.944444444444444
32175.0 26262164.587793745 4.944444444444444
32190.0 26200427.917124994 4.944444444444444
32205.0 26138762.293393746 4.944444444444444
32220.0 26077167.716599997 4.944444444444444
32235.0 26029097.075231243 4.958333333333332
32250.0 25981060.942375 4.972222222222224
32265.0 25933059.31803125 4.986111111111112
32280.0 25885092.2022 5.0
32295.0 25783163.67321406 4.986111111111112
32310.0 25681401.44618124 4.972222222222224
32325.0 25579805.52110156 4.958333333333332
32340.0 25478375.897974998 4.944444444444444
32355.0 25394873.81741406 4.944444444444444
32370.0 25311496.891931254 4.944444444444444
32385.0 25228245.121526565 4.944444444444444
32400.0 25145118.5062 4.944444444444444
32415.0 24749167.93207031 4.944444444444444
32430.0 24354475.405356247 4.944444444444444
32445.0 23961040.926057808 4.944444444444444
32460.0 23568864.494175 4.944444444444444
32475.0 23194408.206320304 4.958333333333332
32490.0 22820714.996406242 4.972222222222224
32505.0 22447784.864432808 4.986111111111112
32520.0 22075617.810399994 5.0
32535.0 21529013.81002969 5.013888888888888
32550.0 20983792.550393745 5.027777777777776
32565.0 20439954.031492177 5.041666666666668
32580.0 19897498.253324997 5.055555555555556
32595.0 19364519.542276558 5.041666666666668
32610.0 18832493.385956246 5.027777777777776
32625.0 18301419.784364056 5.013888888888888
32640.0 17771298.737499997 5.0
32655.0 18412654.218612496 5.013888888888888
32670.0 19057393.179824997 5.027777777777776
32685.0 19705515.6211375 5.041666666666668
32700.0 20357021.542549998 5.055555555555556
32715.0 21020593.55189062 5.055555555555556
32730.0 21688042.465512495 5.055555555555556
32745.0 22359368.28341562 5.055555555555556
32760.0 23034571.005599994 5.055555555555556
32775.0 23051755.36702499 5.069444444444445
32790.0 23059259.78895 5.083333333333337
32805.0 23057084.271374993 5.097222222222225
32820.0 23045228.814299993 5.1111111111111125
32835.0 22962921.979593754 5.125000000000001
32850.0 22869241.215975 5.138888888888889
32865.0 22764186.52344375 5.152777777777777
32880.0 22647757.901999995 5.166666666666665
32895.0 22121396.287375 5.180555555555554
32910.0 21591575.775000002 5.194444444444441
32925.0 21058296.364875 5.208333333333333
32940.0 20521558.057000007 5.222222222222221
32955.0 19993596.834750008 5.23611111111111
32970.0 19462247.304500006 5.250000000000002
32985.0 18927509.466250002 5.263888888888889
33000.0 18389383.32 5.277777777777778
33015.0 18823814.296185937 5.277777777777778
33030.0 19254174.625743747 5.277777777777778
33045.0 19680464.30867344 5.277777777777778
33060.0 20102683.344975 5.277777777777778
33075.0 20523855.618492186 5.277777777777778
33090.0 20940932.61211876 5.277777777777778
33105.0 21353914.325854685 5.277777777777778
33120.0 21762800.759699993 5.277777777777778
33135.0 22012699.51120625 5.277777777777778
33150.0 22260787.525900003 5.277777777777778
33165.0 22507064.803781245 5.277777777777778
33180.0 22751531.344849996 5.277777777777778
33195.0 22986827.596184377 5.291666666666666
33210.0 23220356.223487493 5.305555555555554
33225.0 23452117.226759367 5.319444444444446
33240.0 23682110.606 5.333333333333334
33255.0 23683641.781799994 5.347222222222222
33270.0 23685159.936899994 5.361111111111114
33285.0 23686665.071299996 5.375000000000003
33300.0 23688157.184999995 5.38888888888889
33315.0 23682321.049406245 5.38888888888889
33330.0 23676463.755174994 5.38888888888889
33345.0 23670585.302306246 5.38888888888889
33360.0 23664685.6908 5.38888888888889
33375.0 23734983.1151125 5.375000000000003
33390.0 23805338.547375 5.361111111111114
33405.0 23875751.987587497 5.347222222222222
33420.0 23946223.43575 5.333333333333334
33435.0 24007851.20435624 5.333333333333334
33450.0 24069493.474949993 5.333333333333334
33465.0 24131150.24753124 5.333333333333334
33480.0 24192821.522099987 5.333333333333334
33495.0 24271174.265559368 5.333333333333334
33510.0 24349653.4213625 5.333333333333334
33525.0 24428258.98950937 5.333333333333334
33540.0 24506990.969999995 5.333333333333334
33555.0 24576806.568978123 5.347222222222222
33570.0 24646718.241337497 5.361111111111114
33585.0 24716725.987078115 5.375000000000003
33600.0 24786829.806199998 5.38888888888889
33615.0 24837147.56985 5.38888888888889
33630.0 24887476.8912 5.38888888888889
33645.0 24937817.770250004 5.38888888888889
33660.0 24988170.207000002 5.38888888888889
33675.0 25024771.723875 5.402777777777779
33690.0 25061332.7888 5.416666666666667
33705.0 25097853.401775 5.4305555555555545
33720.0 25134333.562800005 5.444444444444443
33735.0 25132897.907184377 5.472222222222219
33750.0 25131410.7996875 5.499999999999999
33765.0 25129872.240309373 5.5277777777777795
33780.0 25128282.22905 5.555555555555555
33795.0 25125095.367006257 5.555555555555555
33810.0 25121854.0265 5.555555555555555
33825.0 25118558.207531255 5.555555555555555
33840.0 25115207.910099998 5.555555555555555
33855.0 25098919.983637497 5.555555555555555
33870.0 25082615.232675 5.555555555555555
33885.0 25066293.657212496 5.555555555555555
33900.0 25049955.25725 5.555555555555555
33915.0 25049125.70881875 5.541666666666668
33930.0 25048289.8512 5.5277777777777795
33945.0 25047447.68439375 5.5138888888888875
33960.0 25046599.208399992 5.499999999999999
33975.0 25010853.87569999 5.499999999999999
33990.0 24975108.542999998 5.499999999999999
34005.0 24939363.210299995 5.499999999999999
34020.0 24903617.87759999 5.499999999999999
34035.0 24881859.848999992 5.5138888888888875
34050.0 24860101.820399985 5.5277777777777795
34065.0 24838343.791799992 5.541666666666668
34080.0 24816585.763199992 5.555555555555555
34095.0 24860340.6734375 5.569444444444444
34110.0 24904128.39145 5.583333333333332
34125.0 24947948.9172375 5.597222222222224
34140.0 24991802.250799987 5.611111111111112
34155.0 25038805.09418749 5.625
34170.0 25085844.110249996 5.638888888888892
34185.0 25132919.2989875 5.65277777777778
34200.0 25180030.6604 5.666666666666668
34215.0 25323840.66868906 5.680555555555556
34230.0 25468060.12953125 5.694444444444445
34245.0 25612689.042926565 5.708333333333332
34260.0 25757727.408875 5.7222222222222205
34275.0 25881014.791482806 5.708333333333332
34290.0 26004588.350606248 5.694444444444445
34305.0 26128448.08624531 5.680555555555556
34320.0 26252593.9984 5.666666666666668
34335.0 26283582.148862496 5.694444444444445
34350.0 26314575.23694999 5.7222222222222205
34365.0 26345573.262662496 5.750000000000001
34380.0 26376576.22599999 5.777777777777777
34395.0 26378842.047249988 5.805555555555557
34410.0 26381107.868499994 5.833333333333333
34425.0 26383373.68974999 5.86111111111111
34440.0 26385639.510999992 5.888888888888889
34455.0 26332932.11972499 5.888888888888889
34470.0 26280224.728449997 5.888888888888889
34485.0 26227517.337174997 5.888888888888889
34500.0 26174809.945899993 5.888888888888889
34515.0 26093353.068474993 5.86111111111111
34530.0 26011896.191049986 5.833333333333333
34545.0 25930439.313624993 5.805555555555557
34560.0 25848982.43619999 5.777777777777777
34575.0 25772067.05823749 5.791666666666665
34590.0 25695238.253299996 5.805555555555557
34605.0 25618496.0213875 5.8194444444444455
34620.0 25541840.362499993 5.833333333333333
34635.0 25501868.454803124 5.847222222222221
34650.0 25461927.809587494 5.86111111111111
34665.0 25422018.42685312 5.875000000000002
34680.0 25382140.306599997 5.888888888888889
34695.0 25355945.328174993 5.916666666666666
34710.0 25329750.349749997 5.944444444444446
34725.0 25303555.371324997 5.972222222222222
34740.0 25277360.392899994 5.999999999999998
34755.0 25309905.669125002 6.013888888888887
34770.0 25342450.94535 6.027777777777775
34785.0 25374996.221575007 6.041666666666667
34800.0 25407541.4978 6.0555555555555545
34815.0 25471307.97352969 6.041666666666667
34830.0 25535136.75934374 6.027777777777775
34845.0 25599027.855242178 6.013888888888887
34860.0 25662981.261224985 5.999999999999998
34875.0 25714254.13756718 6.013888888888887
34890.0 25765572.426343743 6.027777777777775
34905.0 25816936.127554674 6.041666666666667
34920.0 25868345.241199996 6.0555555555555545
34935.0 25923726.443278115 6.041666666666667
34950.0 25979163.157062493 6.027777777777775
34965.0 26034655.382553115 6.013888888888887
34980.0 26090203.11974999 5.999999999999998
34995.0 26124919.28681249 6.013888888888887
35010.0 26159635.45387499 6.027777777777775
35025.0 26194351.62093749 6.041666666666667
35040.0 26229067.78799999 6.0555555555555545
35055.0 26224377.867187496 6.041666666666667
35070.0 26219673.864999995 6.027777777777775
35085.0 26214955.78143749 6.013888888888887
35100.0 26210223.616499998 5.999999999999998
35115.0 26203860.74604375 5.999999999999998
35130.0 26197482.386074997 5.999999999999998
35145.0 26191088.536593746 5.999999999999998
35160.0 26184679.1976 5.999999999999998
35175.0 26167049.02349999 5.972222222222222
35190.0 26149410.510299996 5.944444444444446
35205.0 26131763.657999996 5.916666666666666
35220.0 26114108.466599986 5.888888888888889
35235.0 26089997.787699997 5.888888888888889
35250.0 26065889.88849999 5.888888888888889
35265.0 26041784.768999994 5.888888888888889
35280.0 26017682.429199986 5.888888888888889
35295.0 25970335.175039046 5.888888888888889
35310.0 25923021.931056246 5.888888888888889
35325.0 25875742.69725156 5.888888888888889
35340.0 25828497.473624997 5.888888888888889
35355.0 25789304.57456718 5.902777777777778
35370.0 25750137.776343744 5.91666666666667
35385.0 25710997.07895468 5.930555555555558
35400.0 25671882.4824 5.944444444444446
35415.0 25623877.191412497 5.944444444444446
35430.0 25575915.022349995 5.944444444444446
35445.0 25527995.975212492 5.944444444444446
35460.0 25480120.05 5.944444444444446
35475.0 25440263.75130625 5.958333333333334
35490.0 25400438.596224997 5.972222222222222
35505.0 25360644.584756237 5.986111111111111
35520.0 25320881.7169 5.999999999999998
35535.0 25338539.175949994 6.013888888888887
35550.0 25356160.42574999 6.027777777777775
35565.0 25373745.466299996 6.041666666666667
35580.0 25391294.29759999 6.0555555555555545
35595.0 25408806.919649992 6.0555555555555545
35610.0 25426283.33245 6.0555555555555545
35625.0 25443723.53599999 6.0555555555555545
35640.0 25461127.530300003 6.0555555555555545
35655.0 25529014.278074995 6.0555555555555545
35670.0 25596990.890625 6.0555555555555545
35685.0 25665057.36795 6.0555555555555545
35700.0 25733213.71005 6.0555555555555545
35715.0 25801459.916925002 6.0555555555555545
35730.0 25869795.988575 6.0555555555555545
35745.0 25938221.925 6.0555555555555545
35760.0 26006737.726200003 6.0555555555555545
35775.0 26045427.18638438 6.0555555555555545
35790.0 26084141.0878125 6.0555555555555545
35805.0 26122879.430484373 6.0555555555555545
35820.0 26161642.21439999 6.0555555555555545
35835.0 26177610.315346878 6.041666666666667
35850.0 26193582.1195125 6.027777777777775
35865.0 26209557.626896873 6.013888888888887
35880.0 26225536.837500002 5.999999999999998
35895.0 26218045.239684377 6.013888888888887
35910.0 26210553.724162493 6.027777777777775
35925.0 26203062.29093437 6.041666666666667
35940.0 26195570.939999998 6.0555555555555545
35955.0 26199504.466953117 6.0555555555555545
35970.0 26203437.948187504 6.0555555555555545
35985.0 26207371.38370312 6.0555555555555545
36000.0 26211304.773499995 6.0555555555555545
36015.0 26203144.342374995 6.0555555555555545
36030.0 26194983.911249995 6.0555555555555545
36045.0 26186823.480124995 6.0555555555555545
36060.0 26178663.049 6.0555555555555545
36075.0 26178663.049 6.083333333333335
36090.0 26178663.049 6.111111111111111
36105.0 26178663.049 6.1388888888888875
36120.0 26178663.049 6.166666666666668
36135.0 26203366.695515625 6.180555555555555
36150.0 26228081.927162502 6.194444444444447
36165.0 26252808.743940618 6.208333333333336
36180.0 26277547.14584999 6.222222222222224
36195.0 26297388.461574998 6.222222222222224
36210.0 26317236.397374995 6.222222222222224
36225.0 26337090.953249995 6.222222222222224
36240.0 26356952.129199997 6.222222222222224
36255.0 26370114.721912496 6.236111111111112
36270.0 26383277.314625 6.25
36285.0 26396439.9073375 6.263888888888888
36300.0 26409602.50005 6.277777777777776
36315.0 26422765.092762496 6.291666666666664
36330.0 26435927.685475 6.305555555555553
36345.0 26449090.2781875 6.319444444444445
36360.0 26462252.870899998 6.333333333333332
36375.0 26426050.496999998 6.3472222222222205
36390.0 26389872.7015 6.3611111111111125
36405.0 26353719.4844 6.375000000000001
36420.0 26317590.8457 6.388888888888889
36435.0 26266725.590874996 6.388888888888889
36450.0 26215903.348249994 6.388888888888889
36465.0 26165124.117824994 6.388888888888889
36480.0 26114387.899599995 6.388888888888889
36495.0 26094253.549546864 6.388888888888889
36510.0 26074126.816237494 6.388888888888889
36525.0 26054007.69967187 6.388888888888889
36540.0 26033896.199849993 6.388888888888889
36555.0 26015426.65693124 6.388888888888889
36570.0 25996963.642649997 6.388888888888889
36585.0 25978507.15700625 6.388888888888889
36600.0 25960057.199999996 6.388888888888889
36615.0 25952765.69943749 6.375000000000001
36630.0 25945473.65024999 6.3611111111111125
36645.0 25938181.052437495 6.3472222222222205
36660.0 25930887.906 6.333333333333332
36675.0 25923594.2109375 6.333333333333332
36690.0 25916299.967249997 6.333333333333332
36705.0 25909005.174937498 6.333333333333332
36720.0 25901709.834 6.333333333333332
36735.0 25906176.43929218 6.3472222222222205
36750.0 25910636.33764375 6.3611111111111125
36765.0 25915089.529054686 6.375000000000001
36780.0 25919536.013524998 6.388888888888889
36795.0 25943618.26679218 6.402777777777777
36810.0 25967711.698293746 6.416666666666665
36825.0 25991816.308029685 6.430555555555557
36840.0 26015932.096 6.4444444444444455
36855.0 26032331.740799997 6.458333333333333
36870.0 26048731.385599997 6.472222222222225
36885.0 26065131.030399997 6.486111111111113
36900.0 26081530.6752 6.500000000000002
36915.0 26097930.32 6.500000000000002
36930.0 26114329.9648 6.500000000000002
36945.0 26130729.6096 6.500000000000002
36960.0 26147129.2544 6.500000000000002
36975.0 26170229.22889375 6.513888888888889
36990.0 26193339.35294999 6.527777777777778
37005.0 26216459.62656874 6.541666666666666
37020.0 26239590.049750004 6.555555555555554
37035.0 26262730.62249375 6.569444444444442
37050.0 26285881.344799995 6.58333333333333
37065.0 26309042.21666874 6.597222222222222
37080.0 26332213.238099985 6.611111111111111
37095.0 26332213.238099985 6.611111111111111
37110.0 26332213.238099985 6.611111111111111
37125.0 26332213.238099985 6.611111111111111
37140.0 26332213.238099985 6.611111111111111
37155.0 26310726.99832499 6.597222222222222
37170.0 26289240.75854999 6.58333333333333
37185.0 26267754.518774986 6.569444444444442
37200.0 26246268.27899999 6.555555555555554
37215.0 26224560.46787499 6.541666666666666
37230.0 26202852.656749986 6.527777777777778
37245.0 26181144.845624994 6.513888888888889
37260.0 26159437.03449999 6.500000000000002
37275.0 26127853.507043738 6.513888888888889
37290.0 26096286.383474994 6.527777777777778
37305.0 26064735.663793743 6.541666666666666
37320.0 26033201.34799999 6.555555555555554
37335.0 25989358.804062493 6.555555555555554
37350.0 25945550.457749996 6.555555555555554
37365.0 25901776.309062496 6.555555555555554
37380.0 25858036.358 6.555555555555554
37395.0 25814330.6045625 6.555555555555554
37410.0 25770659.04875 6.555555555555554
37425.0 25727021.6905625 6.555555555555554
37440.0 25683418.529999997 6.555555555555554
37455.0 25638315.268671878 6.555555555555554
37470.0 25593248.8109375 6.555555555555554
37485.0 25548219.15679687 6.555555555555554
37500.0 25503226.30625 6.555555555555554
37515.0 25458270.259296875 6.555555555555554
37530.0 25413351.015937496 6.555555555555554
37545.0 25368468.576171875 6.555555555555554
37560.0 25323622.939999998 6.555555555555554
37575.0 25251039.932507806 6.569444444444442
37590.0 25178557.48340625 6.58333333333333
37605.0 25106175.592695307 6.597222222222222
37620.0 25033894.26037499 6.611111111111111
37635.0 24961713.48644531 6.611111111111111
37650.0 24889633.27090624 6.611111111111111
37665.0 24817653.613757804 6.611111111111111
37680.0 24745774.514999993 6.611111111111111
37695.0 24651256.75079374 6.611111111111111
37710.0 24556919.758524988 6.611111111111111
37725.0 24462763.53819375 6.611111111111111
37740.0 24368788.089799996 6.611111111111111
37755.0 24274993.413343742 6.624999999999998
37770.0 24181379.508825008 6.63888888888889
37785.0 24087946.37624375 6.652777777777779
37800.0 23994694.0156 6.666666666666667
37815.0 23982005.123999998 6.666666666666667
37830.0 23969316.232400004 6.666666666666667
37845.0 23956627.3408 6.666666666666667
37860.0 23943938.449199997 6.666666666666667
37875.0 23931249.557600003 6.666666666666667
37890.0 23918560.665999994 6.666666666666667
37905.0 23905871.774400003 6.666666666666667
37920.0 23893182.8828 6.666666666666667
37935.0 23881287.046925 6.6805555555555545
37950.0 23869391.211050004 6.694444444444443
37965.0 23857495.375174996 6.708333333333335
37980.0 23845599.539300002 6.722222222222223
37995.0 23843220.372125003 6.736111111111111
38010.0 23840841.204949994 6.7500000000000036
38025.0 23838462.037774995 6.763888888888891
38040.0 23836082.8706 6.7777777777777795
38055.0 23836082.8706 6.7777777777777795
38070.0 23836082.8706 6.7777777777777795
38085.0 23836082.8706 6.7777777777777795
38100.0 23836082.8706 6.7777777777777795
38115.0 23836082.8706 6.763888888888891
38130.0 23836082.8706 6.7500000000000036
38145.0 23836082.8706 6.736111111111111
38160.0 23836082.8706 6.722222222222223
38175.0 23822272.9369625 6.736111111111111
38190.0 23808463.003325 6.7500000000000036
38205.0 23794653.0696875 6.763888888888891
38220.0 23780843.13605 6.7777777777777795
38235.0 23776522.30270625 6.7777777777777795
38250.0 23772190.441999994 6.7777777777777795
38265.0 23767847.553931244 6.7777777777777795
38280.0 23763493.638499994 6.7777777777777795
38295.0 23756248.35045 6.7777777777777795
38310.0 23748995.857125 6.7777777777777795
38325.0 23741736.158524998 6.7777777777777795
38340.0 23734469.254649997 6.7777777777777795
38355.0 23717749.60603125 6.791666666666668
38370.0 23701033.560049996 6.805555555555555
38385.0 23684321.116706245 6.819444444444444
38400.0 23667612.276000004 6.833333333333332
38415.0 23561881.051121876 6.833333333333332
38430.0 23456368.9196375 6.833333333333332
38445.0 23351075.88154687 6.833333333333332
38460.0 23246001.936849996 6.833333333333332
38475.0 23148893.076203126 6.84722222222222
38490.0 23051958.596012495 6.861111111111108
38505.0 22955198.496278122 6.875
38520.0 22858612.776999995 6.888888888888888
38535.0 22769868.077085942 6.902777777777776
38550.0 22681289.907718748 6.916666666666668
38565.0 22592878.268898424 6.930555555555556
38580.0 22504633.160624996 6.944444444444445
38595.0 22408964.241726562 6.944444444444445
38610.0 22313497.285406247 6.944444444444445
38625.0 22218232.291664053 6.944444444444445
38640.0 22123169.260499995 6.944444444444445
38655.0 22053516.776878122 6.944444444444445
38670.0 21983972.948437497 6.944444444444445
38685.0 21914537.77517812 6.944444444444445
38700.0 21845211.2571 6.944444444444445
38715.0 21767012.677265625 6.958333333333332
38730.0 21688948.318537503 6.9722222222222205
38745.0 21611018.180915628 6.9861111111111125
38760.0 21533222.264399998 7.000000000000001
38775.0 21470836.16803125 7.000000000000001
38790.0 21408538.784324996 7.000000000000001
38805.0 21346330.11328125 7.000000000000001
38820.0 21284210.154899996 7.000000000000001
38835.0 21222178.909181252 7.013888888888889
38850.0 21160236.376125 7.027777777777781
38865.0 21098382.55573125 7.041666666666669
38880.0 21036617.448 7.055555555555557
38895.0 21000054.52232187 7.055555555555557
38910.0 20963519.11018751 7.055555555555557
38925.0 20927011.211596876 7.055555555555557
38940.0 20890530.82655 7.055555555555557
38955.0 20854077.955046874 7.041666666666669
38970.0 20817652.597087495 7.027777777777781
38985.0 20781254.75267188 7.013888888888889
39000.0 20744884.4218 7.000000000000001
39015.0 20738274.062034383 7.013888888888889
39030.0 20731653.8727375 7.027777777777781
39045.0 20725023.85390937 7.041666666666669
39060.0 20718384.005549997 7.055555555555557
39075.0 20711734.327659376 7.0694444444444455
39090.0 20705074.820237502 7.083333333333333
39105.0 20698405.483284373 7.097222222222221
39120.0 20691726.316800002 7.11111111111111
39135.0 20636293.877718747 7.1249999999999964
39150.0 20580934.460625004 7.138888888888886
39165.0 20525648.06551875 7.152777777777778
39180.0 20470434.692399997 7.166666666666667
39195.0 20431192.41480625 7.180555555555554
39210.0 20391974.477874998 7.194444444444446
39225.0 20352780.88160626 7.208333333333333
39240.0 20313611.626000002 7.222222222222222
39255.0 20240152.091775 7.236111111111111
39270.0 20166810.694799993 7.249999999999998
39285.0 20093587.435075004 7.26388888888889
39300.0 20020482.3126 7.277777777777778
39315.0 19947495.327375 7.277777777777778
39330.0 19874626.4794 7.277777777777778
39345.0 19801875.768675003 7.277777777777778
39360.0 19729243.1952 7.277777777777778
39375.0 19662541.0568125 7.26388888888889
39390.0 19595941.5113 7.249999999999998
39405.0 19529444.5586625 7.236111111111111
39420.0 19463050.198900003 7.222222222222222
39435.0 19396758.432012502 7.222222222222222
39450.0 19330569.257999998 7.222222222222222
39465.0 19264482.676862504 7.222222222222222
39480.0 19198498.6886 7.222222222222222
39495.0 19075813.490507808 7.222222222222222
39510.0 18953516.18400625 7.222222222222222
39525.0 18831606.769095313 7.222222222222222
39540.0 18710085.245775 7.222222222222222
39555.0 18568455.87556094 7.236111111111111
39570.0 18427331.939843748 7.249999999999998
39585.0 18286713.43862344 7.26388888888889
39600.0 18146600.3719 7.277777777777778
39615.0 18011457.07731562 7.277777777777778
39630.0 17876784.420687497 7.277777777777778
39645.0 17742582.402015626 7.277777777777778
39660.0 17608851.021299995 7.277777777777778
39675.0 17478262.182871867 7.277777777777778
39690.0 17348129.041512497 7.277777777777778
39705.0 17218451.59722187 7.277777777777778
39720.0 17089229.849999998 7.277777777777778
39735.0 17010605.02054375 7.291666666666667
39750.0 16932147.32055 7.305555555555559
39765.0 16853856.75001875 7.319444444444447
39780.0 16775733.308949998 7.333333333333335
39795.0 16722738.269015627 7.319444444444447
39810.0 16669826.7938125 7.305555555555559
39825.0 16616998.883340627 7.291666666666667
39840.0 16564254.537600001 7.277777777777778
39855.0 16557749.83386563 7.277777777777778
39870.0 16551234.843412502 7.277777777777778
39885.0 16544709.566240635 7.277777777777778
39900.0 16538174.002350003 7.277777777777778
39915.0 16530326.141175002 7.277777777777778
39930.0 16522470.050625 7.277777777777778
39945.0 16514605.730700003 7.277777777777778
39960.0 16506733.181400001 7.277777777777778
39975.0 16459752.856782814 7.291666666666667
39990.0 16412820.642006248 7.305555555555559
40005.0 16365936.537070312 7.319444444444447
40020.0 16319100.541974995 7.333333333333335
40035.0 16267173.558332814 7.347222222222222
40050.0 16215317.324456254 7.361111111111111
40065.0 16163531.840345314 7.375
40080.0 16111817.106000002 7.3888888888888875
40095.0 16068380.85545 7.3888888888888875
40110.0 16025002.795725001 7.3888888888888875
40125.0 15981682.926825004 7.3888888888888875
40140.0 15938421.248750005 7.3888888888888875
40155.0 15883801.9725 7.402777777777775
40170.0 15829269.196125 7.416666666666663
40185.0 15774822.919625001 7.430555555555555
40200.0 15720463.143 7.444444444444445
40215.0 15542899.331334375 7.444444444444445
40230.0 15366332.673037503 7.444444444444445
40245.0 15190763.16810938 7.444444444444445
40260.0 15016190.816549996 7.444444444444445
40275.0 14847512.151346872 7.430555555555555
40290.0 14679767.328187495 7.416666666666663
40305.0 14512956.347071875 7.402777777777775
40320.0 14347079.208 7.3888888888888875
40335.0 14178711.480587497 7.3888888888888875
40350.0 14011241.34025 7.3888888888888875
40365.0 13844668.786987498 7.3888888888888875
40380.0 13678993.820799997 7.3888888888888875
40395.0 13526911.807062503 7.402777777777775
40410.0 13375523.803950004 7.416666666666663
40425.0 13224829.8114625 7.430555555555555
40440.0 13074829.829599999 7.444444444444445
40455.0 13007932.764749996 7.458333333333332
40470.0 12941186.75465 7.472222222222224
40485.0 12874591.799300002 7.486111111111111
40500.0 12808147.898699997 7.5
40515.0 12741855.052849995 7.513888888888889
40530.0 12675713.261749996 7.527777777777776
40545.0 12609722.5254 7.541666666666668
40560.0 12543882.843799997 7.555555555555555
40575.0 12467244.777487498 7.555555555555555
40590.0 12390781.210499994 7.555555555555555
40605.0 12314492.142837495 7.555555555555555
40620.0 12238377.574499996 7.555555555555555
40635.0 12167951.849659376 7.5972222222222205
40650.0 12097683.845362501 7.638888888888889
40665.0 12027573.56160937 7.680555555555557
40680.0 11957620.9984 7.722222222222222
40695.0 11845091.418256253 7.73611111111111
40710.0 11733069.919725003 7.750000000000002
40725.0 11621556.502806246 7.763888888888889
40740.0 11510551.1675 7.777777777777778
40755.0 11393655.080981253 7.763888888888889
40770.0 11277342.347424999 7.750000000000002
40785.0 11161612.966831246 7.73611111111111
40800.0 11046466.939199997 7.722222222222222
40815.0 11074990.967906248 7.722222222222222
40830.0 11103493.618525 7.722222222222222
40845.0 11131974.891056247 7.722222222222222
40860.0 11160434.785499996 7.722222222222222
40875.0 11192062.074943747 7.722222222222222
40890.0 11223686.310374996 7.722222222222222
40905.0 11255307.49179375 7.722222222222222
40920.0 11286925.619199999 7.722222222222222
40935.0 11539186.861967182 7.722222222222222
40950.0 11789420.592468748 7.722222222222222
40965.0 12037626.810704686 7.722222222222222
40980.0 12283805.516675001 7.722222222222222
40995.0 12527956.710379684 7.722222222222222
41010.0 12770080.391818745 7.722222222222222
41025.0 13010176.560992189 7.722222222222222
41040.0 13248245.217899997 7.722222222222222
41055.0 13586906.204746868 7.722222222222222
41070.0 13922460.191062497 7.722222222222222
41085.0 14254907.176846875 7.722222222222222
41100.0 14584247.162099995 7.722222222222222
41115.0 14819829.896265617 7.722222222222222
41130.0 15047625.950087495 7.722222222222222
41145.0 15267635.323565623 7.722222222222222
41160.0 15479858.016699996 7.722222222222222
41175.0 15365710.738021864 7.722222222222222
41190.0 15247316.269762496 7.722222222222222
41205.0 15124674.611921877 7.722222222222222
41220.0 14997785.7645 7.722222222222222
41235.0 14851616.881303119 7.708333333333333
41250.0 14700951.787637495 7.694444444444441
41265.0 14545790.483503127 7.680555555555553
41280.0 14386132.968899997 7.666666666666665
41295.0 15068245.508662492 7.680555555555553
41310.0 15749806.680300001 7.694444444444441
41325.0 16430816.483812498 7.708333333333333
41340.0 17111274.919199996 7.722222222222222
41355.0 17874893.136581242 7.73611111111111
41370.0 18637892.77927499 7.750000000000002
41385.0 19400273.84728125 7.763888888888889
41400.0 20162036.3406 7.777777777777778
41415.0 20520902.857021876 7.763888888888889
41430.0 20880078.660787508 7.750000000000002
41445.0 21239563.75189688 7.73611111111111
41460.0 21599358.130349997 7.722222222222222
41475.0 21997084.112128124 7.722222222222222
41490.0 22395152.573062498 7.722222222222222
41505.0 22793563.513153125 7.722222222222222
41520.0 23192316.932400003 7.722222222222222
41535.0 23287307.641073436 7.73611111111111
41550.0 23382426.110793754 7.750000000000002
41565.0 23477672.34156095 7.763888888888889
41580.0 23573046.333375003 7.777777777777778
41595.0 23673768.513707813 7.791666666666667
41610.0 23774651.78405626 7.805555555555554
41625.0 23875696.14442031 7.819444444444446
41640.0 23976901.594800003 7.833333333333333
41655.0 24170341.249260943 7.833333333333333
41670.0 24364556.40801875 7.833333333333333
41685.0 24559547.07107344 7.833333333333333
41700.0 24755313.238425 7.833333333333333
41715.0 24882024.452501565 7.847222222222222
41730.0 25008985.176656246 7.861111111111114
41745.0 25136195.410889063 7.8750000000000036
41760.0 25263655.1552 7.88888888888889
41775.0 25341659.672656257 7.88888888888889
41790.0 25419781.211825 7.88888888888889
41805.0 25498019.772706244 7.88888888888889
41820.0 25576375.3553 7.88888888888889
41835.0 25625615.829756256 7.8750000000000036
41850.0 25674869.306625 7.861111111111114
41865.0 25724135.785906244 7.847222222222222
41880.0 25773415.2676 7.833333333333333
41895.0 25721067.609737497 7.847222222222222
41910.0 25668719.951874997 7.861111111111114
41925.0 25616372.294012494 7.8750000000000036
41940.0 25564024.636150002 7.88888888888889
41955.0 25592494.414987497 7.8750000000000036
41970.0 25620964.193824995 7.861111111111114
41985.0 25649433.9726625 7.847222222222222
42000.0 25677903.751499996 7.833333333333333
42015.0 25586964.375568744 7.833333333333333
42030.0 25496177.535675 7.833333333333333
42045.0 25405543.231818754 7.833333333333333
42060.0 25315061.463999987 7.833333333333333
42075.0 25290133.05039374 7.833333333333333
42090.0 25265068.15717499 7.833333333333333
42105.0 25239866.784343746 7.833333333333333
42120.0 25214528.9319 7.833333333333333
42135.0 25216653.171325002 7.833333333333333
42150.0 25218727.559024997 7.833333333333333
42165.0 25220752.094999988 7.833333333333333
42180.0 25222726.77924999 7.833333333333333
42195.0 25168974.001324996 7.833333333333333
42210.0 25115277.951224998 7.833333333333333
42225.0 25061638.62894999 7.833333333333333
42240.0 25008056.034499995 7.833333333333333
42255.0 24880512.935764056 7.833333333333333
42270.0 24752461.513106246 7.833333333333333
42285.0 24623901.766526554 7.833333333333333
42300.0 24494833.696024988 7.833333333333333
42315.0 24330969.267773435 7.833333333333333
42330.0 24166492.10311875 7.833333333333333
42345.0 24001402.202060938 7.833333333333333
42360.0 23835699.5646 7.833333333333333
42375.0 24026877.07588438 7.847222222222222
42390.0 24218371.774712496 7.861111111111114
42405.0 24410183.66108437 7.8750000000000036
42420.0 24602312.734999992 7.88888888888889
42435.0 24803866.01144375 7.88888888888889
42450.0 25005753.528525002 7.88888888888889
42465.0 25207975.286243744 7.88888888888889
42480.0 25410531.2846 7.88888888888889
42495.0 25611042.996481255 7.902777777777778
42510.0 25811773.73775 7.916666666666667
42525.0 26012723.508406248 7.930555555555555
42540.0 26213892.308449995 7.944444444444443
42555.0 26398792.91424375 7.95833333333333
42570.0 26583893.1281 7.972222222222219
42585.0 26769192.950018756 7.986111111111111
42600.0 26954692.380000006 8.0
42615.0 27024428.10375001 8.013888888888888
42630.0 27094163.827499997 8.027777777777779
42645.0 27163899.55125 8.041666666666666
42660.0 27233635.274999995 8.055555555555555
42675.0 27301535.848124996 8.069444444444445
42690.0 27369436.42125 8.083333333333332
42705.0 27437336.99437499 8.097222222222223
42720.0 27505237.567500003 8.11111111111111
42735.0 27450773.08579375 8.11111111111111
42750.0 27396172.855974995 8.11111111111111
42765.0 27341436.878043745 8.11111111111111
42780.0 27286565.15199999 8.11111111111111
42795.0 27220703.406531245 8.125
42810.0 27154768.56592499 8.138888888888893
42825.0 27088760.630181238 8.15277777777778
42840.0 27022679.599299993 8.166666666666668
42855.0 26901367.065529685 8.180555555555555
42870.0 26780314.52971874 8.194444444444445
42885.0 26659521.991867177 8.208333333333334
42900.0 26538989.45197499 8.222222222222221
42915.0 26418716.91004218 8.222222222222221
42930.0 26298704.366068743 8.222222222222221
42945.0 26178951.82005468 8.222222222222221
42960.0 26059459.271999996 8.222222222222221
42975.0 26000051.962499987 8.222222222222221
42990.0 25940684.154 8.222222222222221
43005.0 25881355.8465 8.222222222222221
43020.0 25822067.039999995 8.222222222222221
43035.0 25745440.951999992 8.249999999999996
43050.0 25668920.199999996 8.277777777777779
43065.0 25592504.784000006 8.305555555555557
43080.0 25516194.703999996 8.333333333333334
43095.0 25474266.367549997 8.347222222222221
43110.0 25432338.031099994 8.361111111111109
43125.0 25390409.69465 8.375000000000002
43140.0 25348481.3582 8.38888888888889
43155.0 25306553.02175 8.38888888888889
43170.0 25264624.685299996 8.38888888888889
43185.0 25222696.348849997 8.38888888888889
43200.0 25180768.012399998 8.38888888888889
43215.0 25197937.903840616 8.38888888888889
43230.0 25215110.0172125 8.38888888888889
43245.0 25232284.352515623 8.38888888888889
43260.0 25249460.909749992 8.38888888888889
43275.0 25266639.688915618 8.402777777777779
43290.0 25283820.690012492 8.41666666666667
43305.0 25301003.913040623 8.430555555555559
43320.0 25318189.357999995 8.444444444444446
43335.0 25346339.635925 8.458333333333334
43350.0 25374489.913849995 8.472222222222221
43365.0 25402640.191774998 8.48611111111111
43380.0 25430790.469699994 8.499999999999998
43395.0 25481119.75447499 8.569444444444443
43410.0 25531449.039249998 8.638888888888888
43425.0 25581778.32402499 8.708333333333332
43440.0 25632107.608799998 8.777777777777777
43455.0 25716961.051031247 8.833333333333334
43470.0 25801944.681974992 8.88888888888889
43485.0 25887058.50163124 8.944444444444445
43500.0 25972302.510000005 9.000000000000002
43515.0 26031930.55876875 9.04166666666667
43530.0 26091626.801625006 9.083333333333334
43545.0 26151391.238568753 9.124999999999998
43560.0 26211223.8696 9.166666666666666
43575.0 26230172.572450005 9.180555555555555
43590.0 26249121.275300004 9.194444444444443
43605.0 26268069.978149995 9.208333333333336
43620.0 26287018.681 9.222222222222221
43635.0 26287018.681 9.25
43650.0 26287018.681 9.277777777777779
43665.0 26287018.681 9.305555555555555
43680.0 26287018.681 9.333333333333332
43695.0 26299938.251124997 9.305555555555555
43710.0 26312857.821249995 9.277777777777779
43725.0 26325777.39137499 9.25
43740.0 26338696.961500004 9.222222222222221
43755.0 26341280.875524998 9.194444444444443
43770.0 26343864.78955 9.166666666666666
43785.0 26346448.703574996 9.138888888888891
43800.0 26349032.617599994 9.11111111111111
43815.0 26318512.66828437 9.069444444444446
43830.0 26288001.908437494 9.027777777777779
43845.0 26257500.33805937 8.986111111111109
43860.0 26227007.95715 8.944444444444445
43875.0 26198245.843481243 8.944444444444445
43890.0 26169492.306649998 8.944444444444445
43905.0 26140747.346656248 8.944444444444445
43920.0 26112010.963499997 8.944444444444445
43935.0 26038044.134025004 8.930555555555557
43950.0 25964077.30455 8.916666666666664
43965.0 25890110.475074995 8.902777777777779
43980.0 25816143.6456 8.88888888888889
43995.0 25724975.227875 8.861111111111112
44010.0 25633806.810149997 8.833333333333334
44025.0 25542638.392424997 8.805555555555552
44040.0 25451469.9747 8.777777777777777
44055.0 25323670.560650002 8.76388888888889
44070.0 25196091.767 8.75
44085.0 25068733.59375 8.73611111111111
44100.0 24941596.040900003 8.722222222222223
44115.0 24876262.484150004 8.73611111111111
44130.0 24811012.610999994 8.75
44145.0 24745846.421449997 8.76388888888889
44160.0 24680763.915499996 8.777777777777777
44175.0 24655189.761124987 8.833333333333334
44190.0 24629615.60675 8.88888888888889
44205.0 24604041.452375002 8.944444444444445
44220.0 24578467.298000004 9.000000000000002
44235.0 24578467.297999997 9.000000000000002
44250.0 24578467.297999993 9.000000000000002
44265.0 24578467.298000004 9.000000000000002
44280.0 24578467.297999997 9.000000000000002
44295.0 24593849.279999994 9.000000000000002
44310.0 24609136.4596 9.000000000000002
44325.0 24624328.836799998 9.000000000000002
44340.0 24639426.411599994 9.000000000000002
44355.0 24652709.427500002 8.986111111111114
44370.0 24665891.71585 8.972222222222225
44385.0 24678973.276650004 8.958333333333334
44400.0 24691954.109899998 8.944444444444445
44415.0 24825942.087100003 8.944444444444445
44430.0 24960264.944999993 8.944444444444445
44445.0 25094922.6836 8.944444444444445
44460.0 25229915.302900005 8.944444444444445
44475.0 25351174.448599998 8.986111111111109
44490.0 25472672.794800006 9.027777777777779
44505.0 25594410.341500007 9.069444444444446
44520.0 25716387.088700004 9.11111111111111
44535.0 25800520.241168752 9.222222222222221
44550.0 25884780.948950004 9.333333333333332
44565.0 25969169.21204375 9.444444444444445
44580.0 26053685.03045 9.555555555555557
44595.0 26097224.783678126 9.555555555555557
44610.0 26140794.2998125 9.555555555555557
44625.0 26184393.578853123 9.555555555555557
44640.0 26228022.6208 9.555555555555557
44655.0 26158276.486890618 9.52777777777778
44670.0 26088529.28316249 9.5
44685.0 26018781.009615622 9.472222222222221
44700.0 25949031.666249994 9.444444444444445
44715.0 25855964.969449997 9.430555555555555
44730.0 25762896.846224993 9.416666666666668
44745.0 25669827.296574995 9.402777777777777
44760.0 25576756.320499998 9.38888888888889
44775.0 25514940.154068742 9.38888888888889
44790.0 25452975.29197499 9.38888888888889
44805.0 25390861.734218746 9.38888888888889
44820.0 25328599.480799995 9.38888888888889
44835.0 25291409.682481244 9.375
44850.0 25254115.480825003 9.361111111111107
44865.0 25216716.87583125 9.34722222222222
44880.0 25179213.867499992 9.333333333333332
44895.0 25218026.617437497 9.319444444444445
44910.0 25256839.367374994 9.305555555555555
44925.0 25295652.11731249 9.291666666666666
44940.0 25334464.86724999 9.277777777777779
44955.0 25415141.705078118 9.277777777777779
44970.0 25495946.619412497 9.277777777777779
44985.0 25576879.61025311 9.277777777777779
45000.0 25657940.677599993 9.277777777777779
45015.0 25826143.186593745 9.277777777777779
45030.0 25994894.924074993 9.277777777777779
45045.0 26164195.890043743 9.277777777777779
45060.0 26334046.084499992 9.277777777777779
45075.0 26502587.762612496 9.263888888888893
45090.0 26671666.983499993 9.250000000000004
45105.0 26841283.74716249 9.23611111111111
45120.0 27011438.053599995 9.222222222222221
45135.0 27108333.732287493 9.222222222222221
45150.0 27205385.47649999 9.222222222222221
45165.0 27302593.286237493 9.222222222222221
45180.0 27399957.16149999 9.222222222222221
45195.0 27442761.386906244 9.25
45210.0 27485588.563124996 9.277777777777779
45225.0 27528438.690156244 9.305555555555555
45240.0 27571311.76799999 9.333333333333332
45255.0 27624982.777940616 9.375
45270.0 27678126.038062498 9.416666666666668
45285.0 27730741.548365623 9.458333333333334
45300.0 27782829.308849998 9.5
45315.0 27757044.71564062 9.597222222222221
45330.0 27730092.675862495 9.694444444444446
45345.0 27701973.189515617 9.791666666666666
45360.0 27672686.256599996 9.888888888888888
45375.0 25775608.1034375 9.916666666666664
45390.0 23900693.961374994 9.944444444444445
45405.0 22047943.830412496 9.972222222222223
45420.0 20217357.710550003 10.0
45435.0 18465439.807237502 10.0
45450.0 16725399.854625003 10.0
45465.0 14997237.852712503 10.0
45480.0 13280953.8015 10.0
45495.0 13407368.833512502 10.01388888888889
45510.0 13528710.218099995 10.027777777777777
45525.0 13644977.955262495 10.041666666666668
45540.0 13756172.044999996 10.055555555555555
45555.0 13894492.9344375 9.98611111111111
45570.0 14028884.608199997 9.916666666666666
45585.0 14159347.066287495 9.847222222222221
45600.0 14285880.308699995 9.777777777777779
45615.0 14164566.519949999 9.73611111111111
45630.0 14035379.194374993 9.694444444444446
45645.0 13898318.331974994 9.652777777777779
45660.0 13753383.932749996 9.611111111111109
45675.0 13556027.367815623 9.624999999999996
45690.0 13349710.2479125 9.638888888888886
45705.0 13134432.573040623 9.652777777777779
45720.0 12910194.343199998 9.666666666666666
45735.0 12614473.398450002 9.694444444444446
45750.0 12318138.139999999 9.722222222222221
45765.0 12021188.567850001 9.749999999999998
45780.0 11723624.682000004 9.777777777777779
45795.0 11411649.148900006 9.791666666666666
45810.0 11099031.944000008 9.805555555555559
45825.0 10785773.067300001 9.819444444444448
45840.0 10471872.518800002 9.833333333333336
45855.0 10249238.390737506 9.86111111111111
45870.0 10028713.94525 9.888888888888888
45885.0 9810299.182337504 9.916666666666666
45900.0 9593994.102000006 9.944444444444445
45915.0 9379798.7042375 9.930555555555555
45930.0 9167712.989050005 9.916666666666664
45945.0 8957736.9564375 9.902777777777775
45960.0 8749870.606400004 9.888888888888888
45975.0 8765215.414484376 9.84722222222222
45990.0 8779852.542037502 9.805555555555555
46005.0 8793781.989059377 9.763888888888891
46020.0 8807003.75555 9.722222222222221
46035.0 8844427.144678125 9.708333333333334
46050.0 8880859.781062502 9.694444444444446
46065.0 8916301.664703123 9.680555555555554
46080.0 8950752.7956 9.666666666666666
46095.0 9144859.027150001 9.666666666666666
46110.0 9340489.558399998 9.666666666666666
46125.0 9537644.38935 9.666666666666666
46140.0 9736323.519999996 9.666666666666666
46155.0 9940895.614649998 9.666666666666666
46170.0 10147036.191599999 9.666666666666666
46185.0 10354745.250849998 9.666666666666666
46200.0 10564022.792399999 9.666666666666666
46215.0 10555720.662867185 9.666666666666666
46230.0 10547339.73706875 9.666666666666666
46245.0 10538880.015004685 9.666666666666666
46260.0 10530341.496674996 9.666666666666666
46275.0 10529546.60991406 9.749999999999998
46290.0 10528697.441281248 9.833333333333336
46305.0 10527793.990776563 9.916666666666666
46320.0 10526836.258399999 10.0
46335.0 10503768.515624998 10.097222222222221
46350.0 10480705.454449994 10.194444444444445
46365.0 10457647.074874995 10.29166666666667
46380.0 10434593.376899995 10.388888888888891
46395.0 10414877.47685 10.402777777777779
46410.0 10395152.213600002 10.416666666666666
46425.0 10375417.587150002 10.430555555555555
46440.0 10355673.5975 10.444444444444443
46455.0 10119507.857834376 10.374999999999998
46470.0 9886032.291712502 10.305555555555554
46485.0 9655246.899134375 10.236111111111109
46500.0 9427151.6801 10.166666666666664
46515.0 9183935.112515626 10.124999999999996
46530.0 8943791.420987502 10.083333333333334
46545.0 8706720.605515625 10.041666666666668
46560.0 8472722.666100003 10.0
46575.0 8567194.281800002 9.958333333333332
46590.0 8661792.739599999 9.916666666666666
46605.0 8756518.039499998 9.875000000000004
46620.0 8851370.181500003 9.833333333333336
46635.0 8974086.475200005 9.819444444444448
46650.0 9097479.260100001 9.805555555555559
46665.0 9221548.5362 9.791666666666666
46680.0 9346294.3035 9.777777777777779
46695.0 9486698.715243753 9.763888888888891
46710.0 9628022.384750001 9.749999999999998
46725.0 9770265.31201875 9.73611111111111
46740.0 9913427.497049998 9.722222222222221
46755.0 10018125.094140626 9.708333333333334
46770.0 10123367.832462497 9.694444444444446
46785.0 10229155.712015625 9.680555555555554
46800.0 10335488.732800003 9.666666666666666
46815.0 10237281.748925002 9.666666666666666
46830.0 10139541.0963 9.666666666666666
46845.0 10042266.774925001 9.666666666666666
46860.0 9945458.7848 9.666666666666666
46875.0 9846892.84473125 9.666666666666666
46890.0 9748816.552474998 9.666666666666666
46905.0 9651229.90803125 9.666666666666666
46920.0 9554132.911400001 9.666666666666666
46935.0 9466798.175450005 9.652777777777779
46950.0 9379571.701500002 9.638888888888886
46965.0 9292453.489550002 9.624999999999996
46980.0 9205443.539599998 9.611111111111109
46995.0 9138179.773800002 9.597222222222221
47010.0 9070997.936000006 9.583333333333334
47025.0 9003898.026199998 9.569444444444445
47040.0 8936880.0444 9.555555555555557
47055.0 8791525.087537503 9.569444444444445
47070.0 8646170.130674997 9.583333333333334
47085.0 8500815.173812501 9.597222222222221
47100.0 8355460.216950003 9.611111111111109
47115.0 8210105.260087498 9.597222222222221
47130.0 8064750.303225 9.583333333333334
47145.0 7919395.346362498 9.569444444444445
47160.0 7774040.389499999 9.555555555555557
47175.0 7774268.8918125 9.555555555555557
47190.0 7774497.394125 9.555555555555557
47205.0 7774725.896437501 9.555555555555557
47220.0 7774954.398749999 9.555555555555557
47235.0 7775182.9010625 9.54166666666667
47250.0 7775411.403375002 9.52777777777778
47265.0 7775639.9056875 9.51388888888889
47280.0 7775868.407999999 9.5
47295.0 7889269.58639531 9.5
47310.0 8003087.514056247 9.5
47325.0 8117322.190982808 9.5
47340.0 8231973.617174996 9.5
47355.0 8347041.792632814 9.51388888888889
47370.0 8462526.717356252 9.52777777777778
47385.0 8578428.391345313 9.54166666666667
47400.0 8694746.814599998 9.555555555555557
47415.0 8717458.627762496 9.611111111111114
47430.0 8740170.440925 9.66666666666667
47445.0 8762882.254087498 9.722222222222221
47460.0 8785594.067249997 9.777777777777779
47475.0 8800550.627137495 9.833333333333336
47490.0 8815507.18702499 9.888888888888888
47505.0 8830463.746912498 9.944444444444445
47520.0 8845420.306799997 10.0
47535.0 8846266.951757811 9.98611111111111
47550.0 8847110.940456247 9.972222222222223
47565.0 8847952.272895308 9.958333333333332
47580.0 8848790.949074997 9.944444444444445
47595.0 8852944.956985937 9.916666666666666
47610.0 8857094.031843755 9.888888888888888
47625.0 8861238.17364844 9.86111111111111
47640.0 8865377.382400004 9.833333333333336
47655.0 8858679.914700001 9.805555555555559
47670.0 8851983.910000004 9.777777777777779
47685.0 8845289.368300002 9.749999999999998
47700.0 8838596.289600002 9.722222222222221
47715.0 8831904.6739 9.708333333333334
47730.0 8825214.521200003 9.694444444444446
47745.0 8818525.831500003 9.680555555555554
47760.0 8811838.604800003 9.666666666666666
47775.0 8822840.950000007 9.666666666666666
47790.0 8833816.668600002 9.666666666666666
47805.0 8844765.760599999 9.666666666666666
47820.0 8855688.226000002 9.666666666666666
47835.0 8866584.064800004 9.63888888888889
47850.0 8877453.277 9.611111111111109
47865.0 8888295.862599999 9.583333333333334
47880.0 8899111.8216 9.555555555555557
47895.0 8920103.091899998 9.583333333333334
47910.0 8941094.3622 9.611111111111109
47925.0 8962085.6325 9.63888888888889
47940.0 8983076.902800001 9.666666666666666
47955.0 9004068.1731 9.722222222222221
47970.0 9025059.4434 9.777777777777775
47985.0 9046050.7137 9.83333333333333
48000.0 9067041.984000001 9.888888888888888
48015.0 9047052.064049998 9.930555555555555
48030.0 9027062.144100001 9.972222222222223
48045.0 9007072.22415 10.01388888888889
48060.0 8987082.304200001 10.055555555555555
48075.0 8967092.38425 10.041666666666668
48090.0 8947102.4643 10.027777777777777
48105.0 8927112.544349998 10.01388888888889
48120.0 8907122.624399997 10.0
48135.0 8916627.150200002 9.972222222222223
48150.0 8926099.9289 9.944444444444445
48165.0 8935540.960500002 9.916666666666664
48180.0 8944950.245000005 9.888888888888888
48195.0 8948862.494446874 9.86111111111111
48210.0 8952752.9177625 9.833333333333336
48225.0 8956621.514946874 9.805555555555555
48240.0 8960468.286000002 9.777777777777779
48255.0 9167237.916375004 9.777777777777779
48270.0 9374007.546750002 9.777777777777779
48285.0 9580777.177125 9.777777777777779
48300.0 9787546.8075 9.777777777777779
48315.0 9994316.437875 9.791666666666666
48330.0 10201086.068250004 9.805555555555559
48345.0 10407855.698625 9.819444444444448
48360.0 10614625.329000004 9.833333333333336
48375.0 10687441.925015628 9.833333333333336
48390.0 10760331.844762506 9.833333333333336
48405.0 10833295.088240627 9.833333333333336
48420.0 10906331.655450001 9.833333333333336
48435.0 10955464.60397813 9.833333333333336
48450.0 11004377.581312498 9.833333333333336
48465.0 11053070.587453123 9.833333333333336
48480.0 11101543.6224 9.833333333333336
48495.0 11125234.86148594 9.833333333333336
48510.0 11148618.363093752 9.833333333333336
48525.0 11171694.12722344 9.833333333333336
48540.0 11194462.153875003 9.833333333333336
48555.0 11222272.432885934 9.833333333333336
48570.0 11249744.580593744 9.833333333333336
48585.0 11276878.596998435 9.833333333333336
48600.0 11303674.482099995 9.833333333333336
48615.0 11368556.817646869 9.833333333333336
48630.0 11428414.891162502 9.833333333333336
48645.0 11483248.702646874 9.833333333333336
48660.0 11533058.252099998 9.833333333333336
48675.0 11596519.488881247 9.833333333333336
48690.0 11654470.244724996 9.833333333333336
48705.0 11706910.51963125 9.833333333333336
48720.0 11753840.3136 9.833333333333336
48735.0 11699441.740043746 9.86111111111111
48750.0 11644693.235174999 9.888888888888888
48765.0 11589594.798993751 9.916666666666666
48780.0 11534146.431499997 9.944444444444445
48795.0 11487594.146393746 10.0
48810.0 11440561.722974991 10.055555555555552
48825.0 11393049.161243746 10.111111111111107
48840.0 11345056.461199993 10.166666666666664
48855.0 11270203.60235 10.194444444444441
48870.0 11195434.683124999 10.222222222222221
48885.0 11120749.703525 10.250000000000002
48900.0 11046148.663550003 10.277777777777779
48915.0 10977270.765278123 10.250000000000002
48930.0 10908469.811662503 10.222222222222221
48945.0 10839745.802703125 10.194444444444441
48960.0 10771098.738400005 10.166666666666664
48975.0 10790878.669845317 10.13888888888889
48990.0 10810293.669656252 10.111111111111112
49005.0 10829343.737832813 10.083333333333334
49020.0 10848028.874375 10.055555555555555
49035.0 10852492.622245315 10.055555555555555
49050.0 10856452.41690625 10.055555555555555
49065.0 10859908.258357812 10.055555555555555
49080.0 10862860.1466 10.055555555555555
49095.0 10843595.07 10.055555555555555
49110.0 10824203.590200003 10.055555555555555
49125.0 10804685.707200002 10.055555555555555
49140.0 10785041.421000004 10.055555555555555
49155.0 10765270.731599996 10.041666666666668
49170.0 10745373.638999999 10.027777777777777
49185.0 10725350.1432 10.01388888888889
49200.0 10705200.244199999 10.0
49215.0 10656638.153700002 9.98611111111111
49230.0 10608183.154799998 9.972222222222223
49245.0 10559835.247499995 9.958333333333332
49260.0 10511594.4318 9.944444444444445
49275.0 10465814.162650002 9.944444444444445
49290.0 10420132.0608 9.944444444444445
49305.0 10374548.126249999 9.944444444444445
49320.0 10329062.359000001 9.944444444444445
49335.0 10249371.286000004 9.958333333333332
49350.0 10169643.052799998 9.972222222222223
49365.0 10089877.6594 9.98611111111111
49380.0 10010075.105800001 10.0
49395.0 9934729.727999995 10.041666666666668
49410.0 9859272.869599998 10.083333333333334
49425.0 9783704.530599995 10.124999999999996
49440.0 9708024.710999995 10.166666666666664
49455.0 9686952.68767187 10.166666666666664
49470.0 9665835.283912495 10.166666666666664
49485.0 9644672.49972187 10.166666666666664
49500.0 9623464.335099991 10.166666666666664
49515.0 9607608.3228125 10.13888888888889
49530.0 9591674.515500002 10.111111111111112
49545.0 9575662.913162496 10.083333333333334
49560.0 9559573.515799997 10.055555555555555
49575.0 9522666.030762501 10.069444444444445
49590.0 9485758.545724997 10.083333333333336
49605.0 9448851.0606875 10.097222222222225
49620.0 9411943.575650003 10.111111111111112
49635.0 9381454.7836625 10.13888888888889
49650.0 9350965.991675003 10.166666666666664
49665.0 9320477.1996875 10.194444444444445
49680.0 9289988.407700002 10.222222222222221
49695.0 9314652.352053128 10.236111111111109
49710.0 9338729.807137502 10.250000000000002
49725.0 9362220.772953125 10.26388888888889
49740.0 9385125.249499999 10.277777777777779
49755.0 9395256.711946875 10.291666666666666
49770.0 9404634.116762498 10.305555555555554
49785.0 9413257.463946873 10.319444444444446
49800.0 9421126.753499998 10.333333333333334
49815.0 9458662.606181247 10.333333333333334
49830.0 9495957.155299995 10.333333333333334
49845.0 9533010.40085625 10.333333333333334
49860.0 9569822.342850002 10.333333333333334
49875.0 9573767.715531249 10.333333333333334
49890.0 9577085.698950006 10.333333333333334
49905.0 9579776.293106252 10.333333333333334
49920.0 9581839.498000003 10.333333333333334
49935.0 9581521.661249999 10.347222222222221
49950.0 9581196.87525 10.361111111111114
49965.0 9580865.139999995 10.375000000000004
49980.0 9580526.455499995 10.388888888888891
49995.0 9580180.82175 10.430555555555559
50010.0 9579828.23875 10.472222222222221
50025.0 9579468.7065 10.513888888888888
50040.0 9579102.224999998 10.555555555555555
50055.0 9539247.224718748 10.583333333333332
50070.0 9498830.158124996 10.61111111111111
50085.0 9457851.025218748 10.638888888888893
50100.0 9416309.826000001 10.666666666666668
50115.0 9382218.702828126 10.65277777777778
50130.0 9347434.3645375 10.638888888888893
50145.0 9311956.811128125 10.625
50160.0 9275786.042599998 10.61111111111111
50175.0 9253327.573032811 10.652777777777777
50190.0 9230813.486606248 10.694444444444445
50205.0 9208243.78332031 10.736111111111112
50220.0 9185618.463174995 10.777777777777779
50235.0 9162937.526170311 10.75
50250.0 9140200.97230625 10.722222222222221
50265.0 9117408.80158281 10.694444444444445
50280.0 9094561.013999997 10.666666666666668
50295.0 9111119.942924999 10.625
50310.0 9127667.350724995 10.583333333333332
50325.0 9144203.237399999 10.541666666666666
50340.0 9160727.60295 10.5
50355.0 9170650.363874996 10.472222222222221
50370.0 9180533.952974997 10.444444444444443
50385.0 9190378.370249994 10.416666666666666
50400.0 9200183.615699997 10.388888888888891
50415.0 9281916.634374997 10.388888888888891
50430.0 9362670.979199998 10.388888888888891
50445.0 9442446.650175001 10.388888888888891
50460.0 9521243.647300003 10.388888888888891
50475.0 9586112.536962498 10.430555555555559
50490.0 9649686.123 10.472222222222221
50505.0 9711964.405412499 10.513888888888888
50520.0 9772947.3842 10.555555555555555
50535.0 9805460.00352188 10.583333333333332
50550.0 9837707.682687499 10.61111111111111
50565.0 9869690.421696872 10.638888888888893
50580.0 9901408.220550003 10.666666666666668
50595.0 9924074.269243745 10.638888888888893
50610.0 9946377.76825 10.61111111111111
50625.0 9968318.717568746 10.583333333333332
50640.0 9989897.117199995 10.555555555555555
50655.0 10018105.421362493 10.527777777777779
50670.0 10046337.755299997 10.5
50685.0 10074594.119012503 10.47222222222222
50700.0 10102874.5125 10.444444444444443
50715.0 10145253.571818745 10.444444444444443
50730.0 10187671.345775 10.444444444444443
50745.0 10230127.834368758 10.444444444444443
50760.0 10272623.037600003 10.444444444444443
50775.0 10283956.624287503 10.430555555555555
50790.0 10294823.111650007 10.416666666666666
50805.0 10305222.499687502 10.402777777777779
50820.0 10315154.788400002 10.388888888888891
50835.0 10340926.630649995 10.388888888888891
50850.0 10366090.157499993 10.388888888888891
50865.0 10390645.368949994 10.388888888888891
50880.0 10414592.264999995 10.388888888888891
50895.0 10385840.44719375 10.388888888888891
50910.0 10356786.611324996 10.388888888888891
50925.0 10327430.757393746 10.388888888888891
50940.0 10297772.885400001 10.388888888888891
50955.0 10273835.526281247 10.388888888888891
50970.0 10249529.033974998 10.388888888888891
50985.0 10224853.408481246 10.388888888888891
51000.0 10199808.649799999 10.388888888888891
51015.0 10168571.441875 10.388888888888891
51030.0 10137381.744874997 10.388888888888891
51045.0 10106239.558799997 10.388888888888891
51060.0 10075144.883649997 10.388888888888891
51075.0 10037050.878181253 10.388888888888891
51090.0 9999028.139100002 10.388888888888891
51105.0 9961076.666406251 10.388888888888891
51120.0 9923196.4601 10.388888888888891
51135.0 9906799.3024 10.402777777777779
51150.0 9890183.5725 10.416666666666666
51165.0 9873349.270399997 10.430555555555555
51180.0 9856296.396099994 10.444444444444443
51195.0 9833106.3831 10.5
51210.0 9809667.440649996 10.555555555555555
51225.0 9785979.56875 10.61111111111111
51240.0 9762042.767399997 10.666666666666668
51255.0 9767848.198281247 10.708333333333336
51270.0 9773298.211599996 10.75
51285.0 9778392.807356248 10.791666666666664
51300.0 9783131.985549996 10.833333333333334
51315.0 9742369.815543754 10.805555555555557
51330.0 9700847.598750003 10.777777777777779
51345.0 9658565.335168753 10.749999999999996
51360.0 9615523.024800003 10.722222222222221
51375.0 9615322.232621875 10.722222222222221
51390.0 9614155.3575375 10.722222222222221
51405.0 9612022.399546877 10.722222222222221
51420.0 9608923.358649999 10.722222222222221
51435.0 9618943.482224999 10.722222222222221
51450.0 9628190.739475 10.722222222222221
51465.0 9636665.130400002 10.722222222222221
51480.0 9644366.655000001 10.722222222222221
51495.0 9679879.647298442 10.708333333333334
51510.0 9714969.544568747 10.694444444444445
51525.0 9749636.346810933 10.680555555555555
51540.0 9783880.054025002 10.666666666666668
51555.0 9813645.161632814 10.680555555555555
51570.0 9842933.162081257 10.694444444444445
51585.0 9871744.05537031 10.708333333333334
51600.0 9900077.841500001 10.722222222222221
51615.0 9957979.943450004 10.722222222222221
51630.0 10015940.382524997 10.722222222222221
51645.0 10073959.158725 10.722222222222221
51660.0 10132036.272050003 10.722222222222221
51675.0 10234046.072971873 10.76388888888889
51690.0 10336566.323737502 10.805555555555557
51705.0 10439597.024346873 10.847222222222221
51720.0 10543138.174800001 10.88888888888889
51735.0 10720734.890250005 10.902777777777779
51750.0 10899118.041350005 10.91666666666667
51765.0 11078287.628099993 10.930555555555559
51780.0 11258243.650499996 10.944444444444446
51795.0 11447722.60506875 10.930555555555559
51810.0 11638033.36657499 10.91666666666667
51825.0 11829175.93501874 10.902777777777779
51840.0 12021150.310399992 10.88888888888889
51855.0 12132222.070478125 10.861111111111109
51870.0 12243569.048287498 10.833333333333334
51885.0 12355191.243828123 10.805555555555557
51900.0 12467088.657099996 10.777777777777779
51915.0 12554130.852484375 10.819444444444445
51930.0 12641374.585262503 10.861111111111109
51945.0 12728819.855434375 10.902777777777779
51960.0 12816466.663000006 10.944444444444446
51975.0 12864586.778914068 10.930555555555559
51990.0 12912790.683581252 10.91666666666667
52005.0 12961078.377001561 10.902777777777779
52020.0 13009449.859175004 10.88888888888889
52035.0 13038470.386648443 10.833333333333334
52050.0 13067521.568543753 10.77777777777778
52065.0 13096603.404860936 10.722222222222225
52080.0 13125715.895599999 10.666666666666668
52095.0 13125715.895599999 10.666666666666668
52110.0 13125715.895599999 10.666666666666668
52125.0 13125715.895599999 10.666666666666668
52140.0 13125715.895599999 10.666666666666668
52155.0 13125715.895599999 10.680555555555555
52170.0 13125715.895599999 10.694444444444445
52185.0 13125715.895599999 10.708333333333334
52200.0 13125715.895599999 10.722222222222221
52215.0 13093039.095674995 10.749999999999996
52230.0 13060394.04285 10.777777777777779
52245.0 13027780.737125004 10.805555555555557
52260.0 12995199.1785 10.833333333333334
52275.0 12965641.668306252 10.861111111111109
52290.0 12936111.936824994 10.88888888888889
52305.0 12906609.984056247 10.91666666666667
52320.0 12877135.809999999 10.944444444444446
52335.0 12861798.376350002 10.986111111111114
52350.0 12846460.942699999 11.027777777777779
52365.0 12831123.509050002 11.069444444444443
52380.0 12815786.075400002 11.11111111111111
52395.0 12819744.308765627 11.138888888888888
52410.0 12823656.302187499 11.166666666666666
52425.0 12827522.055665622 11.194444444444448
52440.0 12831341.569199996 11.222222222222223
52455.0 12835049.49240937 11.27777777777778
52470.0 12838744.660087503 11.333333333333336
52485.0 12842427.072234385 11.38888888888889
52500.0 12846096.728850007 11.444444444444445
52515.0 12858601.799071874 11.416666666666664
52530.0 12871083.909337498 11.38888888888889
52545.0 12883543.059646877 11.361111111111112
52560.0 12895979.250000004 11.333333333333334
52575.0 12931591.7605875 11.26388888888889
52590.0 12967252.147850005 11.194444444444445
52605.0 13002960.411787504 11.125
52620.0 13038716.5524 11.055555555555555
52635.0 13064155.717593752 11.041666666666666
52650.0 13089618.821125 11.027777777777775
52665.0 13115105.862993754 11.013888888888886
52680.0 13140616.843200004 10.999999999999998
52695.0 13144768.978928126 11.027777777777775
52710.0 13148917.4114375 11.055555555555555
52725.0 13153062.140728127 11.083333333333336
52740.0 13157203.166800002 11.11111111111111
52755.0 13153920.633700002 11.125
52770.0 13150638.100600002 11.138888888888888
52785.0 13147355.567500003 11.152777777777779
52800.0 13144073.034400003 11.166666666666666
52815.0 13182319.146150002 11.152777777777779
52830.0 13220608.343249999 11.138888888888888
52845.0 13258940.6257 11.125
52860.0 13297315.993500002 11.11111111111111
52875.0 13335734.44665 11.11111111111111
52890.0 13374195.98515 11.11111111111111
52905.0 13412700.608999997 11.11111111111111
52920.0 13451248.318199998 11.11111111111111
52935.0 13446466.7953 11.097222222222221
52950.0 13441685.2724 11.083333333333336
52965.0 13436903.749499999 11.069444444444443
52980.0 13432122.226599999 11.055555555555555
52995.0 13427340.703699997 11.055555555555555
53010.0 13422559.180799998 11.055555555555555
53025.0 13417777.657899998 11.055555555555555
53040.0 13412996.134999998 11.055555555555555
53055.0 13397167.645399997 11.055555555555555
53070.0 13381339.155799998 11.055555555555555
53085.0 13365510.666199997 11.055555555555555
53100.0 13349682.1766 11.055555555555555
53115.0 13333853.686999997 11.069444444444443
53130.0 13318025.197399996 11.083333333333336
53145.0 13302196.707799999 11.097222222222221
53160.0 13286368.218199998 11.11111111111111
53175.0 13272949.362749994 11.11111111111111
53190.0 13259527.5813 11.11111111111111
53205.0 13246102.87385 11.11111111111111
53220.0 13232675.240399994 11.11111111111111
53235.0 13219244.680949997 11.138888888888888
53250.0 13205811.195499996 11.166666666666666
53265.0 13192374.78405 11.194444444444448
53280.0 13178935.446599998 11.222222222222223
53295.0 13168116.561600002 11.25
53310.0 13157295.921000002 11.277777777777777
53325.0 13146473.524799995 11.305555555555555
53340.0 13135649.372999998 11.333333333333334
53355.0 13124823.4656 11.333333333333334
53370.0 13113995.802599993 11.333333333333334
53385.0 13103166.383999994 11.333333333333334
53400.0 13092335.209799998 11.333333333333334
53415.0 13093526.937596872 11.333333333333334
53430.0 13094718.60138749 11.333333333333334
53445.0 13095910.201171875 11.333333333333334
53460.0 13097101.736949997 11.333333333333334
53475.0 13086488.956646873 11.333333333333334
53490.0 13075876.6243875 11.333333333333334
53505.0 13065264.740171878 11.333333333333334
53520.0 13054653.304 11.333333333333334
53535.0 13065452.987125004 11.333333333333334
53550.0 13076246.452499999 11.333333333333334
53565.0 13087033.700125001 11.333333333333334
53580.0 13097814.730000002 11.333333333333334
53595.0 13124904.826687507 11.319444444444445
53610.0 13152022.903250007 11.305555555555552
53625.0 13179168.9596875 11.291666666666664
53640.0 13206342.996000005 11.277777777777777
53655.0 13218989.899500003 11.26388888888889
53670.0 13231636.803 11.25
53685.0 13244283.706500003 11.23611111111111
53700.0 13256930.610000003 11.222222222222223
53715.0 13269577.513499998 11.208333333333336
53730.0 13282224.417000005 11.194444444444448
53745.0 13294871.320500001 11.180555555555555
53760.0 13307518.223999998 11.166666666666666
53775.0 13307518.223999998 11.166666666666666
53790.0 13307518.223999998 11.166666666666666
53805.0 13307518.223999998 11.166666666666666
53820.0 13307518.223999998 11.166666666666666
53835.0 13307518.223999998 11.166666666666666
53850.0 13307518.223999998 11.166666666666666
53865.0 13307518.223999998 11.166666666666666
53880.0 13307518.223999998 11.166666666666666
53895.0 13219602.896499999 11.180555555555555
53910.0 13131687.568999998 11.194444444444448
53925.0 13043772.241499998 11.208333333333336
53940.0 12955856.913999999 11.222222222222223
53955.0 12867941.586499998 11.222222222222223
53970.0 12780026.259 11.222222222222223
53985.0 12692110.931499997 11.222222222222223
54000.0 12604195.603999998 11.222222222222223
54015.0 12423806.606749995 11.263888888888893
54030.0 12244206.312799998 11.305555555555555
54045.0 12065394.722150004 11.347222222222221
54060.0 11887371.834800001 11.38888888888889
54075.0 11728716.7449375 11.402777777777779
54090.0 11570390.281450003 11.416666666666664
54105.0 11412392.444337508 11.430555555555557
54120.0 11254723.233600002 11.444444444444445
54135.0 11174861.451359382 11.472222222222221
54150.0 11095211.410937505 11.500000000000002
54165.0 11015773.112334376 11.527777777777779
54180.0 10936546.55555 11.555555555555554
54195.0 10863749.902053125 11.527777777777779
54210.0 10791096.6865625 11.500000000000002
54225.0 10718586.909078121 11.472222222222221
54240.0 10646220.569599997 11.444444444444445
54255.0 10559214.048556246 11.416666666666664
54270.0 10472303.482024994 11.38888888888889
54285.0 10385488.870006246 11.361111111111112
54300.0 10298770.212499999 11.333333333333334
54315.0 10218245.042053122 11.333333333333334
54330.0 10137808.556837505 11.333333333333334
54345.0 10057460.756853126 11.333333333333334
54360.0 9977201.6421 11.333333333333334
54375.0 10064125.896824999 11.319444444444445
54390.0 10149337.563750003 11.305555555555552
54405.0 10232836.642875 11.291666666666664
54420.0 10314623.134200007 11.277777777777777
54435.0 10386857.899687504 11.277777777777777
54450.0 10457166.0039 11.277777777777777
54465.0 10525547.446837505 11.277777777777777
54480.0 10592002.228500001 11.277777777777777
54495.0 10599364.961160941 11.291666666666664
54510.0 10605454.81524375 11.305555555555552
54525.0 10610271.79074844 11.319444444444445
54540.0 10613815.887674997 11.333333333333334
54555.0 10593440.963273438 11.361111111111112
54570.0 10571438.96799375 11.38888888888889
54585.0 10547809.901835945 11.416666666666664
54600.0 10522553.764800005 11.444444444444445
54615.0 10556012.647950003 11.430555555555557
54630.0 10589488.355600007 11.416666666666664
54645.0 10622980.887750005 11.402777777777779
54660.0 10656490.244400002 11.38888888888889
54675.0 10684137.945249997 11.430555555555557
54690.0 10711768.821599998 11.472222222222221
54705.0 10739382.873450004 11.513888888888886
54720.0 10766980.100800006 11.555555555555554
54735.0 10836778.72440625 11.61111111111111
54750.0 10906438.417874997 11.666666666666666
54765.0 10975959.181206249 11.722222222222221
54780.0 11045341.014399994 11.777777777777779
54795.0 11139671.60604375 11.777777777777779
54810.0 11233819.121524997 11.777777777777779
54825.0 11327783.560843736 11.777777777777779
54840.0 11421564.923999991 11.777777777777779
54855.0 11432127.345099993 11.777777777777779
54870.0 11442616.030999996 11.777777777777779
54885.0 11453030.981699998 11.777777777777779
54900.0 11463372.197199991 11.777777777777779
54915.0 11523334.422599996 11.791666666666666
54930.0 11583083.63519999 11.805555555555555
54945.0 11642619.83499999 11.819444444444445
54960.0 11701943.021999994 11.833333333333332
54975.0 11752156.58347499 11.84722222222222
54990.0 11802370.144949995 11.861111111111107
55005.0 11852583.706425 11.875
55020.0 11902797.267900003 11.88888888888889
55035.0 11961743.622675 11.847222222222223
55050.0 12020689.977450004 11.805555555555555
55065.0 12079636.332225006 11.763888888888888
55080.0 12138582.687000003 11.722222222222221
55095.0 12224819.44373594 11.722222222222221
55110.0 12311356.083468746 11.722222222222221
55125.0 12398192.60619844 11.722222222222221
55140.0 12485329.011925003 11.722222222222221
55155.0 12519562.885035932 11.73611111111111
55170.0 12553774.37881875 11.750000000000004
55185.0 12587963.493273439 11.763888888888893
55200.0 12622130.2284 11.777777777777779
55215.0 12684663.529999997 11.805555555555555
55230.0 12747196.831599995 11.833333333333332
55245.0 12809730.133199997 11.86111111111111
55260.0 12872263.434799999 11.88888888888889
55275.0 12866027.141274998 11.902777777777777
55290.0 12859125.914250001 11.916666666666668
55305.0 12851559.753725 11.930555555555555
55320.0 12843328.659700003 11.944444444444445
55335.0 12843819.65164375 11.958333333333334
55350.0 12844180.052550003 11.972222222222221
55365.0 12844409.862418754 11.986111111111112
55380.0 12844509.081250003 12.0
55395.0 12836637.583481248 12.0
55410.0 12828600.199800007 12.0
55425.0 12820396.930206249 12.0
55440.0 12812027.774700003 12.0
55455.0 12791803.500437506 11.986111111111112
55470.0 12771595.136300003 11.972222222222221
55485.0 12751402.682287503 11.958333333333334
55500.0 12731226.138400003 11.944444444444445
55515.0 12744077.176118748 11.944444444444445
55530.0 12756888.438525002 11.944444444444445
55545.0 12769659.925618751 11.944444444444445
55560.0 12782391.637399994 11.944444444444445
55575.0 12774639.492999995 11.930555555555555
55590.0 12766887.348599998 11.916666666666668
55605.0 12759135.204199998 11.902777777777777
55620.0 12751383.059799999 11.88888888888889
55635.0 12751447.175774999 11.847222222222223
55650.0 12751501.782249998 11.805555555555555
55665.0 12751546.879225 11.763888888888888
55680.0 12751582.466700004 11.722222222222221
55695.0 12771428.057128126 11.722222222222221
55710.0 12791207.401087506 11.722222222222221
55725.0 12810920.498578126 11.722222222222221
55740.0 12830567.3496 11.722222222222221
55755.0 12862568.056078121 11.708333333333336
55770.0 12894477.279337505 11.694444444444443
55785.0 12926295.019378133 11.680555555555555
55800.0 12958021.276200004 11.666666666666666
55815.0 13019877.508257816 11.652777777777779
55830.0 13081831.957906254 11.638888888888891
55845.0 13143884.625145312 11.624999999999998
55860.0 13206035.509975003 11.61111111111111
55875.0 13251173.277529687 11.597222222222221
55890.0 13296374.964468746 11.58333333333333
55905.0 13341640.57079219 11.569444444444441
55920.0 13386970.096500002 11.555555555555554
55935.0 13411585.364100002 11.597222222222221
55950.0 13436217.090450002 11.638888888888891
55965.0 13460865.275549991 11.680555555555555
55980.0 13485529.919399992 11.722222222222221
55995.0 13500828.931012494 11.763888888888888
56010.0 13516136.171999995 11.805555555555555
56025.0 13531451.642362494 11.847222222222223
56040.0 13546775.342099994 11.88888888888889
56055.0 13549630.674628122 11.875
56070.0 13552480.767787494 11.861111111111107
56085.0 13555325.621578116 11.84722222222222
56100.0 13558165.235999994 11.833333333333332
56115.0 13529597.504740626 11.819444444444445
56130.0 13500989.6049875 11.805555555555555
56145.0 13472341.536740622 11.791666666666666
56160.0 13443653.300000003 11.777777777777779
56175.0 13399097.975604687 11.722222222222221
56190.0 13354614.617093751 11.666666666666666
56205.0 13310203.22446719 11.61111111111111
56220.0 13265863.797725005 11.555555555555554
56235.0 13243461.831960937 11.541666666666666
56250.0 13221070.770118749 11.527777777777779
56265.0 13198690.612198446 11.51388888888889
56280.0 13176321.358200006 11.500000000000002
56295.0 13034171.111981256 11.500000000000002
56310.0 12892419.368675001 11.500000000000002
56325.0 12751066.128281249 11.500000000000002
56340.0 12610111.3908 11.500000000000002
56355.0 12490332.801100003 11.51388888888889
56370.0 12370554.211400002 11.527777777777779
56385.0 12250775.621700004 11.541666666666666
56400.0 12130997.032000002 11.555555555555554
56415.0 12011641.688199993 11.569444444444441
56430.0 11892286.3444 11.58333333333333
56445.0 11772931.000600003 11.597222222222221
56460.0 11653575.656800004 11.61111111111111
56475.0 11538331.845906248 11.624999999999998
56490.0 11423002.943275005 11.638888888888891
56505.0 11307588.948906256 11.652777777777779
56520.0 11192089.862800006 11.666666666666666
56535.0 11119606.606762502 11.680555555555555
56550.0 11047355.30937501 11.694444444444443
56565.0 10975335.970637498 11.708333333333336
56580.0 10903548.590549998 11.722222222222221
56595.0 10825474.155409371 11.708333333333336
56610.0 10747680.0036375 11.694444444444443
56625.0 10670166.135234378 11.680555555555555
56640.0 10592932.550200002 11.666666666666666
56655.0 10530401.241937501 11.652777777777779
56670.0 10467869.933674999 11.638888888888891
56685.0 10405338.625412498 11.624999999999998
56700.0 10342807.317150004 11.61111111111111
56715.0 10260936.429012503 11.624999999999998
56730.0 10179065.540875005 11.638888888888891
56745.0 10097194.652737498 11.652777777777779
56760.0 10015323.764600001 11.666666666666666
56775.0 10042624.172109375 11.722222222222221
56790.0 10069853.1212125 11.777777777777779
56805.0 10097010.611909369 11.833333333333332
56820.0 10124096.644199997 11.88888888888889
56835.0 10132727.470971875 11.958333333333334
56850.0 10141153.450312497 12.027777777777779
56865.0 10149374.58222187 12.097222222222221
56880.0 10157390.866699997 12.166666666666666
56895.0 10165507.380393745 12.166666666666666
56910.0 10173604.600775 12.166666666666666
56925.0 10181682.52784375 12.166666666666666
56940.0 10189741.161599997 12.166666666666666
56955.0 10171039.239418749 12.125000000000002
56970.0 10152240.850674998 12.083333333333334
56985.0 10133345.995368745 12.041666666666664
57000.0 10114354.673499998 12.0
57015.0 10134198.243159372 11.944444444444445
57030.0 10154061.206712488 11.888888888888893
57045.0 10173943.564159371 11.833333333333336
57060.0 10193845.315499995 11.777777777777779
57075.0 10204318.018124994 11.73611111111111
57090.0 10214790.720750002 11.694444444444443
57105.0 10225263.423374994 11.652777777777779
57120.0 10235736.125999995 11.61111111111111
57135.0 10145726.184824996 11.61111111111111
57150.0 10056112.570350002 11.61111111111111
57165.0 9966895.282574994 11.61111111111111
57180.0 9878074.321499996 11.61111111111111
57195.0 9789649.687124997 11.680555555555555
57210.0 9701621.379449997 11.75
57225.0 9613989.398475004 11.819444444444445
57240.0 9526753.744199997 11.88888888888889
57255.0 9430066.931621872 11.944444444444445
57270.0 9333820.162012495 11.999999999999996
57285.0 9238013.435371872 12.055555555555552
57300.0 9142646.751699997 12.111111111111109
57315.0 9079210.157324996 12.111111111111109
57330.0 9015773.562949996 12.111111111111109
57345.0 8952336.968574997 12.111111111111109
57360.0 8888900.374199996 12.111111111111109
57375.0 8864546.439546874 12.124999999999996
57390.0 8840222.578687498 12.138888888888886
57405.0 8815928.791621875 12.152777777777779
57420.0 8791665.07835 12.166666666666666
57435.0 8796889.419346876 12.125000000000002
57450.0 8802088.313287495 12.083333333333334
57465.0 8807261.760171873 12.041666666666664
57480.0 8812409.759999998 12.0
57495.0 8831419.753406249 11.958333333333334
57510.0 8850438.945424994 11.916666666666668
57525.0 8869467.33605625 11.875
57540.0 8888504.925299997 11.833333333333332
57555.0 8901374.492828127 11.875
57570.0 8914230.262437498 11.916666666666668
57585.0 8927072.234128125 11.958333333333334
57600.0 8939900.407900002 12.0
57615.0 8989636.384454692 12.01388888888889
57630.0 9039427.53896875 12.02777777777778
57645.0 9089273.871442191 12.04166666666667
57660.0 9139175.381875005 12.055555555555557
57675.0 9172583.103457818 12.01388888888889
57690.0 9205886.600006253 11.972222222222221
57705.0 9239085.87152031 11.930555555555555
57720.0 9272180.918000001 11.88888888888889
57735.0 9263783.316287505 11.86111111111111
57750.0 9255275.87985 11.833333333333332
57765.0 9246658.608687501 11.805555555555555
57780.0 9237931.502800005 11.777777777777779
57795.0 9203005.2489375 11.777777777777779
57810.0 9167864.555849997 11.777777777777779
57825.0 9132509.4235375 11.777777777777779
57840.0 9096939.851999998 11.777777777777779
57855.0 9069856.773140622 11.791666666666666
57870.0 9042797.1662875 11.805555555555555
57885.0 9015761.031440625 11.819444444444445
57900.0 8988748.368599998 11.833333333333332
57915.0 8972230.051640626 11.833333333333332
57930.0 8955724.161037505 11.833333333333332
57945.0 8939230.69679063 11.833333333333332
57960.0 8922749.658900002 11.833333333333332
57975.0 8899110.600909377 11.833333333333332
57990.0 8875464.237062493 11.833333333333332
58005.0 8851810.567359375 11.833333333333332
58020.0 8828149.591799997 11.833333333333332
58035.0 8803192.786849998 11.805555555555555
58050.0 8778235.981900005 11.777777777777779
58065.0 8753279.176949998 11.75
58080.0 8728322.372 11.722222222222221
58095.0 8711892.735699998 11.722222222222221
58110.0 8695463.099399999 11.722222222222221
58125.0 8679033.4631 11.722222222222221
58140.0 8662603.826799996 11.722222222222221
58155.0 8646174.190499999 11.722222222222221
58170.0 8629744.5542 11.722222222222221
58185.0 8613314.917899998 11.722222222222221
58200.0 8596885.281599998 11.722222222222221
58215.0 8565197.931434376 11.777777777777779
58230.0 8533543.032437496 11.833333333333332
58245.0 8501920.584609374 11.88888888888889
58260.0 8470330.58795 11.944444444444445
58275.0 8447554.283918753 11.986111111111112
58290.0 8424799.614000004 12.027777777777779
58305.0 8402066.57819375 12.069444444444441
58320.0 8379355.176500001 12.111111111111109
58335.0 8378392.225328128 12.152777777777779
58350.0 8377277.442187498 12.194444444444446
58365.0 8376010.827078125 12.23611111111111
58380.0 8374592.380000002 12.277777777777779
58395.0 8386999.37435938 12.263888888888891
58410.0 8399336.007562501 12.249999999999998
58425.0 8411602.279609375 12.23611111111111
58440.0 8423798.190500002 12.222222222222221
58455.0 8471162.689773438 12.208333333333334
58470.0 8518613.25459375 12.194444444444446
58485.0 8566149.884960936 12.180555555555554
58500.0 8613772.580874996 12.166666666666666
58515.0 8681138.233195312 12.194444444444446
58530.0 8748762.082156252 12.222222222222221
58545.0 8816644.12775781 12.249999999999998
58560.0 8884784.370000001 12.277777777777779
58575.0 8933004.118499996 12.263888888888891
58590.0 8981345.0034 12.249999999999998
58605.0 9029807.024700008 12.23611111111111
58620.0 9078390.182400005 12.222222222222221
58635.0 9116367.7605 12.194444444444446
58650.0 9154424.340599997 12.166666666666666
58665.0 9192559.922700003 12.138888888888886
58680.0 9230774.5068 12.111111111111109
58695.0 9273471.832624994 12.055555555555552
58710.0 9316209.354375 11.999999999999996
58725.0 9358987.072049996 11.944444444444445
58740.0 9401804.985649992 11.88888888888889
58755.0 9424378.165846873 11.86111111111111
58770.0 9446970.008437498 11.833333333333332
58785.0 9469580.513421873 11.805555555555555
58800.0 9492209.680799998 11.777777777777779
58815.0 9462161.091796871 11.791666666666666
58830.0 9432158.742737498 11.805555555555555
58845.0 9402202.633621873 11.819444444444445
58860.0 9372292.76445 11.833333333333332
58875.0 9359921.8010375 11.875
58890.0 9347550.837625 11.916666666666668
58905.0 9335179.8742125 11.958333333333334
58920.0 9322808.9108 12.0
58935.0 9296751.225781249 11.958333333333334
58950.0 9270724.647799999 11.916666666666668
58965.0 9244729.176856248 11.875
58980.0 9218764.812949998 11.833333333333332
58995.0 9200795.314287499 11.791666666666664
59010.0 9182825.815624999 11.75
59025.0 9164856.3169625 11.708333333333336
59040.0 9146886.8183 11.666666666666666
59055.0 9133195.771699997 11.666666666666666
59070.0 9119504.725099998 11.666666666666666
59085.0 9105813.678499999 11.666666666666666
59100.0 9092122.631899998 11.666666666666666
59115.0 9078431.585299999 11.694444444444443
59130.0 9064740.538699998 11.722222222222221
59145.0 9051049.492099999 11.750000000000004
59160.0 9037358.4455 11.777777777777779
59175.0 9010693.594907809 11.750000000000004
59190.0 8984053.33643125 11.722222222222221
59205.0 8957437.670070311 11.694444444444443
59220.0 8930846.595825003 11.666666666666666
59235.0 8912080.052476563 11.680555555555555
59250.0 8893329.158656247 11.694444444444443
59265.0 8874593.914364064 11.708333333333336
59280.0 8855874.319600001 11.722222222222221
59295.0 8869556.0578625 11.763888888888888
59310.0 8883247.781100007 11.805555555555555
59325.0 8896949.489312507 11.847222222222223
59340.0 8910661.182499997 11.88888888888889
59355.0 8921779.671612501 11.944444444444445
59370.0 8932905.073400004 11.999999999999996
59385.0 8944037.387862496 12.055555555555552
59400.0 8955176.615 12.111111111111109
59415.0 8973796.6000375 12.124999999999996
59430.0 8992416.585074998 12.138888888888886
59445.0 9011036.5701125 12.152777777777779
59460.0 9029656.55515 12.166666666666666
59475.0 9048276.5401875 12.166666666666666
59490.0 9066896.525225 12.166666666666666
59505.0 9085516.5102625 12.166666666666666
59520.0 9104136.4953 12.166666666666666
59535.0 9132050.7730375 12.13888888888889
59550.0 9159965.050774999 12.111111111111109
59565.0 9187879.3285125 12.083333333333334
59580.0 9215793.60625 12.055555555555557
59595.0 9243707.883987501 12.02777777777778
59610.0 9271622.161725 12.0
59625.0 9299536.4394625 11.972222222222221
59640.0 9327450.7172 11.944444444444445
59655.0 9432662.897109376 11.958333333333334
59670.0 9538280.629762495 11.972222222222221
59685.0 9644303.915159373 11.986111111111112
59700.0 9750732.75329999 12.0
59715.0 9834883.256034367 12.041666666666664
59730.0 9919057.6148125 12.083333333333334
59745.0 10003255.82963437 12.125000000000002
59760.0 10087477.900499996 12.166666666666666
59775.0 10126623.446362497 12.152777777777779
59790.0 10165669.3985 12.138888888888886
59805.0 10204615.75691249 12.124999999999996
59820.0 10243462.521599991 12.111111111111109
59835.0 10292633.3664 12.083333333333334
59850.0 10341804.211199991 12.055555555555557
59865.0 10390975.056000002 12.027777777777779
59880.0 10440145.900799997 12.0
59895.0 10536724.282218747 11.986111111111112
59910.0 10633588.991024997 11.972222222222221
59925.0 10730740.027218757 11.958333333333334
59940.0 10828177.390800005 11.944444444444445
59955.0 10945719.236375 11.958333333333334
59970.0 11063620.394750006 11.972222222222221
59985.0 11181880.865925007 11.986111111111112
60000.0 11300500.649900004 12.0
60015.0 11360528.746875001 12.069444444444445
60030.0 11420542.945350008 12.13888888888889
60045.0 11480543.245325005 12.208333333333334
60060.0 11540529.64680001 12.277777777777779
60075.0 11625014.568475 12.319444444444443
60090.0 11709480.032249996 12.36111111111111
60105.0 11793926.03812501 12.402777777777779
60120.0 11878352.5861 12.444444444444445
60135.0 11912224.538156256 12.430555555555555
60150.0 11945937.6267 12.416666666666664
60165.0 11979491.851731248 12.402777777777775
60180.0 12012887.213250002 12.388888888888888
60195.0 12029405.64907813 12.375
60210.0 12045816.6184125 12.36111111111111
60225.0 12062120.121253116 12.347222222222221
60240.0 12078316.157599993 12.333333333333336
60255.0 11986763.327481253 12.319444444444448
60270.0 11894848.898624994 12.305555555555559
60285.0 11802572.871031245 12.291666666666666
60300.0 11709935.2447 12.277777777777779
60315.0 11605389.804181252 12.263888888888891
60330.0 11500705.287225004 12.249999999999998
60345.0 11395881.693831248 12.23611111111111
60360.0 11290919.023999998 12.222222222222221
60375.0 11191554.505381245 12.194444444444446
60390.0 11092384.035425 12.166666666666666
60405.0 10993407.614131242 12.138888888888886
60420.0 10894625.24149999 12.111111111111109
60435.0 10793341.614343746 12.083333333333334
60450.0 10692295.157774992 12.055555555555557
60465.0 10591485.871793747 12.027777777777779
60480.0 10490913.756399997 12.0
60495.0 10382395.246781245 11.986111111111112
60510.0 10274331.565574989 11.972222222222221
60525.0 10166722.71278125 11.958333333333334
60540.0 10059568.688399997 11.944444444444445
60555.0 9950277.093006246 11.916666666666668
60570.0 9841455.614375005 11.88888888888889
60585.0 9733104.252506245 11.861111111111107
60600.0 9625223.007399995 11.833333333333332
60615.0 9542400.86751874 11.819444444444445
60630.0 9459795.708824992 11.805555555555555
60645.0 9377407.531318747 11.791666666666666
60660.0 9295236.334999997 11.777777777777779
60675.0 9218379.723918745 11.750000000000004
60690.0 9141723.562124994 11.722222222222221
60705.0 9065267.849618752 11.694444444444443
60720.0 8989012.586399999 11.666666666666666
60735.0 8999719.478749996 11.666666666666666
60750.0 9010414.081899997 11.666666666666666
60765.0 9021096.395849995 11.666666666666666
60780.0 9031766.42059999 11.666666666666666
60795.0 9047537.926349998 11.680555555555555
60810.0 9063313.528499989 11.694444444444443
60825.0 9079093.227049993 11.708333333333336
60840.0 9094877.021999992 11.722222222222221
60855.0 9133289.435703121 11.708333333333336
60870.0 9171777.184762497 11.694444444444443
60885.0 9210340.269178115 11.680555555555555
60900.0 9248978.688949991 11.666666666666666
60915.0 9273373.647037493 11.666666666666666
60930.0 9297768.605124993 11.666666666666666
60945.0 9322163.563212492 11.666666666666666
60960.0 9346558.521299994 11.666666666666666
60975.0 9379770.31746562 11.666666666666666
60990.0 9413032.358537497 11.666666666666666
61005.0 9446344.644515622 11.666666666666666
61020.0 9479707.175399998 11.666666666666666
61035.0 9513119.951190617 11.652777777777779
61050.0 9546582.971887492 11.638888888888891
61065.0 9580096.23749062 11.624999999999998
61080.0 9613659.747999998 11.61111111111111
61095.0 9607461.346174994 11.61111111111111
61110.0 9601175.383800004 11.61111111111111
61125.0 9594801.860875001 11.61111111111111
61140.0 9588340.777400002 11.61111111111111
61155.0 9577785.250687497 11.61111111111111
61170.0 9567127.57 11.61111111111111
61185.0 9556367.735337501 11.61111111111111
61200.0 9545505.746699996 11.61111111111111
61215.0 9555262.754296873 11.624999999999998
61230.0 9564920.031012498 11.638888888888891
61245.0 9574477.576846875 11.652777777777779
61260.0 9583935.39179999 11.666666666666666
61275.0 9582396.64954687 11.666666666666666
61290.0 9580696.80356249 11.666666666666666
61305.0 9578835.853846874 11.666666666666666
61320.0 9576813.800399996 11.666666666666666
61335.0 9564379.324499995 11.694444444444443
61350.0 9551366.0858 11.722222222222221
61365.0 9537774.0843 11.750000000000004
61380.0 9523603.319999998 11.777777777777779
61395.0 9514482.831699999 11.833333333333336
61410.0 9504837.419000003 11.888888888888893
61425.0 9494667.081899997 11.944444444444445
61440.0 9483971.8204 12.0
61455.0 9542575.15882344 12.027777777777779
61470.0 9601357.280418746 12.055555555555557
61485.0 9660318.18518593 12.083333333333334
61500.0 9719457.873124994 12.111111111111109
61515.0 9788907.54151406 12.111111111111109
61530.0 9858591.614506252 12.111111111111109
61545.0 9928510.092101557 12.111111111111109
61560.0 9998662.974299995 12.111111111111109
61575.0 10140618.705525 12.055555555555552
61590.0 10283311.020675 11.999999999999996
61605.0 10426739.919749996 11.944444444444445
61620.0 10570905.402749995 11.88888888888889
61635.0 10736587.482775003 11.875
61650.0 10903146.448424997 11.861111111111107
61665.0 11070582.2997 11.84722222222222
61680.0 11238895.036599997 11.833333333333332
61695.0 11379568.558049995 11.805555555555555
61710.0 11520778.561599996 11.777777777777779
61725.0 11662525.047249993 11.75
61740.0 11804808.014999999 11.722222222222221
61755.0 11918805.103012498 11.694444444444443
61770.0 12033204.552599996 11.666666666666666
61785.0 12148006.363762507 11.638888888888891
61800.0 12263210.536500003 11.61111111111111
61815.0 12305733.957343755 11.61111111111111
61830.0 12348296.056249999 11.61111111111111
61845.0 12390896.833218742 11.61111111111111
61860.0 12433536.288249992 11.61111111111111
61875.0 12456302.717031248 11.638888888888891
61890.0 12479086.42749999 11.666666666666666
61905.0 12501887.419656243 11.694444444444443
61920.0 12524705.693499995 11.722222222222221
61935.0 12462021.904062495 11.73611111111111
61950.0 12399490.632374994 11.750000000000004
61965.0 12337111.8784375 11.763888888888893
61980.0 12274885.64225 11.777777777777779
61995.0 12229512.686015625 11.763888888888893
62010.0 12184222.343562493 11.750000000000004
62025.0 12139014.614890616 11.73611111111111
62040.0 12093889.499999994 11.722222222222221
62055.0 11900467.431256244 11.722222222222221
62070.0 11707365.009724997 11.722222222222221
62085.0 11514582.235406248 11.722222222222221
62100.0 11322119.1083 11.722222222222221
62115.0 11139737.541625 11.73611111111111
62130.0 10957355.974949997 11.750000000000004
62145.0 10774974.408274999 11.763888888888893
62160.0 10592592.841599997 11.777777777777779
62175.0 10477307.200335933 11.791666666666666
62190.0 10362389.91046875 11.805555555555555
62205.0 10247840.97199843 11.819444444444445
62220.0 10133660.384924999 11.833333333333332
62235.0 10040114.576198442 11.833333333333332
62250.0 9946556.885168754 11.833333333333332
62265.0 9852987.31183594 11.833333333333332
62280.0 9759405.856200002 11.833333333333332
62295.0 9696942.609440632 11.819444444444445
62310.0 9634651.219462495 11.805555555555555
62325.0 9572531.68626562 11.791666666666666
62340.0 9510584.00985 11.777777777777779
62355.0 9443933.273053123 11.777777777777779
62370.0 9377474.0338125 11.777777777777779
62385.0 9311206.292128123 11.777777777777779
62400.0 9245130.048 11.777777777777779
62415.0 9251082.025762497 11.805555555555555
62430.0 9256829.585850002 11.833333333333332
62445.0 9262372.728262497 11.86111111111111
62460.0 9267711.452999996 11.88888888888889
62475.0 9261743.51025 11.916666666666668
62490.0 9255491.160299996 11.944444444444445
62505.0 9248954.40315 11.972222222222221
62520.0 9242133.238799997 12.0
62535.0 9276144.148424998 12.0
62550.0 9310021.413000003 12.0
62565.0 9343765.032524996 12.0
62580.0 9377375.007 12.0
62595.0 9398063.984925 11.986111111111112
62610.0 9418492.036799993 11.972222222222221
62625.0 9438659.162624994 11.958333333333334
62640.0 9458565.362399999 11.944444444444445
62655.0 9457916.448749997 11.958333333333334
62670.0 9457267.5351 11.972222222222221
62685.0 9456618.62145 11.986111111111112
62700.0 9455969.707799997 12.0
62715.0 9441044.693849994 11.986111111111112
62730.0 9426119.679899998 11.972222222222221
62745.0 9411194.665949998 11.958333333333334
62760.0 9396269.651999997 11.944444444444445
62775.0 9301441.132878123 11.916666666666668
62790.0 9207060.209462501 11.88888888888889
62805.0 9113126.881753122 11.861111111111107
62820.0 9019641.149749998 11.833333333333332
62835.0 8927859.39670625 11.88888888888889
62850.0 8836508.661749994 11.944444444444445
62865.0 8745588.944881251 12.0
62880.0 8655100.246100003 12.055555555555557
62895.0 8568779.478875 12.13888888888889
62910.0 8482762.723049996 12.222222222222221
62925.0 8397049.978625009 12.305555555555555
62940.0 8311641.245600004 12.388888888888888
62955.0 8247848.794762502 12.36111111111111
62970.0 8184018.342500008 12.333333333333336
62985.0 8120149.888812504 12.305555555555555
63000.0 8056243.433700002 12.277777777777779
63015.0 8025357.160614065 12.263888888888891
63030.0 7994529.037206252 12.249999999999998
63045.0 7963759.0634765625 12.23611111111111
63060.0 7933047.239424999 12.222222222222221
63075.0 7908107.928754692 12.180555555555554
63090.0 7883201.485293754 12.13888888888889
63105.0 7858327.909042186 12.097222222222225
63120.0 7833487.199999998 12.055555555555557
63135.0 7875113.161781247 12.04166666666667
63150.0 7916575.907625001 12.02777777777778
63165.0 7957875.43753125 12.01388888888889
63180.0 7999011.751499997 12.0
63195.0 8035288.253781249 12.041666666666664
63210.0 8071339.362625001 12.083333333333334
63225.0 8107165.078031247 12.125000000000002
63240.0 8142765.399999999 12.166666666666666
63255.0 8210937.908249999 12.194444444444446
63270.0 8279217.947000001 12.222222222222221
63285.0 8347605.516249999 12.249999999999998
63300.0 8416100.616 12.277777777777779
63315.0 8466069.198124997 12.249999999999998
63330.0 8515876.484499998 12.222222222222221
63345.0 8565522.475124994 12.194444444444446
63360.0 8615007.169999998 12.166666666666666
63375.0 8627718.027173433 12.13888888888889
63390.0 8640411.186618742 12.111111111111109
63405.0 8653086.648335941 12.083333333333334
63420.0 8665744.412325002 12.055555555555557
63435.0 8657875.77883593 12.04166666666667
63450.0 8649908.543718752 12.02777777777778
63465.0 8641842.706973441 12.01388888888889
63480.0 8633678.268599996 12.0
63495.0 8657457.006515618 12.041666666666664
63510.0 8681147.1140625 12.083333333333334
63525.0 8704748.591240622 12.125000000000002
63540.0 8728261.438049994 12.166666666666666
63555.0 8737592.762937507 12.194444444444446
63570.0 8746871.566125 12.222222222222221
63585.0 8756097.847612504 12.249999999999998
63600.0 8765271.6074 12.277777777777779
63615.0 8723551.133532815 12.291666666666666
63630.0 8681752.658906244 12.305555555555559
63645.0 8639876.18352031 12.319444444444448
63660.0 8597921.707374997 12.333333333333336
63675.0 8552166.850992188 12.319444444444448
63690.0 8506376.539718755 12.305555555555559
63705.0 8460550.773554683 12.291666666666666
63720.0 8414689.5525 12.277777777777779
63735.0 8372119.004768749 12.263888888888891
63750.0 8329656.042399999 12.249999999999998
63765.0 8287300.665393746 12.23611111111111
63780.0 8245052.8737499975 12.222222222222221
63795.0 8214962.484093745 12.222222222222221
63810.0 8184921.525549997 12.222222222222221
63825.0 8154929.998118741 12.222222222222221
63840.0 8124987.901799995 12.222222222222221
63855.0 8083944.351174997 12.208333333333334
63870.0 8042904.531199994 12.194444444444446
63885.0 8001868.441874996 12.180555555555554
63900.0 7960836.083199993 12.166666666666666
63915.0 7919807.455174996 12.13888888888889
63930.0 7878782.5578 12.111111111111109
63945.0 7837761.3910749955 12.083333333333334
63960.0 7796743.954999996 12.055555555555557
63975.0 7845874.997056244 12.055555555555557
63990.0 7894656.619849999 12.055555555555557
64005.0 7943088.823381247 12.055555555555557
64020.0 7991171.607649995 12.055555555555557
64035.0 8038904.97265625 12.055555555555557
64050.0 8086288.918399996 12.055555555555557
64065.0 8133323.44488125 12.055555555555557
64080.0 8180008.552099998 12.055555555555557
64095.0 8185881.505003128 12.04166666666667
64110.0 8191606.941787501 12.02777777777778
64125.0 8197184.8624531245 12.01388888888889
64140.0 8202615.2670000065 12.0
64155.0 8206595.934556254 12.0
64170.0 8210420.408575003 12.0
64185.0 8214088.689056252 12.0
64200.0 8217600.7760000015 12.0
64215.0 8261529.024306253 12.0
64230.0 8305572.977624994 12.0
64245.0 8349732.635956254 12.0
64260.0 8394007.999299996 12.0
64275.0 8446384.304531246 12.01388888888889
64290.0 8498913.840725005 12.02777777777778
64305.0 8551596.607881246 12.04166666666667
64320.0 8604432.605999999 12.055555555555557
64335.0 8625150.496462498 12.083333333333334
64350.0 8645835.579150002 12.111111111111109
64365.0 8666487.854062503 12.13888888888889
64380.0 8687107.321200002 12.166666666666666
64395.0 8711702.125087498 12.180555555555554
64410.0 8736259.073849993 12.194444444444446
64425.0 8760778.167487502 12.208333333333334
64440.0 8785259.405999998 12.222222222222221
64455.0 8766946.742399998 12.194444444444446
64470.0 8748634.0788 12.166666666666666
64485.0 8730321.415199999 12.138888888888886
64500.0 8712008.7516 12.111111111111109
64515.0 8693696.087999998 12.124999999999996
64530.0 8675383.424399996 12.138888888888886
64545.0 8657070.760799997 12.152777777777779
64560.0 8638758.097199999 12.166666666666666
64575.0 8649072.274631245 12.166666666666666
64590.0 8659277.001374999 12.166666666666666
64605.0 8669372.277431248 12.166666666666666
64620.0 8679358.102799995 12.166666666666666
64635.0 8710006.590381244 12.194444444444446
64650.0 8740462.236274995 12.222222222222221
64665.0 8770725.040481247 12.249999999999998
64680.0 8800795.002999999 12.277777777777779
64695.0 8838316.477134367 12.277777777777779
64710.0 8875887.3732375 12.277777777777779
64725.0 8913507.691309378 12.277777777777779
64740.0 8951177.431349998 12.277777777777779
64755.0 8982418.109328123 12.291666666666666
64770.0 9013697.693962498 12.305555555555559
64785.0 9045016.185253123 12.319444444444448
64800.0 9076373.583199998 12.333333333333336
64815.0 9075657.82416562 12.347222222222221
64830.0 9074933.790037503 12.36111111111111
64845.0 9074201.480815627 12.375
64860.0 9073460.896499999 12.388888888888888
64875.0 9075318.014984371 12.402777777777775
64890.0 9077170.1684125 12.416666666666664
64905.0 9079017.35678438 12.430555555555555
64920.0 9080859.5801 12.444444444444445
64935.0 9080859.5801 12.444444444444445
64950.0 9080859.5801 12.444444444444445
64965.0 9080859.5801 12.444444444444445
64980.0 9080859.5801 12.444444444444445
64995.0 9059972.036500003 12.402777777777779
65010.0 9039084.4929 12.36111111111111
65025.0 9018196.949299999 12.319444444444443
65040.0 8997309.405700002 12.277777777777779
65055.0 9155570.555381248 12.23611111111111
65070.0 9312105.456499998 12.194444444444446
65085.0 9466914.109056246 12.152777777777779
65100.0 9619996.513049997 12.111111111111109
65115.0 9753960.762218744 12.124999999999996
65130.0 9885508.263399992 12.138888888888886
65145.0 10014639.016593745 12.152777777777779
65160.0 10141353.021799995 12.166666666666666
65175.0 10259038.259662496 12.249999999999998
65190.0 10371898.706399998 12.333333333333336
65205.0 10479934.362012498 12.416666666666666
65220.0 10583145.2265 12.5
65235.0 10635416.598056257 12.48611111111111
65250.0 10681002.187625 12.472222222222223
65265.0 10719901.995206244 12.458333333333332
65280.0 10752116.020800002 12.444444444444445
65295.0 11683131.77942968 12.444444444444445
65310.0 12644887.531718753 12.444444444444445
65325.0 13637383.277667182 12.444444444444445
65340.0 14660619.017274983 12.444444444444445
65355.0 15781076.378254678 12.48611111111111
65370.0 16938579.372618735 12.527777777777777
65385.0 18133128.000367183 12.569444444444445
65400.0 19364722.261499994 12.611111111111112
65415.0 19978325.34353906 12.583333333333336
65430.0 20563391.069856238 12.555555555555555
65445.0 21119919.440451555 12.527777777777777
65460.0 21647910.455325 12.5
65475.0 21997170.06566407 12.48611111111111
65490.0 22322906.204156246 12.472222222222223
65505.0 22625118.870801575 12.458333333333332
65520.0 22903808.06560001 12.444444444444445
65535.0 22800445.636598453 12.472222222222223
65550.0 22697152.30234376 12.5
65565.0 22593928.06283594 12.527777777777777
65580.0 22490772.91807501 12.555555555555555
65595.0 22688067.71012031 12.51388888888889
65610.0 22882884.961956248 12.472222222222223
65625.0 23075224.673582807 12.430555555555555
65640.0 23265086.84499999 12.388888888888888
65655.0 23489783.446456246 12.36111111111111
65670.0 23714423.923575 12.333333333333336
65685.0 23939008.276356254 12.305555555555555
65700.0 24163536.504799988 12.277777777777779
65715.0 24286918.417781245 12.249999999999998
65730.0 24410269.150574997 12.222222222222221
65745.0 24533588.70318125 12.194444444444446
65760.0 24656877.075600002 12.166666666666666
65775.0 24915157.44782969 12.180555555555554
65790.0 25174157.602343746 12.194444444444446
65805.0 25433877.539142184 12.208333333333334
65820.0 25694317.258224998 12.222222222222221
65835.0 25774852.48451094 12.263888888888891
65850.0 25855513.38706873 12.305555555555555
65865.0 25936299.96589842 12.34722222222222
65880.0 26017212.220999993 12.388888888888888
65895.0 26012232.809062496 12.402777777777775
65910.0 26007233.866074994 12.416666666666664
65925.0 26002215.392037485 12.430555555555555
65940.0 25997177.38694999 12.444444444444445
65955.0 26038784.33887499 12.416666666666666
65970.0 26080420.587374978 12.388888888888888
65985.0 26122086.132449992 12.36111111111111
66000.0 26163780.974099994 12.333333333333336
66015.0 26158557.940659363 12.305555555555559
66030.0 26153223.21631249 12.277777777777779
66045.0 26147776.801059376 12.249999999999998
66060.0 26142218.694899995 12.222222222222221
66075.0 26268308.067684367 12.180555555555554
66090.0 26394643.16046251 12.13888888888889
66105.0 26521223.973234378 12.097222222222225
66120.0 26648050.506 12.055555555555557
66135.0 26815173.643310945 12.04166666666667
66150.0 26982180.293818757 12.02777777777778
66165.0 27149070.45752344 12.01388888888889
66180.0 27315844.134425003 12.0
66195.0 27508444.90011406 11.986111111111112
66210.0 27700911.979606234 11.972222222222221
66225.0 27893245.37290155 11.958333333333334
66240.0 28085445.079999994 11.944444444444445
66255.0 28191382.738749996 11.944444444444445
66270.0 28297103.142000005 11.944444444444445
66285.0 28402606.289750002 11.944444444444445
66300.0 28507892.182 11.944444444444445
66315.0 28512070.510000005 11.944444444444445
66330.0 28516201.43680001 11.944444444444445
66345.0 28520284.962399993 11.944444444444445
66360.0 28524321.086799994 11.944444444444445
66375.0 28515676.014065623 11.944444444444445
66390.0 28507014.253987487 11.944444444444445
66405.0 28498335.806565616 11.944444444444445
66420.0 28489640.671799995 11.944444444444445
66435.0 28487924.901975002 12.0
66450.0 28486182.432400003 12.055555555555557
66465.0 28484413.263074994 12.111111111111109
66480.0 28482617.39400001 12.166666666666666
66495.0 28388837.301825 12.208333333333334
66510.0 28295186.465700008 12.249999999999998
66525.0 28201664.885625005 12.291666666666666
66540.0 28108272.561599996 12.333333333333336
66555.0 28024209.825149994 12.319444444444448
66570.0 27940233.259399995 12.305555555555559
66585.0 27856342.86435 12.291666666666666
66600.0 27772538.639999993 12.277777777777779
66615.0 27672068.561998427 12.277777777777779
66630.0 27571690.07236874 12.277777777777779
66645.0 27471403.171110913 12.277777777777779
66660.0 27371207.85822499 12.277777777777779
66675.0 27244119.738773424 12.347222222222221
66690.0 27117292.293918736 12.416666666666666
66705.0 26990725.523660928 12.48611111111111
66720.0 26864419.42799999 12.555555555555555
66735.0 26770042.964448426 12.541666666666668
66750.0 26675569.289118744 12.527777777777777
66765.0 26580998.402010947 12.51388888888889
66780.0 26486330.303124998 12.5
66795.0 26376281.356064063 12.472222222222223
66810.0 26266258.921306238 12.444444444444445
66825.0 26156262.998851556 12.416666666666664
66840.0 26046293.588699996 12.388888888888888
66855.0 25993126.970868755 12.34722222222222
66870.0 25939983.559874997 12.305555555555555
66885.0 25886863.35571875 12.263888888888891
66900.0 25833766.358399995 12.222222222222221
66915.0 25770004.94145 12.166666666666666
66930.0 25706305.4094 12.111111111111109
66945.0 25642667.76224999 12.055555555555557
66960.0 25579091.999999996 12.0
66975.0 25576777.776309367 11.986111111111112
66990.0 25574378.378587484 11.972222222222221
67005.0 25571893.806834366 11.958333333333334
67020.0 25569324.061049987 11.944444444444445
67035.0 25568780.867437497 11.944444444444445
67050.0 25568146.821524985 11.944444444444445
67065.0 25567421.923312493 11.944444444444445
67080.0 25566606.172799993 11.944444444444445
67095.0 25619373.31848125 11.958333333333334
67110.0 25672020.77247499 11.972222222222221
67125.0 25724548.53478124 11.986111111111112
67140.0 25776956.605399992 12.0
67155.0 25822961.00615 12.055555555555557
67170.0 25868855.974500008 12.111111111111109
67185.0 25914641.510449987 12.166666666666666
67200.0 25960317.614000004 12.222222222222221
67215.0 25998915.892709367 12.263888888888891
67230.0 26037454.014687486 12.305555555555555
67245.0 26075931.979934357 12.34722222222222
67260.0 26114349.78845 12.388888888888888
67275.0 26140205.648046866 12.416666666666664
67290.0 26166015.50543749 12.444444444444445
67305.0 26191779.36062187 12.472222222222223
67320.0 26217497.213599995 12.5
67335.0 26184204.17064375 12.458333333333332
67350.0 26150836.89872499 12.416666666666666
67365.0 26117395.397843737 12.375000000000004
67380.0 26083879.667999998 12.333333333333336
67395.0 26025576.01826875 12.347222222222221
67410.0 25967297.11152499 12.36111111111111
67425.0 25909042.94776874 12.375
67440.0 25850813.527 12.388888888888888
67455.0 25240059.845481254 12.34722222222222
67470.0 24629875.142950006 12.305555555555555
67485.0 24020259.41940625 12.263888888888891
67500.0 23411212.674850002 12.222222222222221
67515.0 22813595.0783125 12.194444444444446
67530.0 22215977.481775 12.166666666666666
67545.0 21618359.8852375 12.138888888888886
67560.0 21020742.288700003 12.111111111111109
67575.0 20349341.530907813 12.138888888888886
67590.0 19683215.779631253 12.166666666666666
67605.0 19022365.034870308 12.194444444444446
67620.0 18366789.296625 12.222222222222221
67635.0 17742380.400576565 12.263888888888891
67650.0 17121595.20465625 12.305555555555555
67665.0 16504433.708864054 12.34722222222222
67680.0 15890895.913199995 12.388888888888888
67695.0 15417974.065364055 12.33333333333333
67710.0 14950860.176656242 12.277777777777775
67725.0 14489554.247076552 12.222222222222221
67740.0 14034056.276624989 12.166666666666666
67755.0 13578139.760160932 12.125000000000002
67770.0 13128142.253668746 12.083333333333334
67785.0 12684063.757148435 12.041666666666664
67800.0 12245904.270599995 12.0
67815.0 11928394.368515618 12.041666666666664
67830.0 11612338.569562493 12.083333333333334
67845.0 11297736.873740619 12.125000000000002
67860.0 10984589.281049998 12.166666666666666
67875.0 10665715.908684373 12.194444444444446
67890.0 10348333.452187497 12.222222222222221
67905.0 10032441.911559373 12.249999999999998
67920.0 9718041.286799999 12.277777777777779
67935.0 9658522.997320313 12.291666666666666
67950.0 9598413.63298125 12.305555555555559
67965.0 9537713.193782814 12.319444444444448
67980.0 9476421.679725 12.333333333333336
67995.0 9407298.53007656 12.305555555555559
68010.0 9337537.94675625 12.277777777777779
68025.0 9267139.929764062 12.249999999999998
68040.0 9196104.4791 12.222222222222221
68055.0 9224741.707431251 12.249999999999998
68070.0 9253309.937024998 12.277777777777779
68085.0 9281809.167881247 12.305555555555559
68100.0 9310239.399999999 12.333333333333336
68115.0 9331142.679993749 12.388888888888893
68130.0 9351917.819474999 12.444444444444448
68145.0 9372564.818443747 12.5
68160.0 9393083.676899996 12.555555555555555
68175.0 9470786.615193749 12.569444444444445
68190.0 9548686.601299994 12.583333333333336
68205.0 9626783.635218743 12.597222222222225
68220.0 9705077.716949996 12.611111111111112
68235.0 9787371.73669062 12.611111111111112
68250.0 9869874.6271125 12.611111111111112
68265.0 9952586.388215624 12.611111111111112
68280.0 10035507.019999996 12.611111111111112
68295.0 10201277.017181251 12.597222222222225
68310.0 10368156.023224993 12.583333333333336
68325.0 10536144.038131244 12.569444444444445
68340.0 10705241.0619 12.555555555555555
68355.0 10863310.823749999 12.527777777777777
68370.0 11022219.835550005 12.5
68385.0 11181968.0973 12.472222222222223
68400.0 11342555.609000001 12.444444444444445
68415.0 11699318.285703123 12.430555555555555
68430.0 12057200.075112505 12.416666666666664
68445.0 12416200.977228122 12.402777777777775
68460.0 12776320.99205 12.388888888888888
68475.0 13039918.79550937 12.375
68490.0 13299578.980187496 12.36111111111111
68505.0 13555301.546084382 12.347222222222221
68520.0 13807086.4932 12.333333333333336
68535.0 13915596.8923125 12.333333333333336
68550.0 14023205.571375001 12.333333333333336
68565.0 14129912.530387498 12.333333333333336
68580.0 14235717.769350009 12.333333333333336
68595.0 14375181.385228127 12.347222222222221
68610.0 14514457.142762503 12.36111111111111
68625.0 14653545.041953124 12.375
68640.0 14792445.082799999 12.388888888888888
68655.0 15449214.146712504 12.444444444444445
68670.0 16110268.520500012 12.5
68685.0 16775608.204162499 12.555555555555555
68700.0 17445233.197700005 12.611111111111112
68715.0 18101965.339150004 12.611111111111112
68730.0 18762862.641599998 12.611111111111112
68745.0 19427925.105049994 12.611111111111112
68760.0 20097152.7295 12.611111111111112
68775.0 20412071.800312493 12.555555555555555
68790.0 20728642.305524983 12.5
68805.0 21046864.24513749 12.444444444444445
68820.0 21366737.619149987 12.388888888888888
68835.0 21678457.607296873 12.319444444444443
68850.0 21991764.520687502 12.249999999999998
68865.0 22306658.359321874 12.180555555555554
68880.0 22623139.123199996 12.111111111111109
68895.0 22540518.378984373 12.069444444444441
68910.0 22457473.6299375 12.027777777777779
68925.0 22374004.87605937 11.986111111111112
68940.0 22290112.117349997 11.944444444444445
68955.0 22309668.097784374 11.930555555555555
68970.0 22329158.581537493 11.916666666666668
68985.0 22348583.568609387 11.902777777777777
69000.0 22367943.059000004 11.88888888888889
69015.0 22115403.736507818 11.875
69030.0 21862886.994506247 11.861111111111107
69045.0 21610392.832995307 11.84722222222222
69060.0 21357921.251975 11.833333333333332
69075.0 21198326.854392197 11.875
69090.0 21036542.149218753 11.916666666666668
69105.0 20872567.136454683 11.958333333333334
69120.0 20706401.816099998 12.0
69135.0 20219216.452049993 12.0
69150.0 19735878.887725007 12.0
69165.0 19256389.123124998 12.0
69180.0 18780747.15825 12.0
69195.0 18302325.017899998 12.041666666666664
69210.0 17828023.087874994 12.083333333333334
69225.0 17357841.368175004 12.125000000000002
69240.0 16891779.858799998 12.166666666666666
69255.0 16372844.56933125 12.166666666666666
69270.0 15860366.212074995 12.166666666666666
69285.0 15354344.787031243 12.166666666666666
69300.0 14854780.294200001 12.166666666666666
69315.0 14318508.829625 12.166666666666666
69330.0 13789464.87765 12.166666666666666
69345.0 13267648.438275006 12.166666666666666
69360.0 12753059.511500003 12.166666666666666
69375.0 12934756.321025 12.166666666666666
69390.0 13100690.329650002 12.166666666666666
69405.0 13250861.537375005 12.166666666666666
69420.0 13385269.944200004 12.166666666666666
69435.0 13483631.786625005 12.180555555555554
69450.0 13565070.376550008 12.194444444444446
69465.0 13629585.713975007 12.208333333333334
69480.0 13677177.798900006 12.222222222222221
69495.0 13816494.332987498 12.23611111111111
69510.0 13955479.863325004 12.249999999999998
69525.0 14094134.389912505 12.263888888888891
69540.0 14232457.912749998 12.277777777777779
69555.0 14380144.475571888 12.277777777777779
69570.0 14527706.911987506 12.277777777777779
69585.0 14675145.22199688 12.277777777777779
69600.0 14822459.405600008 12.277777777777779
69615.0 15707803.3468125 12.277777777777779
69630.0 16601298.355950011 12.277777777777779
69645.0 17502944.4330125 12.277777777777779
69660.0 18412741.577999998 12.277777777777779
69675.0 19330689.7909125 12.263888888888891
69690.0 20256789.071749996 12.249999999999998
69705.0 21191039.420512505 12.23611111111111
69720.0 22133440.8372 12.222222222222221
69735.0 22514171.36285625 12.249999999999998
69750.0 22890748.34007499 12.277777777777779
69765.0 23263171.768856242 12.305555555555559
69780.0 23631441.649199985 12.333333333333336
69795.0 23991484.723937493 12.333333333333336
69810.0 24347410.368049998 12.333333333333336
69825.0 24699218.58153749 12.333333333333336
69840.0 25046909.364399992 12.333333333333336
69855.0 24361906.503549997 12.305555555555559
69870.0 23676903.64269999 12.277777777777779
69885.0 22991900.781849995 12.249999999999998
69900.0 22306897.920999993 12.222222222222221
69915.0 21686080.724240623 12.194444444444446
69930.0 21061196.5977875 12.166666666666666
69945.0 20432245.54164062 12.138888888888886
69960.0 19799227.5558 12.111111111111109
69975.0 19071090.81221094 12.083333333333334
69990.0 18355373.809368744 12.055555555555557
70005.0 17652076.547273435 12.027777777777779
70020.0 16961199.025924996 12.0
70035.0 16291027.97906718 12.01388888888889
70050.0 15632823.673293749 12.02777777777778
70065.0 14986586.108604683 12.04166666666667
70080.0 14352315.284999996 12.055555555555557
70095.0 14363958.808237499 12.083333333333334
70110.0 14355518.3772 12.111111111111109
70125.0 14326993.991887495 12.13888888888889
70140.0 14278385.652299995 12.166666666666666
70155.0 14172242.570062496 12.180555555555554
70170.0 14044221.09089999 12.194444444444446
70185.0 13894321.214812491 12.208333333333334
70200.0 13722542.941799995 12.222222222222221
70215.0 13770351.532437496 12.333333333333336
70230.0 13804973.409149995 12.444444444444445
70245.0 13826408.571937498 12.555555555555552
70260.0 13834657.02079999 12.666666666666664
70275.0 13722511.633599997 12.666666666666664
70290.0 13592586.407399999 12.666666666666664
70305.0 13444881.342199994 12.666666666666664
70320.0 13279396.438000001 12.666666666666664
70335.0 13452041.920264058 12.63888888888889
70350.0 13625651.18578126 12.611111111111112
70365.0 13800224.234551564 12.583333333333334
70380.0 13975761.066575004 12.555555555555555
70395.0 14121510.519101568 12.611111111111112
70410.0 14267701.024981251 12.666666666666664
70425.0 14414332.584214061 12.722222222222221
70440.0 14561405.1968 12.777777777777779
70455.0 15323973.78940311 12.833333333333334
70470.0 16089899.5555375 12.888888888888891
70485.0 16859182.495203134 12.944444444444443
70500.0 17631822.6084 13.0
70515.0 18447693.86869062 13.041666666666666
70530.0 19267104.263137493 13.083333333333332
70545.0 20090053.791740622 13.125
70560.0 20916542.4545 13.166666666666668
70575.0 21164447.30616562 13.11111111111111
70590.0 21413637.028437488 13.055555555555555
70605.0 21664111.621315625 13.0
70620.0 21915871.084799998 12.944444444444443
70635.0 22271217.751234367 12.847222222222221
70650.0 22628623.3067125 12.750000000000002
70665.0 22988087.75123437 12.652777777777779
70680.0 23349611.084799994 12.555555555555555
70695.0 23542507.232474998 12.5
70710.0 23736148.41289999 12.444444444444448
70725.0 23930534.62607498 12.388888888888893
70740.0 24125665.87199999 12.333333333333336
70755.0 24440401.244874995 12.305555555555559
70770.0 24757073.702899996 12.277777777777779
70785.0 25075683.24607499 12.249999999999998
70800.0 25396229.874399997 12.222222222222221
70815.0 25704301.52915624 12.249999999999998
70830.0 26013768.35557499 12.277777777777779
70845.0 26324630.353656244 12.305555555555559
70860.0 26636887.52339999 12.333333333333336
70875.0 26854311.368981253 12.305555555555559
70890.0 27072556.670775004 12.277777777777779
70905.0 27291623.428781237 12.249999999999998
70920.0 27511511.642999995 12.222222222222221
70935.0 27123548.285367176 12.208333333333334
70950.0 26734463.195343748 12.194444444444446
70965.0 26344256.3729297 12.180555555555554
70980.0 25952927.818125006 12.166666666666666
70995.0 25458647.016085934 12.166666666666666
71010.0 24966643.67071875 12.166666666666666
71025.0 24476917.782023445 12.166666666666666
71040.0 23989469.349999998 12.166666666666666
71055.0 22714636.912515625 12.208333333333334
71070.0 21473002.8253125 12.249999999999998
71085.0 20264567.088390622 12.291666666666666
71100.0 19089329.70175 12.333333333333336
71115.0 18008814.981609378 12.305555555555559
71130.0 16956701.8919375 12.277777777777779
71145.0 15932990.432734378 12.249999999999998
71160.0 14937680.604000002 12.222222222222221
71175.0 14251847.61409063 12.23611111111111
71190.0 13580000.346412497 12.249999999999998
71205.0 12922138.80096562 12.263888888888891
71220.0 12278262.977750001 12.277777777777779
71235.0 11674844.947390622 12.291666666666666
71250.0 11084563.733512495 12.305555555555559
71265.0 10507419.336115617 12.319444444444448
71280.0 9943411.755199995 12.333333333333336
71295.0 9856681.677149998 12.36111111111111
71310.0 9767493.7591 12.388888888888888
71325.0 9675848.001049997 12.416666666666666
71340.0 9581744.402999993 12.444444444444445
71355.0 9477335.323224997 12.458333333333332
71370.0 9370353.192199992 12.472222222222223
71385.0 9260798.009924997 12.48611111111111
71400.0 9148669.7764 12.5
71415.0 9512899.038190626 12.48611111111111
71430.0 9876307.1455125 12.472222222222223
71445.0 10238894.09836562 12.458333333333332
71460.0 10600659.896750005 12.444444444444445
71475.0 10945499.928103128 12.430555555555555
71490.0 11288423.932362504 12.416666666666664
71505.0 11629431.909528125 12.402777777777775
71520.0 11968523.859599998 12.388888888888888
71535.0 12394272.37425781 12.388888888888888
71550.0 12827263.484131245 12.388888888888888
71565.0 13267497.189220313 12.388888888888888
71580.0 13714973.489524998 12.388888888888888
71595.0 14129678.46181718 12.416666666666664
71610.0 14550527.874093745 12.444444444444445
71625.0 14977521.726354685 12.472222222222223
71640.0 15410660.018599996 12.5
71655.0 16288502.774774998 12.5
71670.0 17172808.699199993 12.5
71685.0 18063577.791874997 12.5
71700.0 18960810.052799992 12.5
71715.0 19757271.952687494 12.5
71730.0 20559361.538100004 12.5
71745.0 21367078.80903749 12.5
71760.0 22180423.7655 12.5
71775.0 22493260.749575004 12.527777777777777
71790.0 22806364.328824997 12.555555555555555
71805.0 23119734.503249988 12.583333333333336
71820.0 23433371.272849996 12.611111111111112
71835.0 23628292.093656234 12.611111111111112
71850.0 23823375.03314999 12.611111111111112
71865.0 24018620.09133124 12.611111111111112
71880.0 24214027.268199995 12.611111111111112
71895.0 23918115.413379688 12.583333333333336
71910.0 23622700.379643742 12.555555555555555
71925.0 23327782.166992188 12.527777777777777
71940.0 23033360.775425002 12.5
71955.0 22980725.128298435 12.5
71970.0 22928147.164518755 12.5
71985.0 22875626.884085935 12.5
72000.0 22823164.287 12.5
72015.0 22922676.93894063 12.51388888888889
72030.0 23022404.7890375 12.527777777777777
72045.0 23122347.83729063 12.541666666666668
72060.0 23222506.083699998 12.555555555555555
72075.0 23407468.679546874 12.527777777777777
72090.0 23593038.61241251 12.5
72105.0 23779215.882296868 12.472222222222223
72120.0 23966000.48919999 12.444444444444445
72135.0 24329322.814431235 12.430555555555555
72150.0 24695091.074499987 12.416666666666664
72165.0 25063305.269406237 12.402777777777775
72180.0 25433965.39914999 12.388888888888888
72195.0 25689897.324918743 12.375
72210.0 25947110.454649996 12.36111111111111
72225.0 26205604.78834374 12.347222222222221
72240.0 26465380.32599999 12.333333333333336
72255.0 26564611.947070297 12.319444444444448
72270.0 26663982.05480625 12.305555555555559
72285.0 26763490.649207816 12.291666666666666
72300.0 26863137.73027499 12.277777777777779
72315.0 26843450.123273432 12.277777777777779
72330.0 26823680.22709375 12.277777777777779
72345.0 26803828.04173594 12.277777777777779
72360.0 26783893.567200005 12.277777777777779
72375.0 26622033.186065637 12.277777777777779
72390.0 26460098.877712503 12.277777777777779
72405.0 26298090.642140634 12.277777777777779
72420.0 26136008.47935001 12.277777777777779
72435.0 26041452.87830625 12.277777777777779
72450.0 25946853.11295001 12.277777777777779
72465.0 25852209.18328125 12.277777777777779
72480.0 25757521.089300003 12.277777777777779
72495.0 25645582.113112506 12.277777777777779
72510.0 25533545.335375 12.277777777777779
72525.0 25421410.7560875 12.277777777777779
72540.0 25309178.37525 12.277777777777779
72555.0 25260255.74211563 12.277777777777779
72570.0 25211285.954662494 12.277777777777779
72585.0 25162269.012890622 12.277777777777779
72600.0 25113204.9168 12.277777777777779
72615.0 25208187.57440155 12.277777777777779
72630.0 25303254.240206253 12.277777777777779
72645.0 25398404.914214063 12.277777777777779
72660.0 25493639.596425 12.277777777777779
72675.0 25621878.598542184 12.277777777777779
72690.0 25750235.21214374 12.277777777777779
72705.0 25878709.437229685 12.277777777777779
72720.0 26007301.273799997 12.277777777777779
72735.0 26181507.358737506 12.263888888888891
72750.0 26355844.235874996 12.249999999999998
72765.0 26530311.9052125 12.23611111111111
72780.0 26704910.36675001 12.222222222222221
72795.0 26831186.01143751 12.208333333333334
72810.0 26957553.825125013 12.194444444444446
72825.0 27084013.807812497 12.180555555555554
72840.0 27210565.959500004 12.166666666666666
72855.0 27271314.439960945 12.152777777777779
72870.0 27332103.45009375 12.138888888888886
72885.0 27392932.989898436 12.124999999999996
72900.0 27453803.059375003 12.111111111111109
72915.0 27503665.791164067 12.097222222222221
72930.0 27553560.046031244 12.083333333333334
72945.0 27603485.82397656 12.069444444444445
72960.0 27653443.125 12.055555555555557
72975.0 27661417.252218753 12.055555555555557
72990.0 27669388.910625007 12.055555555555557
73005.0 27677358.100218743 12.055555555555557
73020.0 27685324.820999995 12.055555555555557
73035.0 27682233.86775 12.055555555555557
73050.0 27679142.91449999 12.055555555555557
73065.0 27676051.961249992 12.055555555555557
73080.0 27672961.007999994 12.055555555555557
73095.0 27602978.405285936 12.069444444444445
73110.0 27533081.904693745 12.083333333333334
73125.0 27463271.50622343 12.097222222222221
73140.0 27393547.209874995 12.111111111111109
73155.0 27323909.01564843 12.111111111111109
73170.0 27254356.92354374 12.111111111111109
73185.0 27184890.93356093 12.111111111111109
73200.0 27115511.045699995 12.111111111111109
73215.0 27048236.80344843 12.041666666666664
73230.0 26981044.896093745 11.972222222222221
73245.0 26913935.323635936 11.902777777777777
73260.0 26846908.086075004 11.833333333333332
73275.0 26766904.564279687 11.763888888888888
73290.0 26687019.97066875 11.694444444444443
73305.0 26607254.305242196 11.624999999999998
73320.0 26527607.568000007 11.555555555555554
73335.0 26467788.488006257 11.486111111111109
73350.0 26408015.327925004 11.416666666666664
73365.0 26348288.08775625 11.347222222222221
73380.0 26288606.767500002 11.277777777777777
73395.0 26235415.83186562 11.22222222222222
73410.0 26182247.856187504 11.166666666666664
73425.0 26129102.84046562 11.11111111111111
73440.0 26075980.784699988 11.055555555555555
73455.0 26062816.13921561 10.999999999999998
73470.0 26049564.36293749 10.944444444444446
73485.0 26036225.455865614 10.88888888888889
73500.0 26022799.417999987 10.833333333333334
73515.0 25992326.897315614 10.88888888888889
73530.0 25961820.864787497 10.944444444444446
73545.0 25931281.320415623 10.999999999999998
73560.0 25900708.264199995 11.055555555555555
73575.0 25901361.018225 11.11111111111111
73590.0 25901980.48899999 11.166666666666664
73605.0 25902566.67652498 11.22222222222222
73620.0 25903119.580799986 11.277777777777777
73635.0 25914146.925012488 11.277777777777777
73650.0 25925124.344349995 11.277777777777777
73665.0 25936051.8388125 11.277777777777777
73680.0 25946929.40839999 11.277777777777777
73695.0 25989908.72747499 11.26388888888889
73710.0 26032888.046549994 11.25
73725.0 26075867.365624983 11.23611111111111
73740.0 26118846.68469999 11.222222222222223
73755.0 26136667.377974987 11.194444444444448
73770.0 26154488.071249984 11.166666666666666
73785.0 26172308.76452499 11.138888888888888
73800.0 26190129.457799986 11.11111111111111
73815.0 26209209.14029686 11.11111111111111
73830.0 26228271.8245625 11.11111111111111
73845.0 26247317.51059687 11.11111111111111
73860.0 26266346.198399995 11.11111111111111
73875.0 26287451.171231255 11.138888888888888
73890.0 26308537.838274986 11.166666666666666
73905.0 26329606.19953125 11.194444444444448
73920.0 26350656.255 11.222222222222223
73935.0 26357925.741984367 11.23611111111111
73950.0 26365185.216562495 11.25
73965.0 26372434.67873437 11.26388888888889
73980.0 26379674.12849999 11.277777777777777
73995.0 26409871.394878127 11.305555555555552
74010.0 26440043.9639875 11.333333333333334
74025.0 26470191.835828118 11.361111111111112
74040.0 26500315.01039999 11.38888888888889
74055.0 26497250.500874985 11.38888888888889
74070.0 26494166.53345 11.38888888888889
74085.0 26491063.108124997 11.38888888888889
74100.0 26487940.224899992 11.38888888888889
74115.0 26482718.85105 11.375
74130.0 26477480.799 11.361111111111112
74145.0 26472226.068749998 11.347222222222221
74160.0 26466954.660299998 11.333333333333334
74175.0 26478804.759137496 11.319444444444445
74190.0 26490635.948700003 11.305555555555552
74205.0 26502448.228987496 11.291666666666664
74220.0 26514241.599999998 11.277777777777777
74235.0 26503239.839999992 11.26388888888889
74250.0 26492238.08 11.25
74265.0 26481236.32 11.23611111111111
74280.0 26470234.56 11.222222222222223
74295.0 26470293.08 11.208333333333336
74310.0 26470351.599999998 11.194444444444448
74325.0 26470410.119999994 11.180555555555555
74340.0 26470468.639999997 11.166666666666666
74355.0 26470527.16 11.166666666666666
74370.0 26470585.68 11.166666666666666
74385.0 26470644.2 11.166666666666666
74400.0 26470702.719999995 11.166666666666666
74415.0 26454902.319999997 11.152777777777779
74430.0 26439101.919999998 11.138888888888888
74445.0 26423301.519999996 11.125
74460.0 26407501.119999997 11.11111111111111
74475.0 26402009.97809375 11.11111111111111
74490.0 26396506.49212499 11.11111111111111
74505.0 26390990.662093744 11.11111111111111
74520.0 26385462.487999994 11.11111111111111
74535.0 26378514.746718746 11.097222222222221
74550.0 26371553.564125 11.083333333333336
74565.0 26364578.94021874 11.069444444444443
74580.0 26357590.87499999 11.055555555555555
74595.0 26340332.229749992 11.041666666666666
74610.0 26323073.58449999 11.027777777777775
74625.0 26305814.93925 11.013888888888886
74640.0 26288556.293999996 10.999999999999998
74655.0 26298793.270749997 10.999999999999998
74670.0 26309030.247499987 10.999999999999998
74685.0 26319267.22424999 10.999999999999998
74700.0 26329504.200999994 10.999999999999998
74715.0 26352025.54985 10.98611111111111
74730.0 26374546.8987 10.972222222222221
74745.0 26397068.247549992 10.958333333333334
74760.0 26419589.596399993 10.944444444444446
74775.0 26406669.58737499 10.91666666666667
74790.0 26393749.57834999 10.88888888888889
74805.0 26380829.56932499 10.861111111111109
74820.0 26367909.560299993 10.833333333333334
74835.0 26379498.221037492 10.805555555555557
74850.0 26391062.85199999 10.777777777777779
74865.0 26402603.45318749 10.749999999999996
74880.0 26414120.02459999 10.722222222222221
74895.0 26414120.02459999 10.722222222222221
74910.0 26414120.02459999 10.722222222222221
74925.0 26414120.02459999 10.722222222222221
74940.0 26414120.02459999 10.722222222222221
74955.0 26426356.337149993 10.722222222222221
74970.0 26438592.649699997 10.722222222222221
74985.0 26450828.962249994 10.722222222222221
75000.0 26463065.274799995 10.722222222222221
75015.0 26448946.00809999 10.694444444444445
75030.0 26434826.741399996 10.666666666666668
75045.0 26420707.474699996 10.63888888888889
75060.0 26406588.207999993 10.61111111111111
75075.0 26392468.941299994 10.583333333333332
75090.0 26378349.674599994 10.555555555555555
75105.0 26364230.407899998 10.527777777777779
75120.0 26350111.1412 10.5
75135.0 26333322.26524999 10.48611111111111
75150.0 26316533.389299996 10.47222222222222
75165.0 26299744.513349995 10.45833333333333
75180.0 26282955.637399998 10.444444444444443
75195.0 26276287.818309374 10.45833333333333
75210.0 26269607.06081249 10.47222222222222
75225.0 26262913.36490937 10.48611111111111
75240.0 26256206.730599992 10.5
75255.0 26263395.87145312 10.555555555555555
75270.0 26270582.772087496 10.611111111111107
75285.0 26277767.43250311 10.666666666666664
75300.0 26284949.852699995 10.722222222222221
75315.0 26292130.032678116 10.76388888888889
75330.0 26299307.972437494 10.805555555555557
75345.0 26306483.67197812 10.847222222222221
75360.0 26313657.1313 10.88888888888889
75375.0 26324457.472774997 10.916666666666666
75390.0 26335233.126125 10.944444444444446
75405.0 26345984.09134999 10.972222222222221
75420.0 26356710.36844999 10.999999999999998
75435.0 26343251.22563749 10.95833333333333
75450.0 26329792.08282499 10.916666666666666
75465.0 26316332.940012496 10.875000000000002
75480.0 26302873.79719999 10.833333333333334
75495.0 26298984.92146406 10.819444444444445
75510.0 26295092.63968124 10.805555555555557
75525.0 26291196.951851565 10.791666666666664
75540.0 26287297.85797499 10.777777777777779
75555.0 26263326.33552031 10.791666666666664
75570.0 26239365.031206246 10.805555555555557
75585.0 26215413.94503281 10.819444444444445
75600.0 26191473.077000003 10.833333333333334
75615.0 26189459.94328125 10.833333333333334
75630.0 26187433.916875005 10.833333333333334
75645.0 26185394.99778125 10.833333333333334
75660.0 26183343.186000004 10.833333333333334
75675.0 26169281.561499998 10.805555555555557
75690.0 26155219.937000003 10.777777777777779
75705.0 26141158.3125 10.749999999999996
75720.0 26127096.688000005 10.722222222222221
75735.0 26090196.53625001 10.680555555555552
75750.0 26053321.986999996 10.63888888888889
75765.0 26016473.040250003 10.597222222222223
75780.0 25979649.69599999 10.555555555555555
75795.0 25942851.954249997 10.527777777777779
75810.0 25906079.815 10.5
75825.0 25869333.278249994 10.47222222222222
75840.0 25832612.343999993 10.444444444444443
75855.0 25793655.726299997 10.45833333333333
75870.0 25754727.49079999 10.47222222222222
75885.0 25715827.637499988 10.48611111111111
75900.0 25676956.1664 10.5
75915.0 25649960.634375 10.513888888888888
75930.0 25622972.1979 10.527777777777779
75945.0 25595990.856974993 10.541666666666666
75960.0 25569016.611599997 10.555555555555555
75975.0 25579330.994765624 10.569444444444445
75990.0 25589626.1669125 10.583333333333332
76005.0 25599902.128040627 10.597222222222223
76020.0 25610158.878149994 10.61111111111111
76035.0 25608606.987184368 10.625
76050.0 25607046.363937493 10.638888888888893
76065.0 25605477.00840937 10.65277777777778
76080.0 25603898.920599997 10.666666666666668
76095.0 25552949.278106246 10.625
76110.0 25502017.28305 10.583333333333332
76125.0 25451102.93543124 10.541666666666666
76140.0 25400206.23524999 10.5
76155.0 25322102.25208125 10.472222222222221
76170.0 25244114.74199999 10.444444444444443
76185.0 25166243.705006246 10.416666666666666
76200.0 25088489.141099997 10.388888888888891
76215.0 25082919.262362495 10.347222222222221
76230.0 25077342.726975 10.305555555555554
76245.0 25071759.5349375 10.26388888888889
76260.0 25066169.686249994 10.222222222222221
76275.0 25039350.9394875 10.180555555555557
76290.0 25012546.45697499 10.13888888888889
76305.0 24985756.23871249 10.097222222222221
76320.0 24958980.284699995 10.055555555555555
76335.0 24926638.511775002 10.055555555555555
76350.0 24894317.65975 10.055555555555555
76365.0 24862017.728624992 10.055555555555555
76380.0 24829738.718399998 10.055555555555555
76395.0 24797480.629075002 10.041666666666668
76410.0 24765243.460649982 10.027777777777777
76425.0 24733027.213124994 10.01388888888889
76440.0 24700831.886499994 10.0
76455.0 24701626.236065622 10.027777777777777
76470.0 24702413.7735375 10.055555555555555
76485.0 24703194.498915624 10.083333333333336
76500.0 24703968.4122 10.111111111111112
76515.0 24702822.938062504 10.125
76530.0 24701672.014249995 10.13888888888889
76545.0 24700515.640762497 10.152777777777779
76560.0 24699353.817599997 10.166666666666664
76575.0 24602331.310528126 10.152777777777779
76590.0 24505269.439612497 10.13888888888889
76605.0 24408168.204853125 10.125
76620.0 24311027.606249988 10.111111111111112
76635.0 24193264.79738437 10.13888888888889
76650.0 24075635.825587496 10.166666666666664
76665.0 23958140.690859362 10.194444444444445
76680.0 23840779.393199995 10.222222222222221
76695.0 23816536.422524996 10.236111111111109
76710.0 23792207.207999997 10.250000000000002
76725.0 23767791.749625 10.26388888888889
76740.0 23743290.047399998 10.277777777777779
76755.0 23724190.84756875 10.305555555555554
76770.0 23704983.842924997 10.333333333333334
76785.0 23685669.033468746 10.361111111111114
76800.0 23666246.4192 10.388888888888891
76815.0 23579137.101832815 10.388888888888891
76830.0 23491872.68360625 10.388888888888891
76845.0 23404453.164520312 10.388888888888891
76860.0 23316878.54457501 10.388888888888891
76875.0 23216370.007960934 10.402777777777779
76890.0 23115687.488643754 10.416666666666666
76905.0 23014830.986623436 10.430555555555555
76920.0 22913800.50190001 10.444444444444443
76935.0 23001785.312756255 10.47222222222222
76950.0 23089909.712100003 10.5
76965.0 23178173.699931245 10.527777777777779
76980.0 23266577.276249997 10.555555555555555
76995.0 23344081.310549993 10.555555555555555
77010.0 23421700.300074995 10.555555555555555
77025.0 23499434.244824994 10.555555555555555
77040.0 23577283.144799992 10.555555555555555
77055.0 23708970.687084366 10.555555555555555
77070.0 23840922.346587487 10.555555555555555
77085.0 23973138.123309363 10.555555555555555
77100.0 24105618.017249994 10.555555555555555
77115.0 24238362.028409373 10.555555555555555
77130.0 24371370.1567875 10.555555555555555
77145.0 24504642.402384367 10.555555555555555
77160.0 24638178.765199997 10.555555555555555
77175.0 24666159.73744999 10.569444444444445
77190.0 24694140.709699996 10.583333333333332
77205.0 24722121.68194999 10.597222222222223
77220.0 24750102.65419999 10.61111111111111
77235.0 24778083.626449995 10.597222222222223
77250.0 24806064.59869999 10.583333333333332
77265.0 24834045.570949994 10.569444444444445
77280.0 24862026.54319999 10.555555555555555
77295.0 24862026.54319999 10.541666666666666
77310.0 24862026.54319999 10.527777777777779
77325.0 24862026.54319999 10.513888888888888
77340.0 24862026.54319999 10.5
77355.0 24862026.54319999 10.5
77370.0 24862026.54319999 10.5
77385.0 24862026.54319999 10.5
77400.0 24862026.54319999 10.5
77415.0 24813804.371606242 10.48611111111111
77430.0 24765537.413924992 10.47222222222222
77445.0 24717225.670156244 10.45833333333333
77460.0 24668869.140299994 10.444444444444443
77475.0 24620467.824356243 10.430555555555555
77490.0 24572021.722324993 10.416666666666666
77505.0 24523530.834206246 10.402777777777779
77520.0 24474995.16 10.388888888888891
77535.0 24401358.87480156 10.375000000000004
77550.0 24327805.939456243 10.361111111111114
77565.0 24254336.353964064 10.347222222222221
77580.0 24180950.118324995 10.333333333333334
77595.0 24130016.593976557 10.305555555555554
77610.0 24079132.514456257 10.277777777777779
77625.0 24028297.879764065 10.250000000000002
77640.0 23977512.6899 10.222222222222221
77655.0 23940237.2055 10.166666666666664
77670.0 23902989.591250002 10.111111111111112
77685.0 23865769.84715 10.055555555555555
77700.0 23828577.973200005 10.0
77715.0 23787705.8313125 9.944444444444445
77730.0 23746866.204600003 9.888888888888888
77745.0 23706059.093062505 9.833333333333336
77760.0 23665284.496700004 9.777777777777779
77775.0 23631745.88005 9.749999999999998
77790.0 23598228.55005 9.722222222222221
77805.0 23564732.50670001 9.694444444444446
77820.0 23531257.75 9.666666666666666
77835.0 23519958.086625002 9.652777777777779
77850.0 23508658.423250005 9.638888888888886
77865.0 23497358.759875003 9.624999999999996
77880.0 23486059.096500006 9.611111111111109
77895.0 23463875.398906253 9.611111111111109
77910.0 23441678.808625 9.611111111111109
77925.0 23419469.32565625 9.611111111111109
77940.0 23397246.95 9.611111111111109
77955.0 23430380.83684375 9.638888888888886
77970.0 23463527.616375003 9.666666666666666
77985.0 23496687.28859375 9.694444444444446
78000.0 23529859.8535 9.722222222222221
78015.0 23551810.092868753 9.763888888888891
78030.0 23573751.755400002 9.805555555555555
78045.0 23595684.841093753 9.84722222222222
78060.0 23617609.349950004 9.888888888888888
78075.0 23626607.508590624 9.930555555555555
78090.0 23635601.378812507 9.972222222222223
78105.0 23644590.96061562 10.01388888888889
78120.0 23653576.254 10.055555555555555
78135.0 23602825.698375 10.069444444444445
78150.0 23552127.445000008 10.083333333333336
78165.0 23501481.493875 10.097222222222225
78180.0 23450887.845000003 10.111111111111112
78195.0 23391183.5465 10.111111111111112
78210.0 23331555.323999994 10.111111111111112
78225.0 23272003.177500002 10.111111111111112
78240.0 23212527.107 10.111111111111112
78255.0 23114803.15314843 10.097222222222225
78270.0 23017281.39046875 10.083333333333336
78285.0 22919961.818960935 10.069444444444445
78300.0 22822844.438624997 10.055555555555555
78315.0 22702413.74182031 10.041666666666668
78330.0 22582271.41603125 10.027777777777777
78345.0 22462417.46125781 10.01388888888889
78360.0 22342851.8775 10.0
78375.0 22193956.869820315 10.01388888888889
78390.0 22045524.14728125 10.027777777777777
78405.0 21897553.709882814 10.041666666666668
78420.0 21750045.55762501 10.055555555555555
78435.0 21622545.896273438 10.055555555555555
78450.0 21495411.660318755 10.055555555555555
78465.0 21368642.849760935 10.055555555555555
78480.0 21242239.464599993 10.055555555555555
78495.0 21170681.665787492 10.041666666666668
78510.0 21099244.454749994 10.027777777777777
78525.0 21027927.831487495 10.01388888888889
78540.0 20956731.79599999 10.0
78555.0 20894403.16809999 9.98611111111111
78570.0 20832166.41659999 9.972222222222223
78585.0 20770021.5415 9.958333333333332
78600.0 20707968.54279999 9.944444444444445
78615.0 20722212.38852187 9.902777777777779
78630.0 20736435.2493375 9.86111111111111
78645.0 20750637.125246864 9.819444444444443
78660.0 20764818.016249996 9.777777777777779
78675.0 20761609.277784366 9.749999999999998
78690.0 20758395.098787483 9.722222222222221
78705.0 20755175.479259364 9.694444444444446
78720.0 20751950.419199992 9.666666666666666
78735.0 20737573.131876558 9.680555555555554
78750.0 20723077.410131246 9.694444444444446
78765.0 20708463.253964067 9.708333333333334
78780.0 20693730.663374998 9.722222222222221
78795.0 20666863.52102968 9.73611111111111
78810.0 20639928.18916874 9.749999999999998
78825.0 20612924.667792182 9.763888888888891
78840.0 20585852.956899997 9.777777777777779
78855.0 20478881.514918745 9.805555555555555
78870.0 20372059.2075 9.833333333333336
78885.0 20265386.03464375 9.86111111111111
78900.0 20158861.996349994 9.888888888888888
78915.0 20052487.09261875 9.888888888888888
78930.0 19946261.323449995 9.888888888888888
78945.0 19840184.68884375 9.888888888888888
78960.0 19734257.188799996 9.888888888888888
78975.0 19582294.29069375 9.875
78990.0 19430794.52352499 9.86111111111111
79005.0 19279757.887293745 9.847222222222221
79020.0 19129184.382 9.833333333333336
79035.0 18982273.71665625 9.819444444444448
79050.0 18835789.131775003 9.805555555555559
79065.0 18689730.627356246 9.791666666666666
79080.0 18544098.203399997 9.777777777777779
79095.0 18402929.680471875 9.791666666666666
79110.0 18262295.161687493 9.805555555555559
79125.0 18122194.64704687 9.819444444444448
79140.0 17982628.136549994 9.833333333333336
79155.0 17838978.319903124 9.833333333333336
79170.0 17695902.063262504 9.833333333333336
79185.0 17553399.366628125 9.833333333333336
79200.0 17411470.23 9.833333333333336
79215.0 17273847.228137508 9.833333333333336
79230.0 17136770.1813 9.833333333333336
79245.0 17000239.089487497 9.833333333333336
79260.0 16864253.9527 9.833333333333336
79275.0 16734773.387062503 9.833333333333336
79290.0 16605791.302099999 9.833333333333336
79305.0 16477307.697812498 9.833333333333336
79320.0 16349322.574199997 9.833333333333336
79335.0 16243604.059134373 9.833333333333336
79350.0 16138217.325037496 9.833333333333336
79365.0 16033162.371909376 9.833333333333336
79380.0 15928439.199749999 9.833333333333336
79395.0 15824047.808559371 9.833333333333336
79410.0 15719988.198337503 9.833333333333336
79425.0 15616260.369084375 9.833333333333336
79440.0 15512864.320799997 9.833333333333336
79455.0 15342268.053492181 9.819444444444448
79470.0 15172613.432418747 9.805555555555559
79485.0 15003900.457579682 9.791666666666666
79500.0 14836129.128974997 9.777777777777779
79515.0 14645738.759695308 9.749999999999998
79530.0 14456568.436406251 9.722222222222221
79545.0 14268618.159107812 9.694444444444446
79560.0 14081887.9278 9.666666666666666
79575.0 13898770.312109374 9.666666666666666
79590.0 13716819.228612496 9.666666666666666
79605.0 13536034.677309375 9.666666666666666
79620.0 13356416.6582 9.666666666666666
79635.0 13213328.194653124 9.666666666666666
79650.0 13070848.805437503 9.666666666666666
79665.0 12928978.490553126 9.666666666666666
79680.0 12787717.25 9.666666666666666
79695.0 12717423.647775002 9.666666666666666
79710.0 12647305.166650001 9.666666666666666
79725.0 12577361.806625 9.666666666666666
79740.0 12507593.567700002 9.666666666666666
79755.0 12453069.203574995 9.680555555555554
79770.0 12398609.357749993 9.694444444444446
79785.0 12344214.030224996 9.708333333333334
79800.0 12289883.220999995 9.722222222222221
79815.0 12217670.86227187 9.708333333333334
79830.0 12145661.86968749 9.694444444444446
79845.0 12073856.243246874 9.680555555555554
79860.0 12002253.982949998 9.666666666666666
79875.0 11925975.892359374 9.666666666666666
79890.0 11849936.535937503 9.666666666666666
79905.0 11774135.913684376 9.666666666666666
79920.0 11698574.0256 9.666666666666666
79935.0 11588982.362048436 9.666666666666666
79950.0 11479864.093293753 9.666666666666666
79965.0 11371219.219335938 9.666666666666666
79980.0 11263047.740174998 9.666666666666666
79995.0 11160030.140273439 9.666666666666666
80010.0 11057427.671193745 9.666666666666666
80025.0 10955240.332935937 9.666666666666666
80040.0 10853468.125500001 9.666666666666666
80055.0 10812055.777720314 9.666666666666666
80070.0 10770715.094081245 9.666666666666666
80085.0 10729446.07458281 9.666666666666666
80100.0 10688248.719224999 9.666666666666666
80115.0 10631247.877851566 9.666666666666666
80130.0 10574398.964456253 9.666666666666666
80145.0 10517701.979039062 9.666666666666666
80160.0 10461156.921600001 9.666666666666666
80175.0 10369009.791164061 9.666666666666666
80190.0 10277243.621356253 9.666666666666666
80205.0 10185858.41217656 9.666666666666666
80220.0 10094854.163625006 9.666666666666666
80235.0 10003124.02933594 9.666666666666666
80250.0 9911782.25296875 9.666666666666666
80265.0 9820828.834523436 9.666666666666666
80280.0 9730263.773999998 9.666666666666666
80295.0 9636618.300684372 9.652777777777779
80310.0 9543360.714387499 9.638888888888886
80325.0 9450491.015109373 9.624999999999996
80340.0 9358009.202849997 9.611111111111109
80355.0 9275629.10841875 9.611111111111109
80370.0 9193577.731799997 9.611111111111109
80385.0 9111855.07299375 9.611111111111109
80400.0 9030461.132 9.611111111111109
80415.0 8993187.7872375 9.611111111111109
80430.0 8955972.925900003 9.611111111111109
80445.0 8918816.547987502 9.611111111111109
80460.0 8881718.653500002 9.611111111111109
80475.0 8844679.242437497 9.611111111111109
80490.0 8807698.3148 9.611111111111109
80505.0 8770775.8705875 9.611111111111109
80520.0 8733911.9098 9.611111111111109
80535.0 8805454.957457813 9.611111111111109
80550.0 8876763.829106249 9.611111111111109
80565.0 8947838.524745313 9.611111111111109
80580.0 9018679.044374999 9.611111111111109
80595.0 9088174.024617188 9.624999999999996
80610.0 9157414.465718752 9.638888888888886
80625.0 9226400.367679687 9.652777777777779
80640.0 9295131.7305 9.666666666666666
80655.0 9231093.70596875 9.680555555555554
80670.0 9167157.999999996 9.694444444444446
80685.0 9103324.612593748 9.708333333333334
80700.0 9039593.543749997 9.722222222222221
80715.0 8975964.793468751 9.722222222222221
80730.0 8912438.36175 9.722222222222221
80745.0 8849014.248593746 9.722222222222221
80760.0 8785692.453999998 9.722222222222221
80775.0 9163227.21617187 9.708333333333334
80790.0 9539092.0461375 9.694444444444446
80805.0 9913286.943896873 9.680555555555554
80820.0 10285811.909449996 9.666666666666666
80835.0 10656666.942796875 9.680555555555554
80850.0 11025852.043937497 9.694444444444446
80865.0 11393367.21287188 9.708333333333334
80880.0 11759212.449600002 9.722222222222221
80895.0 11918268.863221874 9.722222222222221
80910.0 12075324.121437505 9.722222222222221
80925.0 12230378.22424688 9.722222222222221
80940.0 12383431.171650002 9.722222222222221
80955.0 12392321.02257188 9.73611111111111
80970.0 12394450.213337503 9.749999999999998
80985.0 12389818.74394688 9.763888888888891
81000.0 12378426.614400007 9.777777777777779
81015.0 12527702.694718752 9.749999999999998
81030.0 12677733.811050005 9.722222222222221
81045.0 12828519.963393759 9.694444444444446
81060.0 12980061.151750006 9.666666666666666
81075.0 13181856.737568745 9.652777777777779
81090.0 13385205.133299991 9.638888888888886
81105.0 13590106.338943746 9.624999999999996
81120.0 13796560.354499998 9.611111111111109
81135.0 14501014.223248435 9.597222222222221
81150.0 15213520.26569374 9.583333333333334
81165.0 15934078.481835928 9.569444444444445
81180.0 16662688.871674992 9.555555555555557
81195.0 17515315.93819218 9.555555555555557
81210.0 18377478.788418747 9.555555555555557
81225.0 19249177.422354687 9.555555555555557
81240.0 20130411.840000004 9.555555555555557
81255.0 20692997.57693438 9.555555555555557
81270.0 21263038.8807375 9.555555555555557
81285.0 21840535.751409378 9.555555555555557
81300.0 22425488.188949995 9.555555555555557
81315.0 23114495.888859376 9.555555555555557
81330.0 23812998.2850375 9.555555555555557
81345.0 24520995.377484374 9.555555555555557
81360.0 25238487.1662 9.555555555555557
81375.0 25476544.01624063 9.569444444444445
81390.0 25715283.712387502 9.583333333333334
81405.0 25954706.254640624 9.597222222222221
81420.0 26194811.643000007 9.611111111111109
81435.0 26416748.724712513 9.611111111111109
81450.0 26639302.57065 9.611111111111109
81465.0 26862473.180812497 9.611111111111109
81480.0 27086260.555200007 9.611111111111109
81495.0 27171924.289125007 9.611111111111109
81510.0 27257682.496274993 9.611111111111109
81525.0 27343535.176650003 9.611111111111109
81540.0 27429482.330250006 9.611111111111109
81555.0 27407756.670525003 9.611111111111109
81570.0 27385972.52737501 9.611111111111109
81585.0 27364129.900799993 9.611111111111109
81600.0 27342228.790799994 9.611111111111109
81615.0 27215334.39312187 9.583333333333334
81630.0 27088331.230537497 9.555555555555557
81645.0 26961219.303046875 9.527777777777779
81660.0 26833998.610649996 9.5
81675.0 26715156.217509363 9.472222222222221
81690.0 26596211.7526875 9.444444444444445
81705.0 26477165.21618437 9.416666666666668
81720.0 26358016.607999995 9.38888888888889
81735.0 26260923.71234062 9.36111111111111
81750.0 26163941.44691249 9.333333333333332
81765.0 26067069.81171563 9.305555555555555
81780.0 25970308.80675 9.277777777777779
81795.0 25958330.47139062 9.250000000000004
81810.0 25946343.166012503 9.222222222222221
81825.0 25934346.89061561 9.194444444444443
81840.0 25922341.64519999 9.166666666666666
81855.0 26034160.726251554 9.166666666666666
81870.0 26145889.901381247 9.166666666666666
81885.0 26257529.170589056 9.166666666666666
81900.0 26369078.533875007 9.166666666666666
81915.0 26497405.247414064 9.194444444444443
81930.0 26625629.54638125 9.222222222222221
81945.0 26753751.430776563 9.250000000000004
81960.0 26881770.900599994 9.277777777777779
81975.0 26957820.193992186 9.319444444444448
81990.0 27033563.743243743 9.36111111111111
82005.0 27109001.548354685 9.402777777777777
82020.0 27184133.609325007 9.444444444444445
82035.0 27177380.719070304 9.472222222222221
82050.0 27170544.963581245 9.5
82065.0 27163626.342857804 9.52777777777778
82080.0 27156624.85689999 9.555555555555557
82095.0 27098107.929199997 9.54166666666667
82110.0 27039437.386499994 9.52777777777778
82125.0 26980613.22879999 9.51388888888889
82140.0 26921635.45609999 9.5
82155.0 26876862.462449994 9.5
82170.0 26831846.245049994 9.5
82185.0 26786586.8039 9.5
82200.0 26741084.138999995 9.5
82215.0 26732321.898253128 9.51388888888889
82230.0 26723180.365612492 9.52777777777778
82245.0 26713659.541078124 9.54166666666667
82260.0 26703759.42465 9.555555555555557
82275.0 26683463.701124992 9.54166666666667
82290.0 26662846.154175 9.52777777777778
82305.0 26641906.78379999 9.51388888888889
82320.0 26620645.59 9.5
82335.0 26610373.940149996 9.486111111111112
82350.0 26599879.182799995 9.472222222222221
82365.0 26589161.317949995 9.458333333333334
82380.0 26578220.345599994 9.444444444444445
82395.0 26543491.724749997 9.458333333333334
82410.0 26508647.087999985 9.472222222222221
82425.0 26473686.435349986 9.486111111111112
82440.0 26438609.76679999 9.5
82455.0 26436084.21275936 9.51388888888889
82470.0 26433469.278562494 9.52777777777778
82485.0 26430764.964209367 9.54166666666667
82500.0 26427971.269699994 9.555555555555557
82515.0 26436711.281990614 9.569444444444445
82530.0 26445330.368187495 9.583333333333334
82545.0 26453828.528290622 9.597222222222221
82560.0 26462205.762299996 9.611111111111109
82575.0 26491426.915078115 9.597222222222221
82590.0 26520503.477737494 9.583333333333334
82605.0 26549435.450278126 9.569444444444445
82620.0 26578222.832699995 9.555555555555557
82635.0 26604947.805734362 9.54166666666667
82650.0 26631532.778812487 9.52777777777778
82665.0 26657977.75193437 9.51388888888889
82680.0 26684282.725099996 9.5
82695.0 26667059.182706244 9.472222222222221
82710.0 26649737.162125 9.444444444444445
82725.0 26632316.663356245 9.416666666666668
82740.0 26614797.686399996 9.38888888888889
82755.0 26580129.542312495 9.36111111111111
82770.0 26545422.00695 9.333333333333332
82785.0 26510675.080312494 9.305555555555555
82800.0 26475888.76239999 9.277777777777779
82815.0 25752880.969921872 9.263888888888893
82830.0 25029139.857837494 9.250000000000004
82845.0 24304665.426146872 9.23611111111111
82860.0 23579457.67484999 9.222222222222221
82875.0 22863253.24384062 9.208333333333336
82890.0 22145686.933562495 9.194444444444443
82905.0 21426758.744015627 9.180555555555555
82920.0 20706468.6752 9.166666666666666
82935.0 20085404.839499995 9.138888888888891
82950.0 19461321.957000002 9.11111111111111
82965.0 18834220.0277 9.08333333333333
82980.0 18204099.051599998 9.055555555555554
82995.0 17570959.028699998 9.041666666666666
83010.0 16934799.958999995 9.027777777777779
83025.0 16295621.842500001 9.01388888888889
83040.0 15653424.679199997 9.000000000000002
83055.0 15394139.347125001 9.000000000000002
83070.0 15136955.980300002 9.000000000000002
83085.0 14881874.578725003 9.000000000000002
83100.0 14628895.142400004 9.000000000000002
83115.0 14374865.51895625 8.986111111111114
83130.0 14122982.902874999 8.972222222222225
83145.0 13873247.29415625 8.958333333333334
83160.0 13625658.692799998 8.944444444444445
83175.0 13496670.874706248 8.958333333333334
83190.0 13360112.488799997 8.972222222222225
83205.0 13215983.535081247 8.986111111111114
83220.0 13064284.013549997 9.000000000000002
83235.0 12903920.464290623 9.01388888888889
83250.0 12735960.241812501 9.027777777777779
83265.0 12560403.346115623 9.041666666666666
83280.0 12377249.777199998 9.055555555555554
83295.0 12462110.456709376 9.055555555555554
83310.0 12535462.126687499 9.055555555555554
83325.0 12597304.787134372 9.055555555555554
83340.0 12647638.438049994 9.055555555555554
83355.0 12681354.265146868 9.041666666666666
83370.0 12703329.745837498 9.027777777777779
83385.0 12713564.880121877 9.01388888888889
83400.0 12712059.668 9.000000000000002
83415.0 12919182.802607812 9.01388888888889
83430.0 13124285.767381247 9.027777777777779
83445.0 13327368.562320314 9.041666666666666
83460.0 13528431.187425 9.055555555555554
83475.0 13718459.706514062 9.069444444444441
83490.0 13906135.973056255 9.08333333333333
83505.0 14091459.987051567 9.097222222222221
83520.0 14274431.748500003 9.11111111111111
83535.0 14462930.67594375 9.124999999999998
83550.0 14652659.712074997 9.138888888888891
83565.0 14843618.856893755 9.152777777777779
83580.0 15035808.1104 9.166666666666666
83595.0 15232509.987406246 9.194444444444443
83610.0 15430486.704325004 9.222222222222221
83625.0 15629738.261156252 9.250000000000004
83640.0 15830264.657899996 9.277777777777779
83655.0 16435355.178429686 9.291666666666666
83670.0 17043930.07576875 9.305555555555555
83685.0 17655989.34991719 9.319444444444445
83700.0 18271533.000875 9.333333333333332
83715.0 18853135.44958594 9.34722222222222
83730.0 19437990.334743753 9.361111111111107
83745.0 20026097.65634843 9.375
83760.0 20617457.414399996 9.38888888888889
83775.0 20994771.976784367 9.375
83790.0 21372746.178437497 9.361111111111107
83805.0 21751380.019359376 9.34722222222222
83820.0 22130673.49955 9.333333333333332
83835.0 22522700.82201562 9.305555555555555
83850.0 22915409.929912508 9.277777777777779
83865.0 23308800.82324063 9.25
83880.0 23702873.502 9.222222222222221
83895.0 23730712.81013125 9.222222222222221
83910.0 23758557.951975003 9.222222222222221
83925.0 23786408.92753125 9.222222222222221
83940.0 23814265.7368 9.222222222222221
83955.0 23849050.930031244 9.180555555555555
83970.0 23883843.56627499 9.138888888888891
83985.0 23918643.645531245 9.097222222222221
84000.0 23953451.167799994 9.055555555555554
84015.0 23945938.882249992 9.055555555555554
84030.0 23937945.415999994 9.055555555555554
84045.0 23929470.769049995 9.055555555555554
84060.0 23920514.9414 9.055555555555554
84075.0 23925137.070449993 9.041666666666666
84090.0 23929361.702399995 9.027777777777779
84105.0 23933188.83724999 9.01388888888889
84120.0 23936618.474999994 9.000000000000002
84135.0 24044299.709718745 8.986111111111114
84150.0 24151682.218124997 8.972222222222225
84165.0 24258766.00021875 8.958333333333334
84180.0 24365551.055999998 8.944444444444445
84195.0 24479328.867743745 8.944444444444445
84210.0 24592887.613524992 8.944444444444445
84225.0 24706227.293343745 8.944444444444445
84240.0 24819347.907199994 8.944444444444445
84255.0 24939573.457115624 8.944444444444445
84270.0 25060088.489012495 8.944444444444445
84285.0 25180893.002890613 8.944444444444445
84300.0 25301986.99875 8.944444444444445
84315.0 25436505.77520937 8.944444444444445
84330.0 25571380.472137496 8.944444444444445
84345.0 25706611.089534357 8.944444444444445
84360.0 25842197.627399996 8.944444444444445
84375.0 25920844.05439374 8.930555555555557
84390.0 25999602.455749992 8.916666666666664
84405.0 26078472.831468746 8.902777777777779
84420.0 26157455.18154999 8.88888888888889
84435.0 26209928.85857499 8.861111111111112
84450.0 26262454.216074996 8.833333333333334
84465.0 26315031.25404999 8.805555555555552
84480.0 26367659.97249999 8.777777777777777
84495.0 26392357.501846865 8.76388888888889
84510.0 26417053.175012484 8.75
84525.0 26441746.991996877 8.73611111111111
84540.0 26466438.952799994 8.722222222222223
84555.0 26483460.194296867 8.722222222222223
84570.0 26500464.73016251 8.722222222222223
84585.0 26517452.560396884 8.722222222222223
84600.0 26534423.684999995 8.722222222222223
84615.0 26547863.191609375 8.722222222222223
84630.0 26561280.9452375 8.722222222222223
84645.0 26574676.945884366 8.722222222222223
84660.0 26588051.19355 8.722222222222223
84675.0 26601403.688234374 8.722222222222223
84690.0 26614734.42993749 8.722222222222223
84705.0 26628043.418659374 8.722222222222223
84720.0 26641330.6544 8.722222222222223
84735.0 26651491.710593745 8.708333333333336
84750.0 26661651.614674997 8.694444444444448
84765.0 26671810.366643745 8.680555555555555
84780.0 26681967.9665 8.666666666666666
84795.0 26694040.025296874 8.652777777777779
84810.0 26706110.7399625 8.638888888888888
84825.0 26718180.110496875 8.625
84840.0 26730248.136899997 8.61111111111111
84855.0 26728196.507993743 8.597222222222221
84870.0 26726094.716474995 8.583333333333336
84885.0 26723942.76234375 8.569444444444443
84900.0 26721740.6456 8.555555555555555
84915.0 26717582.68987499 8.541666666666666
84930.0 26713378.430199996 8.527777777777775
84945.0 26709127.86657499 8.513888888888886
84960.0 26704830.998999998 8.499999999999998
84975.0 26657747.87120156 8.499999999999998
84990.0 26610706.06858125 8.499999999999998
85005.0 26563705.59113906 8.499999999999998
85020.0 26516746.438875005 8.499999999999998
85035.0 26460374.088585936 8.499999999999998
85050.0 26404061.03094374 8.499999999999998
85065.0 26347807.26594844 8.499999999999998
85080.0 26291612.793599997 8.499999999999998
85095.0 26240480.959601566 8.48611111111111
85110.0 26189391.95035625 8.472222222222221
85125.0 26138345.76586406 8.458333333333334
85140.0 26087342.406124998 8.444444444444446
85155.0 26036381.871139057 8.444444444444446
85170.0 25985464.160906244 8.444444444444446
85185.0 25934589.27542656 8.444444444444446
85200.0 25883757.2147 8.444444444444446
85215.0 25879697.0971 8.458333333333334
85230.0 25875636.979499992 8.472222222222221
85245.0 25871576.86189999 8.48611111111111
85260.0 25867516.744299993 8.499999999999998
85275.0 25883959.511024997 8.499999999999998
85290.0 25900395.840549994 8.499999999999998
85305.0 25916825.732874997 8.499999999999998
85320.0 25933249.187999997 8.499999999999998
85335.0 25914503.384962495 8.499999999999998
85350.0 25895731.79654999 8.499999999999998
85365.0 25876934.4227625 8.499999999999998
85380.0 25858111.263599996 8.499999999999998
85395.0 25852228.257143747 8.48611111111111
85410.0 25846289.382374994 8.472222222222221
85425.0 25840294.639293745 8.458333333333334
85440.0 25834244.0279 8.444444444444446
85455.0 25847707.577999994 8.444444444444446
85470.0 25861104.195849996 8.444444444444446
85485.0 25874433.88145 8.444444444444446
85500.0 25887696.63479999 8.444444444444446
85515.0 25888030.207943745 8.430555555555559
85530.0 25888320.275125 8.41666666666667
85545.0 25888566.836343743 8.402777777777779
85560.0 25888769.891599994 8.38888888888889
85575.0 25910663.14711874 8.38888888888889
85590.0 25932550.971249986 8.38888888888889
85605.0 25954433.36399375 8.38888888888889
85620.0 25976310.325349994 8.38888888888889
85635.0 25987193.225743745 8.402777777777779
85650.0 25998073.1087 8.41666666666667
85665.0 26008949.974218745 8.430555555555559
85680.0 26019823.822300002 8.444444444444446
85695.0 26030808.83095 8.444444444444446
85710.0 26041793.8396 8.444444444444446
85725.0 26052778.848249998 8.444444444444446
85740.0 26063763.856900003 8.444444444444446
85755.0 26072918.030775003 8.444444444444446
85770.0 26082072.20465 8.444444444444446
85785.0 26091226.378525 8.444444444444446
85800.0 26100380.5524 8.444444444444446
85815.0 26127666.45792187 8.444444444444446
85830.0 26154919.5282375 8.444444444444446
85845.0 26182139.763346873 8.444444444444446
85860.0 26209327.163249988 8.444444444444446
85875.0 26227347.098837487 8.444444444444446
85890.0 26245342.017124992 8.444444444444446
85905.0 26263311.9181125 8.444444444444446
85920.0 26281256.801799994 8.444444444444446
85935.0 26298642.06969999 8.444444444444446
85950.0 26316027.337599996 8.444444444444446
85965.0 26333412.605499994 8.444444444444446
85980.0 26350797.873399988 8.444444444444446
85995.0 26368183.14129999 8.458333333333334
86010.0 26385568.409199994 8.472222222222221
86025.0 26402953.677099988 8.48611111111111
86040.0 26420338.94499999 8.499999999999998
86055.0 26424158.43567499 8.513888888888886
86070.0 26427977.926349986 8.527777777777775
86085.0 26431797.41702499 8.541666666666666
86100.0 26435616.907699987 8.555555555555555
86115.0 26430258.587906234 8.569444444444443
86130.0 26424897.616424993 8.583333333333336
86145.0 26419533.993256245 8.597222222222221
86160.0 26414167.71839999 8.61111111111111
86175.0 26423703.186649993 8.61111111111111
86190.0 26433238.654899996 8.61111111111111
86205.0 26442774.123149995 8.61111111111111
86220.0 26452309.591399994 8.61111111111111
86235.0 26461845.059649993 8.597222222222221
86250.0 26471380.527899995 8.583333333333336
86265.0 26480915.99614999 8.569444444444443
86280.0 26490451.464399993 8.555555555555555
86295.0 26122357.802406237 8.527777777777779
86310.0 25753947.967824996 8.499999999999998
86325.0 25385221.960656244 8.472222222222221
86340.0 25016179.780899987 8.444444444444446
86355.0 24703248.867653117 8.430555555555559
86370.0 24388262.832587495 8.41666666666667
86385.0 24071221.675703127 8.402777777777779
86400.0 23752125.396999996 8.38888888888889
