time,power,OA Wetbulb Temp
0,26285274.78,4.833333333
15,26324091.67,4.805555556
30,26362935.85,4.777777778
45,26401807.33,4.75
60,26440706.1,4.722222222
75,26470161.06,4.708333333
90,26499632.39,4.694444444
105,26529120.1,4.680555556
120,26558624.19,4.666666667
135,26594450.67,4.666666667
150,26630301.03,4.666666667
165,26666175.29,4.666666667
180,26702073.43,4.666666667
195,26733237.38,4.652777778
210,26764419.49,4.638888889
225,26795619.76,4.625
240,26826838.18,4.611111111
255,26834143.34,4.625
270,26841443.38,4.638888889
285,26848738.3,4.652777778
300,26856028.1,4.666666667
315,26853789.03,4.666666667
330,26851548.69,4.666666667
345,26849307.06,4.666666667
360,26847064.15,4.666666667
375,26824899.81,4.666666667
390,26802743.88,4.666666667
405,26780596.37,4.666666667
420,26758457.26,4.666666667
435,26744237.2,4.666666667
450,26730017.13,4.666666667
465,26715797.06,4.666666667
480,26701576.99,4.666666667
495,26651502.03,4.666666667
510,26601473.99,4.666666667
525,26551492.87,4.666666667
540,26501558.67,4.666666667
555,26443808.93,4.652777778
570,26386120.34,4.638888889
585,26328492.88,4.625
600,26270926.56,4.611111111
615,26270926.56,4.597222222
630,26270926.56,4.583333333
645,26270926.56,4.569444444
660,26270926.56,4.555555556
675,26270926.56,4.555555556
690,26270926.56,4.555555556
705,26270926.56,4.555555556
720,26270926.56,4.555555556
735,26257906.59,4.555555556
750,26244886.62,4.555555556
765,26231866.65,4.555555556
780,26218846.68,4.555555556
795,26205826.72,4.555555556
810,26192806.75,4.555555556
825,26179786.78,4.555555556
840,26166766.81,4.555555556
855,26182774.22,4.555555556
870,26198786.52,4.555555556
885,26214803.72,4.555555556
900,26230825.8,4.555555556
915,26239030.51,4.569444444
930,26247235.21,4.583333333
945,26255439.92,4.597222222
960,26263644.62,4.611111111
975,26263261.23,4.625
990,26262877.83,4.638888889
1005,26262494.43,4.652777778
1020,26262111.03,4.666666667
1035,26261727.64,4.666666667
1050,26261344.24,4.666666667
1065,26260960.84,4.666666667
1080,26260577.44,4.666666667
1095,26287295.83,4.666666667
1110,26314027.75,4.666666667
1125,26340773.2,4.666666667
1140,26367532.18,4.666666667
1155,26394304.7,4.666666667
1170,26421090.74,4.666666667
1185,26447890.33,4.666666667
1200,26474703.44,4.666666667
1215,26474703.44,4.666666667
1230,26474703.44,4.666666667
1245,26474703.44,4.666666667
1260,26474703.44,4.666666667
1275,26474703.44,4.638888889
1290,26474703.44,4.611111111
1305,26474703.44,4.583333333
1320,26474703.44,4.555555556
1335,26493792.52,4.541666667
1350,26512881.6,4.527777778
1365,26531970.67,4.513888889
1380,26551059.75,4.5
1395,26570148.83,4.486111111
1410,26589237.91,4.472222222
1425,26608326.98,4.458333333
1440,26627416.06,4.444444444
1455,26611867.7,4.444444444
1470,26596319.34,4.444444444
1485,26580770.98,4.444444444
1500,26565222.61,4.444444444
1515,26549674.25,4.444444444
1530,26534125.89,4.444444444
1545,26518577.53,4.444444444
1560,26503029.17,4.444444444
1575,26476989.27,4.444444444
1590,26450962.05,4.444444444
1605,26424947.52,4.444444444
1620,26398945.68,4.444444444
1635,26372956.52,4.444444444
1650,26346980.06,4.444444444
1665,26321016.28,4.444444444
1680,26295065.18,4.444444444
1695,26282563.44,4.416666667
1710,26270061.71,4.388888889
1725,26257559.97,4.361111111
1740,26245058.23,4.333333333
1755,26232556.49,4.333333333
1770,26220054.76,4.333333333
1785,26207553.02,4.333333333
1800,26195051.28,4.333333333
1815,26217677.13,4.347222222
1830,26240302.97,4.361111111
1845,26262928.81,4.375
1860,26285554.66,4.388888889
1875,26308180.5,4.375
1890,26330806.34,4.361111111
1905,26353432.19,4.347222222
1920,26376058.03,4.333333333
1935,26376058.03,4.333333333
1950,26376058.03,4.333333333
1965,26376058.03,4.333333333
1980,26376058.03,4.333333333
1995,26376058.03,4.319444444
2010,26376058.03,4.305555556
2025,26376058.03,4.291666667
2040,26376058.03,4.277777778
2055,26352128.33,4.291666667
2070,26328198.62,4.305555556
2085,26304268.91,4.319444444
2100,26280339.21,4.333333333
2115,26256409.5,4.333333333
2130,26232479.8,4.333333333
2145,26208550.09,4.333333333
2160,26184620.39,4.333333333
2175,26172133.68,4.333333333
2190,26159646.98,4.333333333
2205,26147160.27,4.333333333
2220,26134673.57,4.333333333
2235,26122186.86,4.333333333
2250,26109700.16,4.333333333
2265,26097213.45,4.333333333
2280,26084726.75,4.333333333
2295,26059753.33,4.333333333
2310,26034779.93,4.333333333
2325,26009806.52,4.333333333
2340,25984833.1,4.333333333
2355,25959859.7,4.333333333
2370,25934886.28,4.333333333
2385,25909912.88,4.333333333
2400,25884939.47,4.333333333
2415,25871974.25,4.333333333
2430,25859009.03,4.333333333
2445,25846043.82,4.333333333
2460,25833078.6,4.333333333
2475,25820113.39,4.333333333
2490,25807148.17,4.333333333
2505,25794182.95,4.333333333
2520,25781217.74,4.333333333
2535,25781217.74,4.319444444
2550,25781217.74,4.305555556
2565,25781217.74,4.291666667
2580,25781217.74,4.277777778
2595,25781217.74,4.277777778
2610,25781217.74,4.277777778
2625,25781217.74,4.277777778
2640,25781217.74,4.277777778
2655,25798318.16,4.263888889
2670,25815418.58,4.25
2685,25832519,4.236111111
2700,25849619.43,4.222222222
2715,25849619.43,4.222222222
2730,25849619.43,4.222222222
2745,25849619.43,4.222222222
2760,25849619.43,4.222222222
2775,25815872.32,4.222222222
2790,25782100.26,4.222222222
2805,25748303.23,4.222222222
2820,25714481.24,4.222222222
2835,25672923.77,4.222222222
2850,25631366.31,4.222222222
2865,25589808.84,4.222222222
2880,25548251.37,4.222222222
2895,25545634.78,4.208333333
2910,25543013.98,4.194444444
2925,25540388.98,4.180555556
2940,25537759.76,4.166666667
2955,25515210.54,4.166666667
2970,25492670.78,4.166666667
2985,25470140.48,4.166666667
3000,25447619.65,4.166666667
3015,25364995.29,4.166666667
3030,25282497.45,4.166666667
3045,25200126.14,4.166666667
3060,25117881.36,4.166666667
3075,25044852.97,4.166666667
3090,24971914.07,4.166666667
3105,24899064.67,4.166666667
3120,24826304.76,4.166666667
3135,24737230.92,4.152777778
3150,24648292.52,4.138888889
3165,24559489.58,4.125
3180,24470822.1,4.111111111
3195,24382290.07,4.125
3210,24293893.5,4.138888889
3225,24205632.38,4.152777778
3240,24117506.72,4.166666667
3255,24084576.37,4.152777778
3270,24051668.19,4.138888889
3285,24018782.19,4.125
3300,23985918.36,4.111111111
3315,23953076.7,4.111111111
3330,23920257.22,4.111111111
3345,23887459.91,4.111111111
3360,23854684.77,4.111111111
3375,23809628.65,4.111111111
3390,23764605.87,4.111111111
3405,23719616.41,4.111111111
3420,23674660.28,4.111111111
3435,23635596.76,4.111111111
3450,23596560.64,4.111111111
3465,23557551.92,4.111111111
3480,23518570.61,4.111111111
3495,23554483.63,4.125
3510,23590416.9,4.138888889
3525,23626370.41,4.152777778
3540,23662344.16,4.166666667
3555,23698338.16,4.152777778
3570,23734352.4,4.138888889
3585,23770386.88,4.125
3600,23806441.61,4.111111111
3615,23813879.35,4.097222222
3630,23821229.94,4.083333333
3645,23828493.38,4.069444444
3660,23835669.68,4.055555556
3675,23833955.63,4.041666667
3690,23832175.77,4.027777778
3705,23830330.11,4.013888889
3720,23828418.65,4
3735,23914131.02,3.986111111
3750,23999990.19,3.972222222
3765,24085996.14,3.958333333
3780,24172148.89,3.944444444
3795,24264359.73,3.944444444
3810,24356742.88,3.944444444
3825,24449298.36,3.944444444
3840,24542026.16,3.944444444
3855,24566443.77,3.944444444
3870,24590444.76,3.944444444
3885,24614029.14,3.944444444
3900,24637196.91,3.944444444
3915,24659948.07,3.944444444
3930,24682282.61,3.944444444
3945,24704200.54,3.944444444
3960,24725701.86,3.944444444
3975,24837872.63,3.944444444
3990,24950135.13,3.944444444
4005,25062489.36,3.944444444
4020,25174935.32,3.944444444
4035,25270620.83,3.944444444
4050,25366382.77,3.944444444
4065,25462221.16,3.944444444
4080,25558135.99,3.944444444
4095,25650182.1,3.930555556
4110,25742228.2,3.916666667
4125,25834274.31,3.902777778
4140,25926320.42,3.888888889
4155,26018366.53,3.875
4170,26110412.64,3.861111111
4185,26202458.74,3.847222222
4200,26294504.85,3.833333333
4215,26256229.01,3.833333333
4230,26217909.62,3.833333333
4245,26179546.69,3.833333333
4260,26141140.21,3.833333333
4275,26102690.18,3.833333333
4290,26064196.6,3.833333333
4305,26025659.48,3.833333333
4320,25987078.81,3.833333333
4335,25841841.85,3.819444444
4350,25696963.2,3.805555556
4365,25552442.86,3.791666667
4380,25408280.82,3.777777778
4395,25264477.1,3.777777778
4410,25121031.67,3.777777778
4425,24977944.56,3.777777778
4440,24835215.75,3.777777778
4455,24765078.65,3.777777778
4470,24695001.47,3.777777778
4485,24624984.19,3.777777778
4500,24555026.82,3.777777778
4515,24485129.36,3.777777778
4530,24415291.81,3.777777778
4545,24345514.17,3.777777778
4560,24275796.44,3.777777778
4575,24269465.33,3.777777778
4590,24263088.21,3.777777778
4605,24256665.07,3.777777778
4620,24250195.92,3.777777778
4635,24243680.76,3.777777778
4650,24237119.59,3.777777778
4665,24230512.41,3.777777778
4680,24223859.21,3.777777778
4695,24239764.62,3.791666667
4710,24255670.03,3.805555556
4725,24271575.43,3.819444444
4740,24287480.84,3.833333333
4755,24303386.25,3.833333333
4770,24319291.65,3.833333333
4785,24335197.06,3.833333333
4800,24351102.47,3.833333333
4815,24399840.12,3.819444444
4830,24448577.77,3.805555556
4845,24497315.42,3.791666667
4860,24546053.07,3.777777778
4875,24602175.21,3.777777778
4890,24658297.36,3.777777778
4905,24714419.5,3.777777778
4920,24770541.64,3.777777778
4935,24777136.08,3.763888889
4950,24783730.51,3.75
4965,24790324.95,3.736111111
4980,24796919.39,3.722222222
4995,24803513.82,3.708333333
5010,24810108.26,3.694444444
5025,24816702.69,3.680555556
5040,24823297.13,3.666666667
5055,24782087.78,3.680555556
5070,24740842.6,3.694444444
5085,24699561.59,3.708333333
5100,24658244.76,3.722222222
5115,24621287.46,3.722222222
5130,24584276.41,3.722222222
5145,24547211.63,3.722222222
5160,24510093.12,3.722222222
5175,24407164.46,3.722222222
5190,24304400.07,3.722222222
5205,24201799.93,3.722222222
5220,24099364.06,3.722222222
5235,23979892.28,3.722222222
5250,23860694.26,3.722222222
5265,23741770.01,3.722222222
5280,23623119.52,3.722222222
5295,23537420.55,3.736111111
5310,23451876.47,3.75
5325,23366487.28,3.763888889
5340,23281253,3.777777778
5355,23200391.09,3.777777778
5370,23119667.48,3.777777778
5385,23039082.17,3.777777778
5400,22958635.16,3.777777778
5415,22890821.46,3.791666667
5430,22822695.51,3.805555556
5445,22754257.29,3.819444444
5460,22685506.81,3.833333333
5475,22616444.08,3.833333333
5490,22547069.08,3.833333333
5505,22477381.83,3.833333333
5520,22407382.32,3.833333333
5535,22298581.09,3.847222222
5550,22189695.53,3.861111111
5565,22080725.65,3.875
5580,21971671.44,3.888888889
5595,21853345.87,3.888888889
5610,21735034.35,3.888888889
5625,21616736.89,3.888888889
5640,21498453.48,3.888888889
5655,21424630.93,3.888888889
5670,21350902.22,3.888888889
5685,21277267.33,3.888888889
5700,21203726.28,3.888888889
5715,21125180.67,3.888888889
5730,21046755.71,3.888888889
5745,20968451.39,3.888888889
5760,20890267.71,3.888888889
5775,20828380.35,3.888888889
5790,20766492.55,3.888888889
5805,20704604.3,3.888888889
5820,20642715.6,3.888888889
5835,20574503.62,3.875
5850,20506291.14,3.861111111
5865,20438078.17,3.847222222
5880,20369864.71,3.833333333
5895,20401236.95,3.833333333
5910,20432609.19,3.833333333
5925,20463981.44,3.833333333
5940,20495353.68,3.833333333
5955,20517805.69,3.805555556
5970,20540230.44,3.777777778
5985,20562627.91,3.75
6000,20584998.13,3.722222222
6015,20550361.75,3.722222222
6030,20515749.65,3.722222222
6045,20481161.85,3.722222222
6060,20446598.33,3.722222222
6075,20400605.94,3.722222222
6090,20354665.16,3.722222222
6105,20308775.99,3.722222222
6120,20262938.43,3.722222222
6135,20120691.5,3.708333333
6150,19978689.05,3.694444444
6165,19836931.06,3.680555556
6180,19695417.54,3.666666667
6195,19573825.61,3.666666667
6210,19452233.69,3.666666667
6225,19330641.77,3.666666667
6240,19209049.84,3.666666667
6255,19089326.6,3.666666667
6270,18969221.04,3.666666667
6285,18848733.18,3.666666667
6300,18727863,3.666666667
6315,18628676.9,3.680555556
6330,18528762.6,3.694444444
6345,18428120.09,3.708333333
6360,18326749.36,3.722222222
6375,18274386.55,3.708333333
6390,18222006.66,3.694444444
6405,18169609.69,3.680555556
6420,18117195.64,3.666666667
6435,18063647.52,3.666666667
6450,18010089.15,3.666666667
6465,17956520.53,3.666666667
6480,17902941.67,3.666666667
6495,17808413.52,3.666666667
6510,17713988.23,3.666666667
6525,17619665.8,3.666666667
6540,17525446.23,3.666666667
6555,17425812.76,3.652777778
6570,17326288.97,3.638888889
6585,17226874.84,3.625
6600,17127570.4,3.611111111
6615,16997146.41,3.611111111
6630,16867218.98,3.611111111
6645,16737788.11,3.611111111
6660,16608853.8,3.611111111
6675,16473926.42,3.611111111
6690,16339542.89,3.611111111
6705,16205703.22,3.611111111
6720,16072407.4,3.611111111
6735,16048889.02,3.611111111
6750,16025302.15,3.611111111
6765,16001646.79,3.611111111
6780,15977922.94,3.611111111
6795,15963802.05,3.611111111
6810,15949630.03,3.611111111
6825,15935406.89,3.611111111
6840,15921132.61,3.611111111
6855,15950175.29,3.611111111
6870,15979055.43,3.611111111
6885,16007773.05,3.611111111
6900,16036328.13,3.611111111
6915,16055956.22,3.611111111
6930,16075363.99,3.611111111
6945,16094551.44,3.611111111
6960,16113518.58,3.611111111
6975,16064881.49,3.611111111
6990,16016240.73,3.611111111
7005,15967596.32,3.611111111
7020,15918948.24,3.611111111
7035,15864763.51,3.611111111
7050,15810574.7,3.611111111
7065,15756381.82,3.611111111
7080,15702184.86,3.611111111
7095,15534510.98,3.625
7110,15367646.32,3.638888889
7125,15201590.88,3.652777778
7140,15036344.67,3.666666667
7155,14883859.09,3.666666667
7170,14732093.72,3.666666667
7185,14581048.55,3.666666667
7200,14430723.6,3.666666667
7215,14202208.38,3.666666667
7230,13973630.39,3.666666667
7245,13744989.64,3.666666667
7260,13516286.13,3.666666667
7275,13295045.45,3.666666667
7290,13073744.06,3.666666667
7305,12852381.96,3.666666667
7320,12630959.14,3.666666667
7335,12470589.55,3.666666667
7350,12309524.16,3.666666667
7365,12147762.98,3.666666667
7380,11985306.01,3.666666667
7395,11821067.54,3.666666667
7410,11656129.21,3.666666667
7425,11490491.02,3.666666667
7440,11324152.97,3.666666667
7455,11250671.7,3.666666667
7470,11176984.71,3.666666667
7485,11103092,3.666666667
7500,11028993.56,3.666666667
7515,10954689.41,3.666666667
7530,10880179.53,3.666666667
7545,10805463.94,3.666666667
7560,10730542.62,3.666666667
7575,10686400.29,3.680555556
7590,10642195.71,3.694444444
7605,10597928.88,3.708333333
7620,10553599.8,3.722222222
7635,10509208.46,3.736111111
7650,10464754.88,3.75
7665,10420239.04,3.763888889
7680,10375660.96,3.777777778
7695,10313677.63,3.777777778
7710,10251785.16,3.777777778
7725,10189983.54,3.777777778
7740,10128272.78,3.777777778
7755,10074372.69,3.791666667
7770,10020550.2,3.805555556
7785,9966805.322,3.819444444
7800,9913138.043,3.833333333
7815,9861737.823,3.833333333
7830,9810376.923,3.833333333
7845,9759055.34,3.833333333
7860,9707773.075,3.833333333
7875,9651041.593,3.847222222
7890,9594354,3.861111111
7905,9537710.298,3.875
7920,9481110.485,3.888888889
7935,9462905.603,3.875
7950,9444515.826,3.861111111
7965,9425941.153,3.847222222
7980,9407181.584,3.833333333
7995,9388237.119,3.833333333
8010,9369107.759,3.833333333
8025,9349793.502,3.833333333
8040,9330294.35,3.833333333
8055,9301537.97,3.819444444
8070,9272803.717,3.805555556
8085,9244091.592,3.791666667
8100,9215401.595,3.777777778
8115,9193418.228,3.777777778
8130,9171450.954,3.777777778
8145,9149499.773,3.777777778
8160,9127564.685,3.777777778
8175,9083131.642,3.777777778
8190,9038806.944,3.777777778
8205,8994590.589,3.777777778
8220,8950482.58,3.777777778
8235,8911979.725,3.777777778
8250,8873558.789,3.777777778
8265,8835219.772,3.777777778
8280,8796962.674,3.777777778
8295,8767804.902,3.777777778
8310,8738693.652,3.777777778
8325,8709628.926,3.777777778
8340,8680610.723,3.777777778
8355,8651639.044,3.777777778
8370,8622713.888,3.777777778
8385,8593835.256,3.777777778
8400,8565003.147,3.777777778
8415,8581868.848,3.777777778
8430,8598748.997,3.777777778
8445,8615643.593,3.777777778
8460,8632552.636,3.777777778
8475,8644040.99,3.777777778
8490,8655529.344,3.777777778
8505,8667017.698,3.777777778
8520,8678506.052,3.777777778
8535,8698174.404,3.777777778
8550,8717842.757,3.777777778
8565,8737511.109,3.777777778
8580,8757179.462,3.777777778
8595,8783470.184,3.777777778
8610,8809790.588,3.777777778
8625,8836140.672,3.777777778
8640,8862520.436,3.777777778
8655,8853185.326,3.777777778
8670,8843850.215,3.777777778
8685,8834515.105,3.777777778
8700,8825179.994,3.777777778
8715,8800370.733,3.777777778
8730,8775594.243,3.777777778
8745,8750850.524,3.777777778
8760,8726139.576,3.777777778
8775,8708582.012,3.777777778
8790,8691032.002,3.777777778
8805,8673489.543,3.777777778
8820,8655954.638,3.777777778
8835,8645029.905,3.777777778
8850,8634109.488,3.777777778
8865,8623193.386,3.777777778
8880,8612281.601,3.777777778
8895,8598907.312,3.777777778
8910,8585533.572,3.777777778
8925,8572160.38,3.777777778
8940,8558787.737,3.777777778
8955,8558609.8,3.763888889
8970,8558431.863,3.75
8985,8558253.925,3.736111111
9000,8558075.988,3.722222222
9015,8540913.572,3.722222222
9030,8523766.151,3.722222222
9045,8506633.726,3.722222222
9060,8489516.297,3.722222222
9075,8477873.596,3.736111111
9090,8466230.896,3.75
9105,8454588.196,3.763888889
9120,8442945.496,3.777777778
9135,8462459.392,3.791666667
9150,8481883.972,3.805555556
9165,8501219.236,3.819444444
9180,8520465.184,3.833333333
9195,8551807.033,3.847222222
9210,8583148.882,3.861111111
9225,8614490.731,3.875
9240,8645832.58,3.888888889
9255,8618408.407,3.902777778
9270,8591024.723,3.916666667
9285,8563681.527,3.930555556
9300,8536378.82,3.944444444
9315,8503573.203,3.944444444
9330,8470830.568,3.944444444
9345,8438150.915,3.944444444
9360,8405534.245,3.944444444
9375,8400093.86,3.958333333
9390,8394653.475,3.972222222
9405,8389213.09,3.986111111
9420,8383772.705,4
9435,8378332.32,4
9450,8372891.935,4
9465,8367451.55,4
9480,8362011.165,4
9495,8353920.336,4.013888889
9510,8345829.507,4.027777778
9525,8337738.679,4.041666667
9540,8329647.85,4.055555556
9555,8321557.021,4.041666667
9570,8313466.192,4.027777778
9585,8305375.363,4.013888889
9600,8297284.534,4
9615,8309154.447,4.013888889
9630,8321028.183,4.027777778
9645,8332905.74,4.041666667
9660,8344787.12,4.055555556
9675,8356672.322,4.055555556
9690,8368561.345,4.055555556
9705,8380454.191,4.055555556
9720,8392350.859,4.055555556
9735,8415046.46,4.055555556
9750,8437770.316,4.055555556
9765,8460522.426,4.055555556
9780,8483302.79,4.055555556
9795,8506111.408,4.055555556
9810,8528948.28,4.055555556
9825,8551813.406,4.055555556
9840,8574706.787,4.055555556
9855,8573251.449,4.055555556
9870,8571796.112,4.055555556
9885,8570340.774,4.055555556
9900,8568885.437,4.055555556
9915,8567430.099,4.069444444
9930,8565974.762,4.083333333
9945,8564519.424,4.097222222
9960,8563064.087,4.111111111
9975,8543115.313,4.097222222
9990,8523166.54,4.083333333
10005,8503217.767,4.069444444
10020,8483268.994,4.055555556
10035,8463320.221,4.069444444
10050,8443371.448,4.083333333
10065,8423422.675,4.097222222
10080,8403473.902,4.111111111
10095,8423672.83,4.111111111
10110,8443883.608,4.111111111
10125,8464106.236,4.111111111
10140,8484340.715,4.111111111
10155,8510008.122,4.125
10170,8535691.082,4.138888889
10185,8561389.596,4.152777778
10200,8587103.664,4.166666667
10215,8600089.654,4.152777778
10230,8613075.644,4.138888889
10245,8626061.635,4.125
10260,8639047.625,4.111111111
10275,8652033.615,4.097222222
10290,8665019.606,4.083333333
10305,8678005.596,4.069444444
10320,8690991.586,4.055555556
10335,8699021.92,4.069444444
10350,8707052.254,4.083333333
10365,8715082.588,4.097222222
10380,8723112.922,4.111111111
10395,8731143.255,4.111111111
10410,8739173.589,4.111111111
10425,8747203.923,4.111111111
10440,8755234.257,4.111111111
10455,8756283.265,4.125
10470,8757332.272,4.138888889
10485,8758381.28,4.152777778
10500,8759430.287,4.166666667
10515,8746085.181,4.166666667
10530,8732736.627,4.166666667
10545,8719384.626,4.166666667
10560,8706029.178,4.166666667
10575,8674075.603,4.166666667
10590,8642178.92,4.166666667
10605,8610339.13,4.166666667
10620,8578556.232,4.166666667
10635,8551227.31,4.166666667
10650,8523941.894,4.166666667
10665,8496699.983,4.166666667
10680,8469501.579,4.166666667
10695,8470032.374,4.166666667
10710,8470563.168,4.166666667
10725,8471093.963,4.166666667
10740,8471624.758,4.166666667
10755,8472155.552,4.180555556
10770,8472686.347,4.194444444
10785,8473217.142,4.208333333
10800,8473747.936,4.222222222
10815,8512614.068,4.222222222
10830,8551530.233,4.222222222
10845,8590496.434,4.222222222
10860,8629512.669,4.222222222
10875,8661885.055,4.222222222
10890,8694257.441,4.222222222
10905,8726629.827,4.222222222
10920,8759002.213,4.222222222
10935,8749169.811,4.222222222
10950,8739337.409,4.222222222
10965,8729505.006,4.222222222
10980,8719672.604,4.222222222
10995,8709840.202,4.222222222
11010,8700007.799,4.222222222
11025,8690175.397,4.222222222
11040,8680342.994,4.222222222
11055,8672001.426,4.236111111
11070,8663659.857,4.25
11085,8655318.288,4.263888889
11100,8646976.719,4.277777778
11115,8625283.319,4.277777778
11130,8603615.703,4.277777778
11145,8581973.874,4.277777778
11160,8560357.829,4.277777778
11175,8488860.073,4.277777778
11190,8417660.741,4.277777778
11205,8346759.834,4.277777778
11220,8276157.351,4.277777778
11235,8208028.902,4.277777778
11250,8140181.577,4.277777778
11265,8072615.378,4.277777778
11280,8005330.302,4.277777778
11295,7994579.657,4.291666667
11310,7983836.235,4.305555556
11325,7973100.037,4.319444444
11340,7962371.063,4.333333333
11355,7957005.401,4.333333333
11370,7951639.738,4.333333333
11385,7946274.076,4.333333333
11400,7940908.414,4.333333333
11415,8008402.771,4.333333333
11430,8076122.367,4.333333333
11445,8144067.2,4.333333333
11460,8212237.272,4.333333333
11475,8280632.581,4.319444444
11490,8349253.129,4.305555556
11505,8418098.914,4.291666667
11520,8487169.937,4.277777778
11535,8484161.333,4.277777778
11550,8481152.728,4.277777778
11565,8478144.123,4.277777778
11580,8475135.519,4.277777778
11595,8465406.56,4.277777778
11610,8455682.374,4.277777778
11625,8445962.961,4.277777778
11640,8436248.321,4.277777778
11655,8408814.181,4.277777778
11670,8381424.7,4.277777778
11685,8354079.876,4.277777778
11700,8326779.711,4.277777778
11715,8306181.576,4.263888889
11730,8285605.771,4.25
11745,8265052.294,4.236111111
11760,8244521.146,4.222222222
11775,8224589.047,4.222222222
11790,8204568.427,4.222222222
11805,8184459.286,4.222222222
11820,8164261.625,4.222222222
11835,8150472.863,4.222222222
11850,8136544.998,4.222222222
11865,8122478.029,4.222222222
11880,8108271.956,4.222222222
11895,8096021.27,4.236111111
11910,8083749.955,4.25
11925,8071458.012,4.263888889
11940,8059145.44,4.277777778
11955,8046812.241,4.277777778
11970,8034458.413,4.277777778
11985,8022083.956,4.277777778
12000,8009688.872,4.277777778
12015,8060425.346,4.277777778
12030,8111161.82,4.277777778
12045,8161898.295,4.277777778
12060,8212634.769,4.277777778
12075,8263371.243,4.277777778
12090,8314107.717,4.277777778
12105,8364844.192,4.277777778
12120,8415580.666,4.277777778
12135,8422110.419,4.277777778
12150,8428642.33,4.277777778
12165,8435176.399,4.277777778
12180,8441712.625,4.277777778
12195,8461826.132,4.277777778
12210,8481948.271,4.277777778
12225,8502079.041,4.277777778
12240,8522218.443,4.277777778
12255,8458097.988,4.291666667
12270,8393951.308,4.305555556
12285,8329778.404,4.319444444
12300,8265579.276,4.333333333
12315,8203530.648,4.333333333
12330,8141420.83,4.333333333
12345,8079249.822,4.333333333
12360,8017017.624,4.333333333
12375,8035893.78,4.347222222
12390,8054769.937,4.361111111
12405,8073646.093,4.375
12420,8092522.249,4.388888889
12435,8111398.406,4.388888889
12450,8130274.562,4.388888889
12465,8149150.718,4.388888889
12480,8168026.875,4.388888889
12495,8206140.183,4.388888889
12510,8244333.261,4.388888889
12525,8282606.109,4.388888889
12540,8320958.727,4.388888889
12555,8351699.772,4.388888889
12570,8382474.055,4.388888889
12585,8413281.575,4.388888889
12600,8444122.333,4.388888889
12615,8467486.15,4.388888889
12630,8490849.968,4.388888889
12645,8514213.785,4.388888889
12660,8537577.602,4.388888889
12675,8551948.834,4.388888889
12690,8566270.982,4.388888889
12705,8580544.047,4.388888889
12720,8594768.028,4.388888889
12735,8534960.958,4.388888889
12750,8475112.605,4.388888889
12765,8415222.967,4.388888889
12780,8355292.045,4.388888889
12795,8294227.847,4.388888889
12810,8233138.878,4.388888889
12825,8172025.139,4.388888889
12840,8110886.63,4.388888889
12855,8114569.732,4.388888889
12870,8118252.835,4.388888889
12885,8121935.937,4.388888889
12900,8125619.04,4.388888889
12915,8129302.142,4.388888889
12930,8132985.245,4.388888889
12945,8136668.348,4.388888889
12960,8140351.45,4.388888889
12975,8201857.794,4.388888889
12990,8263507.869,4.388888889
13005,8325301.674,4.388888889
13020,8387239.21,4.388888889
13035,8437179.063,4.388888889
13050,8487118.915,4.388888889
13065,8537058.768,4.388888889
13080,8586998.62,4.388888889
13095,8593359.049,4.388888889
13110,8599719.478,4.388888889
13125,8606079.907,4.388888889
13140,8612440.336,4.388888889
13155,8618800.766,4.388888889
13170,8625161.195,4.388888889
13185,8631521.624,4.388888889
13200,8637882.053,4.388888889
13215,8609128.127,4.388888889
13230,8580366.384,4.388888889
13245,8551596.823,4.388888889
13260,8522819.444,4.388888889
13275,8495144.723,4.388888889
13290,8467454.367,4.388888889
13305,8439748.374,4.388888889
13320,8412026.746,4.388888889
13335,8382488.426,4.388888889
13350,8352999.552,4.388888889
13365,8323560.121,4.388888889
13380,8294170.136,4.388888889
13395,8271351.458,4.388888889
13410,8248553.97,4.388888889
13425,8225777.673,4.388888889
13440,8203022.566,4.388888889
13455,8185606.338,4.388888889
13470,8168208.616,4.388888889
13485,8150829.401,4.388888889
13500,8133468.693,4.388888889
13515,8122571.273,4.388888889
13530,8111678.479,4.388888889
13545,8100790.312,4.388888889
13560,8089906.771,4.388888889
13575,8133337.892,4.388888889
13590,8176642.445,4.388888889
13605,8219820.43,4.388888889
13620,8262871.848,4.388888889
13635,8309114.151,4.388888889
13650,8355272.075,4.388888889
13665,8401345.621,4.388888889
13680,8447334.788,4.388888889
13695,8449836.555,4.388888889
13710,8452338.321,4.388888889
13725,8454840.088,4.388888889
13740,8457341.855,4.388888889
13755,8440657.743,4.388888889
13770,8423962.284,4.388888889
13785,8407255.478,4.388888889
13800,8390537.324,4.388888889
13815,8307916.486,4.388888889
13830,8225672.924,4.388888889
13845,8143806.638,4.388888889
13860,8062317.627,4.388888889
13875,7982299.882,4.388888889
13890,7902645.176,4.388888889
13905,7823353.509,4.388888889
13920,7744424.881,4.388888889
13935,7754890.707,4.388888889
13950,7765361.142,4.388888889
13965,7775836.185,4.388888889
13980,7786315.837,4.388888889
13995,7797878.493,4.388888889
14010,7809448.062,4.388888889
14025,7821024.543,4.388888889
14040,7832607.937,4.388888889
14055,7884608.626,4.388888889
14070,7936609.315,4.388888889
14085,7988610.004,4.388888889
14100,8040610.693,4.388888889
14115,8092611.383,4.375
14130,8144612.072,4.361111111
14145,8196612.761,4.347222222
14160,8248613.45,4.333333333
14175,8165096.838,4.333333333
14190,8081856.047,4.333333333
14205,7998891.077,4.333333333
14220,7916201.928,4.333333333
14235,7833788.601,4.333333333
14250,7751651.095,4.333333333
14265,7669789.41,4.333333333
14280,7588203.546,4.333333333
14295,7644002.604,4.333333333
14310,7699986.329,4.333333333
14325,7756154.721,4.333333333
14340,7812507.78,4.333333333
14355,7869045.506,4.333333333
14370,7925767.9,4.333333333
14385,7982674.961,4.333333333
14400,8039766.689,4.333333333
14415,8124470.432,4.333333333
14430,8209262.343,4.333333333
14445,8294142.424,4.333333333
14460,8379110.673,4.333333333
14475,8459727.745,4.333333333
14490,8540428.121,4.333333333
14505,8621211.801,4.333333333
14520,8702078.785,4.333333333
14535,8732846.391,4.333333333
14550,8763547.434,4.333333333
14565,8794181.916,4.333333333
14580,8824749.836,4.333333333
14595,8853037.519,4.333333333
14610,8881262.499,4.333333333
14625,8909424.776,4.333333333
14640,8937524.35,4.333333333
14655,9019344.677,4.333333333
14670,9101187.032,4.333333333
14685,9183051.415,4.333333333
14700,9264937.824,4.333333333
14715,9346846.261,4.347222222
14730,9428776.726,4.361111111
14745,9510729.217,4.375
14760,9592703.736,4.388888889
14775,9539795.089,4.402777778
14790,9487009.877,4.416666667
14805,9434348.102,4.430555556
14820,9381809.762,4.444444444
14835,9329394.859,4.444444444
14850,9277103.392,4.444444444
14865,9224935.361,4.444444444
14880,9172890.766,4.444444444
14895,9174768.096,4.444444444
14910,9176477.639,4.444444444
14925,9178019.394,4.444444444
14940,9179393.362,4.444444444
14955,9186038.929,4.444444444
14970,9192550.267,4.444444444
14985,9198927.374,4.444444444
15000,9205170.251,4.444444444
15015,9213756.306,4.444444444
15030,9222342.36,4.444444444
15045,9230928.414,4.444444444
15060,9239514.469,4.444444444
15075,9248100.523,4.444444444
15090,9256686.578,4.444444444
15105,9265272.632,4.444444444
15120,9273858.686,4.444444444
15135,9258372.758,4.444444444
15150,9242886.83,4.444444444
15165,9227400.902,4.444444444
15180,9211914.974,4.444444444
15195,9199747.459,4.430555556
15210,9187579.944,4.416666667
15225,9175412.429,4.402777778
15240,9163244.914,4.388888889
15255,9208287.314,4.388888889
15270,9253430.031,4.388888889
15285,9298673.064,4.388888889
15300,9344016.413,4.388888889
15315,9389460.077,4.388888889
15330,9435004.058,4.388888889
15345,9480648.355,4.388888889
15360,9526392.968,4.388888889
15375,9484825.243,4.388888889
15390,9443331.253,4.388888889
15405,9401910.998,4.388888889
15420,9360564.479,4.388888889
15435,9319291.694,4.388888889
15450,9278092.645,4.388888889
15465,9236967.331,4.388888889
15480,9195915.752,4.388888889
15495,9157927.768,4.402777778
15510,9119983.272,4.416666667
15525,9082082.264,4.430555556
15540,9044224.743,4.444444444
15555,9024931.211,4.444444444
15570,9005655.674,4.444444444
15585,8986398.132,4.444444444
15600,8967158.585,4.444444444
15615,9004294.152,4.458333333
15630,9041505.465,4.472222222
15645,9078792.526,4.486111111
15660,9116155.333,4.5
15675,9141525.143,4.5
15690,9166926.846,4.5
15705,9192360.443,4.5
15720,9217825.933,4.5
15735,9225438.745,4.5
15750,9233052.983,4.5
15765,9240668.648,4.5
15780,9248285.739,4.5
15795,9249281.859,4.513888889
15810,9250277.979,4.527777778
15825,9251274.099,4.541666667
15840,9252270.219,4.555555556
15855,9278474.982,4.555555556
15870,9304712.881,4.555555556
15885,9330983.917,4.555555556
15900,9357288.09,4.555555556
15915,9383625.4,4.555555556
15930,9409995.847,4.555555556
15945,9436399.431,4.555555556
15960,9462836.152,4.555555556
15975,9420821.983,4.541666667
15990,9378901.135,4.527777778
16005,9337073.609,4.513888889
16020,9295339.403,4.5
16035,9253698.519,4.5
16050,9212150.956,4.5
16065,9170696.714,4.5
16080,9129335.793,4.5
16095,9029812.381,4.5
16110,8930824.386,4.5
16125,8832371.808,4.5
16140,8734454.646,4.5
16155,8649960.048,4.486111111
16170,8565876.11,4.472222222
16185,8482202.831,4.458333333
16200,8398940.211,4.444444444
16215,8430928.201,4.444444444
16230,8462920.155,4.444444444
16245,8494916.072,4.444444444
16260,8526915.953,4.444444444
16275,8557841.645,4.444444444
16290,8588763.373,4.444444444
16305,8619681.137,4.444444444
16320,8650594.938,4.444444444
16335,8668471.325,4.444444444
16350,8686364.007,4.444444444
16365,8704272.984,4.444444444
16380,8722198.254,4.444444444
16395,8728108.591,4.444444444
16410,8734018.928,4.444444444
16425,8739929.265,4.444444444
16440,8745839.603,4.444444444
16455,8778127.555,4.444444444
16470,8810415.508,4.444444444
16485,8842703.461,4.444444444
16500,8874991.414,4.444444444
16515,8900582.164,4.430555556
16530,8926124.361,4.416666667
16545,8951618.005,4.402777778
16560,8977063.095,4.388888889
16575,8913827.645,4.402777778
16590,8850810.986,4.416666667
16605,8788013.119,4.430555556
16620,8725434.044,4.444444444
16635,8656440.473,4.444444444
16650,8587720.391,4.444444444
16665,8519273.799,4.444444444
16680,8451100.696,4.444444444
16695,8389832.332,4.444444444
16710,8328784.497,4.444444444
16725,8267957.19,4.444444444
16740,8207350.413,4.444444444
16755,8167371.853,4.444444444
16770,8127478.659,4.444444444
16785,8087670.832,4.444444444
16800,8047948.37,4.444444444
16815,8048015.554,4.458333333
16830,8047933.21,4.472222222
16845,8047701.338,4.486111111
16860,8047319.938,4.5
16875,8053267.038,4.5
16890,8059103.617,4.5
16905,8064829.676,4.5
16920,8070445.214,4.5
16935,8101149.515,4.486111111
16950,8131892.933,4.472222222
16965,8162675.468,4.458333333
16980,8193497.119,4.444444444
16995,8217723.558,4.458333333
17010,8241949.997,4.472222222
17025,8266176.436,4.486111111
17040,8290402.875,4.5
17055,8319624.105,4.486111111
17070,8348845.336,4.472222222
17085,8378066.566,4.458333333
17100,8407287.797,4.444444444
17115,8421751.947,4.416666667
17130,8436113.871,4.388888889
17145,8450373.567,4.361111111
17160,8464531.036,4.333333333
17175,8402774.743,4.333333333
17190,8341192.163,4.333333333
17205,8279783.296,4.333333333
17220,8218548.142,4.333333333
17235,8173109.794,4.333333333
17250,8127671.446,4.333333333
17265,8082233.098,4.333333333
17280,8036794.751,4.333333333
17295,8012317.645,4.319444444
17310,7987840.54,4.305555556
17325,7963363.434,4.291666667
17340,7938886.328,4.277777778
17355,7929537.804,4.291666667
17370,7920095.703,4.305555556
17385,7910560.024,4.319444444
17400,7900930.768,4.333333333
17415,7957995.321,4.347222222
17430,8015256.794,4.361111111
17445,8072715.186,4.375
17460,8130370.498,4.388888889
17475,8179534.961,4.402777778
17490,8228847.113,4.416666667
17505,8278306.955,4.430555556
17520,8327914.487,4.444444444
17535,8378802.162,4.430555556
17550,8429843.453,4.416666667
17565,8481038.358,4.402777778
17580,8532386.878,4.388888889
17595,8560505.738,4.388888889
17610,8588624.598,4.388888889
17625,8616743.458,4.388888889
17640,8644862.318,4.388888889
17655,8633113.002,4.388888889
17670,8621214.24,4.388888889
17685,8609166.033,4.388888889
17700,8596968.38,4.388888889
17715,8558132.35,4.388888889
17730,8519346.135,4.388888889
17745,8480609.736,4.388888889
17760,8441923.151,4.388888889
17775,8394398.533,4.388888889
17790,8347001.535,4.388888889
17805,8299732.156,4.388888889
17820,8252590.396,4.388888889
17835,8209866.192,4.375
17850,8167239.58,4.361111111
17865,8124710.558,4.347222222
17880,8082279.128,4.333333333
17895,8109786.454,4.333333333
17910,8137293.78,4.333333333
17925,8164801.106,4.333333333
17940,8192308.432,4.333333333
17955,8219815.758,4.319444444
17970,8247323.084,4.305555556
17985,8274830.41,4.291666667
18000,8302337.736,4.277777778
18015,8333570.738,4.291666667
18030,8364803.74,4.305555556
18045,8396036.741,4.319444444
18060,8427269.743,4.333333333
18075,8452949.631,4.333333333
18090,8478588.51,4.333333333
18105,8504186.378,4.333333333
18120,8529743.237,4.333333333
18135,8497695.555,4.319444444
18150,8465708.166,4.305555556
18165,8433781.072,4.291666667
18180,8401914.271,4.277777778
18195,8373444.24,4.277777778
18210,8345021.584,4.277777778
18225,8316646.301,4.277777778
18240,8288318.392,4.277777778
18255,8268012.871,4.291666667
18270,8247730.84,4.305555556
18285,8227472.3,4.319444444
18300,8207237.25,4.333333333
18315,8202388.022,4.319444444
18330,8197515.304,4.305555556
18345,8192619.095,4.291666667
18360,8187699.397,4.277777778
18375,8210561.007,4.263888889
18390,8233307.05,4.25
18405,8255937.525,4.236111111
18420,8278452.432,4.222222222
18435,8298684.73,4.222222222
18450,8318808.464,4.222222222
18465,8338823.635,4.222222222
18480,8358730.241,4.222222222
18495,8370591.185,4.222222222
18510,8382452.128,4.222222222
18525,8394313.071,4.222222222
18540,8406174.015,4.222222222
18555,8405095.747,4.236111111
18570,8404017.48,4.25
18585,8402939.212,4.263888889
18600,8401860.944,4.277777778
18615,8445912.167,4.277777778
18630,8490059.07,4.277777778
18645,8534301.653,4.277777778
18660,8578639.916,4.277777778
18675,8624172.06,4.263888889
18690,8669807.858,4.25
18705,8715547.31,4.236111111
18720,8761390.415,4.222222222
18735,8787156.346,4.222222222
18750,8812953.356,4.222222222
18765,8838781.446,4.222222222
18780,8864640.616,4.222222222
18795,8883841.645,4.208333333
18810,8903062.452,4.194444444
18825,8922303.037,4.180555556
18840,8941563.4,4.166666667
18855,8910223.782,4.166666667
18870,8878929.005,4.166666667
18885,8847679.069,4.166666667
18900,8816473.974,4.166666667
18915,8778691.624,4.166666667
18930,8740987.746,4.166666667
18945,8703362.339,4.166666667
18960,8665815.404,4.166666667
18975,8630604.122,4.152777778
18990,8595459.881,4.138888889
19005,8560382.682,4.125
19020,8525372.525,4.111111111
19035,8490429.41,4.111111111
19050,8455553.337,4.111111111
19065,8420744.306,4.111111111
19080,8386002.317,4.111111111
19095,8399938.489,4.097222222
19110,8413874.662,4.083333333
19125,8427810.834,4.069444444
19140,8441747.006,4.055555556
19155,8455683.178,4.055555556
19170,8469619.35,4.055555556
19185,8483555.523,4.055555556
19200,8497491.695,4.055555556
19215,8525883.551,4.055555556
19230,8554199.404,4.055555556
19245,8582439.254,4.055555556
19260,8610603.101,4.055555556
19275,8638690.946,4.055555556
19290,8666702.787,4.055555556
19305,8694638.626,4.055555556
19320,8722498.462,4.055555556
19335,8691283.491,4.069444444
19350,8660120.092,4.083333333
19365,8629008.263,4.097222222
19380,8597948.005,4.111111111
19395,8560265.514,4.111111111
19410,8522665.536,4.111111111
19425,8485148.071,4.111111111
19440,8447713.12,4.111111111
19455,8398338.895,4.125
19470,8348892.938,4.138888889
19485,8299375.248,4.152777778
19500,8249785.825,4.166666667
19515,8201193.368,4.166666667
19530,8152514.832,4.166666667
19545,8103750.217,4.166666667
19560,8054899.522,4.166666667
19575,8102107.688,4.166666667
19590,8149438.472,4.166666667
19605,8196891.874,4.166666667
19620,8244467.893,4.166666667
19635,8293234.145,4.166666667
19650,8342131.19,4.166666667
19665,8391159.026,4.166666667
19680,8440317.655,4.166666667
19695,8498057.782,4.166666667
19710,8555858.766,4.166666667
19725,8613720.606,4.166666667
19740,8671643.301,4.166666667
19755,8716262.623,4.152777778
19770,8760780.517,4.138888889
19785,8805196.985,4.125
19800,8849512.025,4.111111111
19815,8825203.32,4.111111111
19830,8800921.552,4.111111111
19845,8776666.722,4.111111111
19860,8752438.83,4.111111111
19875,8728237.875,4.111111111
19890,8704063.857,4.111111111
19905,8679916.777,4.111111111
19920,8655796.634,4.111111111
19935,8610640.113,4.125
19950,8565439.331,4.138888889
19965,8520194.289,4.152777778
19980,8474904.987,4.166666667
19995,8424149.432,4.166666667
20010,8373412.845,4.166666667
20025,8322695.228,4.166666667
20040,8271996.579,4.166666667
20055,8429033.371,4.152777778
20070,8585728.626,4.138888889
20085,8742082.344,4.125
20100,8898094.525,4.111111111
20115,9060798.129,4.125
20130,9223416.348,4.138888889
20145,9385949.184,4.152777778
20160,9548396.635,4.166666667
20175,9692978.554,4.152777778
20190,9836706.579,4.138888889
20205,9979580.711,4.125
20220,10121600.95,4.111111111
20235,10227779.82,4.111111111
20250,10331966.28,4.111111111
20265,10434160.31,4.111111111
20280,10534361.93,4.111111111
20295,10646662.01,4.111111111
20310,10759190.28,4.111111111
20325,10871946.75,4.111111111
20340,10984931.4,4.111111111
20355,11086316.48,4.111111111
20370,11187714.98,4.111111111
20385,11289126.9,4.111111111
20400,11390552.25,4.111111111
20415,12049080,4.111111111
20430,12711099.5,4.111111111
20445,13376610.74,4.111111111
20460,14045613.72,4.111111111
20475,14725808.21,4.111111111
20490,15409536.87,4.111111111
20505,16096799.7,4.111111111
20520,16787596.7,4.111111111
20535,17559490.71,4.111111111
20550,18330365.23,4.111111111
20565,19100220.28,4.111111111
20580,19869055.85,4.111111111
20595,20636871.94,4.111111111
20610,21403668.56,4.111111111
20625,22169445.69,4.111111111
20640,22934203.35,4.111111111
20655,23030504.42,4.111111111
20670,23126702.53,4.111111111
20685,23222797.7,4.111111111
20700,23318789.92,4.111111111
20715,23451660.68,4.111111111
20730,23584392.94,4.111111111
20745,23716986.7,4.111111111
20760,23849441.96,4.111111111
20775,23987415.87,4.111111111
20790,24125784.92,4.111111111
20805,24264549.11,4.111111111
20820,24403708.44,4.111111111
20835,24574518.25,4.111111111
20850,24745915.95,4.111111111
20865,24917901.54,4.111111111
20880,25090475.02,4.111111111
20895,24917027.16,4.097222222
20910,24740255.35,4.083333333
20925,24560159.58,4.069444444
20940,24376739.86,4.055555556
20955,24108563.34,4.041666667
20970,23839188.66,4.027777778
20985,23568615.8,4.013888889
21000,23296844.77,4
21015,22555563.4,4
21030,21812549.66,4
21045,21067803.57,4
21060,20321325.11,4
21075,19567171.7,3.986111111
21090,18811754.14,3.972222222
21105,18055072.42,3.958333333
21120,17297126.54,3.944444444
21135,17543742.54,3.930555556
21150,17790504.75,3.916666667
21165,18037413.16,3.902777778
21180,18284467.79,3.888888889
21195,18538395.58,3.875
21210,18792645.04,3.861111111
21225,19047216.16,3.847222222
21240,19302108.93,3.833333333
21255,19014980.5,3.819444444
21270,18725776.94,3.805555556
21285,18434498.27,3.791666667
21300,18141144.48,3.777777778
21315,17827976.88,3.763888889
21330,17512628.82,3.75
21345,17195100.3,3.736111111
21360,16875391.33,3.722222222
21375,16799367.23,3.722222222
21390,16700632.25,3.722222222
21405,16579186.39,3.722222222
21420,16435029.65,3.722222222
21435,16282867.41,3.708333333
21450,16108626.74,3.694444444
21465,15912307.65,3.680555556
21480,15693910.13,3.666666667
21495,15446590.78,3.666666667
21510,15190229.92,3.666666667
21525,14924827.55,3.666666667
21540,14650383.69,3.666666667
21555,14408919.95,3.666666667
21570,14159284.69,3.666666667
21585,13901477.89,3.666666667
21600,13635499.56,3.666666667
21615,14317501.6,3.652777778
21630,15003347.98,3.638888889
21645,15693038.71,3.625
21660,16386573.77,3.611111111
21675,17072958.64,3.597222222
21690,17763122.69,3.583333333
21705,18457065.92,3.569444444
21720,19154788.35,3.555555556
21735,20015868.23,3.555555556
21750,20877744.3,3.555555556
21765,21740416.56,3.555555556
21780,22603885.02,3.555555556
21795,23463384.72,3.541666667
21810,24323676.17,3.527777778
21825,25184759.37,3.513888889
21840,26046634.32,3.5
21855,26124296.25,3.5
21870,26199521.86,3.5
21885,26272311.17,3.5
21900,26342664.18,3.5
21915,26421409.01,3.5
21930,26497595.28,3.5
21945,26571222.99,3.5
21960,26642292.14,3.5
21975,26608515.96,3.486111111
21990,26574254.21,3.472222222
22005,26539506.87,3.458333333
22020,26504273.96,3.444444444
22035,26456615.89,3.444444444
22050,26408562.58,3.444444444
22065,26360114.03,3.444444444
22080,26311270.25,3.444444444
22095,26272970.13,3.430555556
22110,26234655.64,3.416666667
22125,26196326.78,3.402777778
22140,26157983.54,3.388888889
22155,26100600.04,3.388888889
22170,26043264.45,3.388888889
22185,25985976.77,3.388888889
22200,25928737,3.388888889
22215,25910015.54,3.388888889
22230,25891294.08,3.388888889
22245,25872572.62,3.388888889
22260,25853851.15,3.388888889
22275,25816265.58,3.388888889
22290,25778707.34,3.388888889
22305,25741176.44,3.388888889
22320,25703672.89,3.388888889
22335,25708016.68,3.402777778
22350,25712360.47,3.416666667
22365,25716704.27,3.430555556
22380,25721048.06,3.444444444
22395,25709464.61,3.458333333
22410,25697881.16,3.472222222
22425,25686297.71,3.486111111
22440,25674714.27,3.5
22455,25679648.34,3.5
22470,25684582.8,3.5
22485,25689517.66,3.5
22500,25694452.91,3.5
22515,25696490.73,3.513888889
22530,25698528.16,3.527777778
22545,25700565.19,3.541666667
22560,25702601.82,3.555555556
22575,25672493.35,3.541666667
22590,25642401.79,3.527777778
22605,25612327.14,3.513888889
22620,25582269.42,3.5
22635,25576812.66,3.5
22650,25571349.8,3.5
22665,25565880.86,3.5
22680,25560405.83,3.5
22695,25587110.15,3.486111111
22710,25613814.48,3.472222222
22725,25640518.8,3.458333333
22740,25667223.12,3.444444444
22755,25693927.44,3.458333333
22770,25720631.76,3.472222222
22785,25747336.09,3.486111111
22800,25774040.41,3.5
22815,25832084.62,3.486111111
22830,25890186.24,3.472222222
22845,25948345.28,3.458333333
22860,26006561.73,3.444444444
22875,26067769.99,3.444444444
22890,26129044.51,3.444444444
22905,26190385.27,3.444444444
22920,26251792.27,3.444444444
22935,26251792.27,3.444444444
22950,26251792.27,3.444444444
22965,26251792.27,3.444444444
22980,26251792.27,3.444444444
22995,26251792.27,3.444444444
23010,26251792.27,3.444444444
23025,26251792.27,3.444444444
23040,26251792.27,3.444444444
23055,26248345.45,3.458333333
23070,26244840.1,3.472222222
23085,26241276.23,3.486111111
23100,26237653.84,3.5
23115,26216199.24,3.5
23130,26194651.01,3.5
23145,26173009.14,3.5
23160,26151273.64,3.5
23175,26082575.31,3.486111111
23190,26013934.83,3.472222222
23205,25945352.2,3.458333333
23220,25876827.42,3.444444444
23235,25812805.36,3.430555556
23250,25748836.47,3.416666667
23265,25684920.73,3.402777778
23280,25621058.15,3.388888889
23295,25610926.99,3.388888889
23310,25600782.16,3.388888889
23325,25590623.66,3.388888889
23340,25580451.49,3.388888889
23355,25564338.03,3.388888889
23370,25548206.7,3.388888889
23385,25532057.49,3.388888889
23400,25515890.4,3.388888889
23415,25507701.78,3.375
23430,25499488.62,3.361111111
23445,25491250.9,3.347222222
23460,25482988.63,3.333333333
23475,25497015.41,3.333333333
23490,25511042.2,3.333333333
23505,25525068.99,3.333333333
23520,25539095.77,3.333333333
23535,25642053.67,3.319444444
23550,25745213.46,3.305555556
23565,25848575.14,3.291666667
23580,25952138.71,3.277777778
23595,26054401.53,3.277777778
23610,26156861.2,3.277777778
23625,26259517.72,3.277777778
23640,26362371.08,3.277777778
23655,26463355.52,3.277777778
23670,26564530.76,3.277777778
23685,26665896.82,3.277777778
23700,26767453.69,3.277777778
23715,26843308.48,3.277777778
23730,26919266.42,3.277777778
23745,26995327.5,3.277777778
23760,27071491.72,3.277777778
23775,27097655.92,3.277777778
23790,27123832.35,3.277777778
23805,27150021.01,3.277777778
23820,27176221.89,3.277777778
23835,27191688.5,3.277777778
23850,27207155.12,3.277777778
23865,27222621.74,3.277777778
23880,27238088.35,3.277777778
23895,27189907.01,3.291666667
23910,27141725.66,3.305555556
23925,27093544.32,3.319444444
23940,27045362.98,3.333333333
23955,26931639.69,3.333333333
23970,26818150.35,3.333333333
23985,26704894.95,3.333333333
24000,26591873.5,3.333333333
24015,26425750.22,3.333333333
24030,26260121.94,3.333333333
24045,26094988.67,3.333333333
24060,25930350.4,3.333333333
24075,25802149.54,3.319444444
24090,25674266.37,3.305555556
24105,25546700.89,3.291666667
24120,25419453.1,3.277777778
24135,25316677.6,3.263888889
24150,25214103.8,3.25
24165,25111731.71,3.236111111
24180,25009561.32,3.222222222
24195,24925218.52,3.222222222
24210,24840992.5,3.222222222
24225,24756883.25,3.222222222
24240,24672890.78,3.222222222
24255,24694034.81,3.208333333
24270,24715178.83,3.194444444
24285,24736322.86,3.180555556
24300,24757466.88,3.166666667
24315,24782985.54,3.166666667
24330,24808504.19,3.166666667
24345,24834022.84,3.166666667
24360,24859541.49,3.166666667
24375,24993217.55,3.166666667
24390,25127237.37,3.166666667
24405,25261600.95,3.166666667
24420,25396308.29,3.166666667
24435,25513578.34,3.180555556
24450,25631079.14,3.194444444
24465,25748810.68,3.208333333
24480,25866772.96,3.222222222
24495,25971002.59,3.208333333
24510,26075438.6,3.194444444
24525,26180080.98,3.180555556
24540,26284929.74,3.166666667
24555,26373344.1,3.166666667
24570,26461890.41,3.166666667
24585,26550568.67,3.166666667
24600,26639378.87,3.166666667
24615,26596736.37,3.152777778
24630,26554093.87,3.138888889
24645,26511451.37,3.125
24660,26468808.87,3.111111111
24675,26418551.63,3.097222222
24690,26368294.4,3.083333333
24705,26318037.17,3.069444444
24720,26267779.94,3.055555556
24735,26187344.47,3.055555556
24750,26106943.5,3.055555556
24765,26026577.01,3.055555556
24780,25946245.02,3.055555556
24795,25876457.24,3.055555556
24810,25806643.6,3.055555556
24825,25736804.09,3.055555556
24840,25666938.71,3.055555556
24855,25590159.64,3.069444444
24870,25513467.21,3.083333333
24885,25436861.45,3.097222222
24900,25360342.34,3.111111111
24915,25303043.18,3.111111111
24930,25245744.01,3.111111111
24945,25188444.85,3.111111111
24960,25131145.69,3.111111111
24975,25093869.96,3.111111111
24990,25056594.24,3.111111111
25005,25019318.52,3.111111111
25020,24982042.8,3.111111111
25035,24965232.18,3.111111111
25050,24948421.56,3.111111111
25065,24931610.94,3.111111111
25080,24914800.32,3.111111111
25095,24953084.07,3.111111111
25110,24991387.34,3.111111111
25125,25029710.13,3.111111111
25140,25068052.42,3.111111111
25155,25103472.9,3.097222222
25170,25138905.8,3.083333333
25185,25174351.12,3.069444444
25200,25209808.85,3.055555556
25215,25270185.65,3.055555556
25230,25330633.53,3.055555556
25245,25391152.49,3.055555556
25260,25451742.53,3.055555556
25275,25503501.4,3.055555556
25290,25555312.8,3.055555556
25305,25607176.74,3.055555556
25320,25659093.23,3.055555556
25335,25720345.82,3.027777778
25350,25781661.91,3
25365,25843041.49,2.972222222
25380,25904484.56,2.944444444
25395,25957027.03,2.944444444
25410,26009619.4,2.944444444
25425,26062261.65,2.944444444
25440,26114953.79,2.944444444
25455,26065768.94,2.944444444
25470,26016628.43,2.944444444
25485,25967532.26,2.944444444
25500,25918480.42,2.944444444
25515,25879895.16,2.930555556
25530,25841330.36,2.916666667
25545,25802786.03,2.902777778
25560,25764262.15,2.888888889
25575,25693805.98,2.902777778
25590,25623406.46,2.916666667
25605,25553063.6,2.930555556
25620,25482777.41,2.944444444
25635,25412547.87,2.944444444
25650,25342374.99,2.944444444
25665,25272258.77,2.944444444
25680,25202199.21,2.944444444
25695,25049527.92,2.944444444
25710,24897298.27,2.944444444
25725,24745510.23,2.944444444
25740,24594163.83,2.944444444
25755,24464711.79,2.944444444
25770,24335539.81,2.944444444
25785,24206647.88,2.944444444
25800,24078036.01,2.944444444
25815,24056094.76,2.944444444
25830,24034162.67,2.944444444
25845,24012239.72,2.944444444
25860,23990325.94,2.944444444
25875,23959962.11,2.944444444
25890,23929617.42,2.944444444
25905,23899291.86,2.944444444
25920,23868985.45,2.944444444
25935,23872285.24,2.930555556
25950,23875544.46,2.916666667
25965,23878763.11,2.902777778
25980,23881941.19,2.888888889
25995,23887907.43,2.888888889
26010,23893838.69,2.888888889
26025,23899734.98,2.888888889
26040,23905596.29,2.888888889
26055,23918000.57,2.888888889
26070,23930404.86,2.888888889
26085,23942809.14,2.888888889
26100,23955213.42,2.888888889
26115,23967617.71,2.888888889
26130,23980021.99,2.888888889
26145,23992426.27,2.888888889
26160,24004830.56,2.888888889
26175,24032797.25,2.888888889
26190,24060780.21,2.888888889
26205,24088779.45,2.888888889
26220,24116794.97,2.888888889
26235,24131970.09,2.888888889
26250,24147146.84,2.888888889
26265,24162325.22,2.888888889
26280,24177505.23,2.888888889
26295,23332280.74,2.888888889
26310,22487991.97,2.888888889
26325,21644638.92,2.888888889
26340,20802221.59,2.888888889
26355,19973771.88,2.888888889
26370,19145174.42,2.888888889
26385,18316429.22,2.888888889
26400,17487536.28,2.888888889
26415,17561321.85,2.888888889
26430,17635155.47,2.888888889
26445,17709037.15,2.888888889
26460,17782966.89,2.888888889
26475,17906623.66,2.888888889
26490,18030704.95,2.888888889
26505,18155210.77,2.888888889
26520,18280141.11,2.888888889
26535,18479044.4,2.888888889
26550,18677778.64,2.888888889
26565,18876343.84,2.888888889
26580,19074740.01,2.888888889
26595,19250379.42,2.888888889
26610,19425366.81,2.888888889
26625,19599702.19,2.888888889
26640,19773385.56,2.888888889
26655,19400061.44,2.888888889
26670,19028508.62,2.888888889
26685,18658727.12,2.888888889
26700,18290716.92,2.888888889
26715,17879649.59,2.888888889
26730,17470605.7,2.888888889
26745,17063585.23,2.888888889
26760,16658588.19,2.888888889
26775,15978084.65,2.902777778
26790,15309307.57,2.916666667
26805,14652256.95,2.930555556
26820,14006932.81,2.944444444
26835,13415098.35,2.944444444
26850,12833915.55,2.944444444
26865,12263384.41,2.944444444
26880,11703504.92,2.944444444
26895,11493031.16,2.930555556
26910,11277112.65,2.916666667
26925,11055749.37,2.902777778
26940,10828941.33,2.888888889
26955,10624629.7,2.888888889
26970,10415342.85,2.888888889
26985,10201080.76,2.888888889
27000,9981843.448,2.888888889
27015,9988901.619,2.888888889
27030,9995724.758,2.888888889
27045,10002312.87,2.888888889
27060,10008665.94,2.888888889
27075,10001311.19,2.902777778
27090,9993620.672,2.916666667
27105,9985594.398,2.930555556
27120,9977232.365,2.944444444
27135,9994034.559,2.944444444
27150,10010524.96,2.944444444
27165,10026703.57,2.944444444
27180,10042570.38,2.944444444
27195,10059242.6,2.930555556
27210,10075595.78,2.916666667
27225,10091629.91,2.902777778
27240,10107345,2.888888889
27255,10033510.43,2.888888889
27270,9959924.929,2.888888889
27285,9886588.506,2.888888889
27300,9813501.159,2.888888889
27315,9735261.012,2.888888889
27330,9657321.831,2.888888889
27345,9579683.617,2.888888889
27360,9502346.369,2.888888889
27375,9421100.858,2.888888889
27390,9339507.081,2.888888889
27405,9257565.036,2.888888889
27420,9175274.724,2.888888889
27435,9092636.145,2.888888889
27450,9009649.299,2.888888889
27465,8926314.185,2.888888889
27480,8842630.805,2.888888889
27495,8855763.753,2.888888889
27510,8868777.614,2.888888889
27525,8881672.386,2.888888889
27540,8894448.07,2.888888889
27555,8901611.878,2.888888889
27570,8908619.383,2.888888889
27585,8915470.585,2.888888889
27600,8922165.483,2.888888889
27615,8927348.343,2.888888889
27630,8932531.204,2.888888889
27645,8937714.064,2.888888889
27660,8942896.925,2.888888889
27675,8940289.168,2.902777778
27690,8937672.387,2.916666667
27705,8935046.581,2.930555556
27720,8932411.75,2.944444444
27735,8934577.575,2.944444444
27750,8936703.46,2.944444444
27765,8938789.406,2.944444444
27780,8940835.411,2.944444444
27795,8949484.667,2.944444444
27810,8958075.55,2.944444444
27825,8966608.058,2.944444444
27840,8975082.193,2.944444444
27855,8976756.871,2.944444444
27870,8978431.549,2.944444444
27885,8980106.226,2.944444444
27900,8981780.904,2.944444444
27915,8983455.582,2.944444444
27930,8985130.26,2.944444444
27945,8986804.938,2.944444444
27960,8988479.615,2.944444444
27975,9052053.823,2.958333333
27990,9114265.978,2.972222222
28005,9175116.08,2.986111111
28020,9234604.129,3
28035,9286850.51,3
28050,9337591.465,3
28065,9386826.993,3
28080,9434557.094,3
28095,9466412.254,3
28110,9498181.318,3
28125,9529864.283,3
28140,9561461.152,3
28155,9575530.155,3
28170,9589362.39,3
28185,9602957.857,3
28200,9616316.556,3
28215,9444117.104,3
28230,9272258.384,3
28245,9100740.397,3
28260,8929563.143,3
28275,8777214.698,3.013888889
28290,8624525.521,3.027777778
28305,8471495.611,3.041666667
28320,8318124.969,3.055555556
28335,8613352.974,3.055555556
28350,8910610.892,3.055555556
28365,9209898.722,3.055555556
28380,9511216.465,3.055555556
28395,9827917.268,3.069444444
28410,10146749.48,3.083333333
28425,10467713.1,3.097222222
28440,10790808.13,3.111111111
28455,11239804.27,3.111111111
28470,11688109.06,3.111111111
28485,12135722.5,3.111111111
28500,12582644.59,3.111111111
28515,13014299.76,3.111111111
28530,13445285.7,3.111111111
28545,13875602.39,3.111111111
28560,14305249.84,3.111111111
28575,14345828.45,3.097222222
28590,14381032.29,3.083333333
28605,14410861.36,3.069444444
28620,14435315.66,3.055555556
28635,14462824.82,3.055555556
28650,14485198.84,3.055555556
28665,14502437.74,3.055555556
28680,14514541.5,3.055555556
28695,14106619.88,3.069444444
28710,13682041.55,3.083333333
28725,13240806.51,3.097222222
28740,12782914.77,3.111111111
28755,12300310.66,3.111111111
28770,11800840.99,3.111111111
28785,11284505.75,3.111111111
28800,10751304.93,3.111111111
28815,10861904.47,3.125
28830,10972993.65,3.138888889
28845,11084572.48,3.152777778
28860,11196640.96,3.166666667
28875,11309199.09,3.180555556
28890,11422246.86,3.194444444
28905,11535784.29,3.208333333
28920,11649811.36,3.222222222
28935,12576013.79,3.222222222
28950,13506062.4,3.222222222
28965,14439957.19,3.222222222
28980,15377698.15,3.222222222
28995,16282062.34,3.236111111
29010,17190115.21,3.25
29025,18101856.75,3.263888889
29040,19017286.97,3.277777778
29055,19575060.34,3.263888889
29070,20133726.18,3.25
29085,20693284.49,3.236111111
29100,21253735.28,3.222222222
29115,21807555.85,3.236111111
29130,22362256.54,3.25
29145,22917837.37,3.263888889
29160,23474298.33,3.277777778
29175,23529045.61,3.291666667
29190,23583835.89,3.305555556
29205,23638669.17,3.319444444
29220,23693545.45,3.333333333
29235,23824065.48,3.347222222
29250,23954703.94,3.361111111
29265,24085460.84,3.375
29280,24216336.17,3.388888889
29295,24330703.64,3.388888889
29310,24445277.46,3.388888889
29325,24560057.64,3.388888889
29340,24675044.17,3.388888889
29355,24806995.46,3.402777778
29370,24939193.63,3.416666667
29385,25071638.7,3.430555556
29400,25204330.65,3.444444444
29415,25362442.27,3.444444444
29430,25521048.21,3.444444444
29445,25680148.45,3.444444444
29460,25839743.01,3.444444444
29475,25974979.89,3.458333333
29490,26110556.01,3.472222222
29505,26246471.36,3.486111111
29520,26382725.95,3.5
29535,26459139.66,3.513888889
29550,26535663.23,3.527777778
29565,26612296.67,3.541666667
29580,26689039.96,3.555555556
29595,26739033.22,3.555555556
29610,26789053.33,3.555555556
29625,26839100.3,3.555555556
29640,26889174.12,3.555555556
29655,26832819.77,3.555555556
29670,26776513.24,3.555555556
29685,26720254.54,3.555555556
29700,26664043.66,3.555555556
29715,26601579.14,3.569444444
29730,26539181.58,3.583333333
29745,26476850.97,3.597222222
29760,26414587.31,3.611111111
29775,26313088.98,3.611111111
29790,26211785.66,3.611111111
29805,26110677.37,3.611111111
29820,26009764.09,3.611111111
29835,25940095.08,3.625
29850,25870495.27,3.638888889
29865,25800964.65,3.652777778
29880,25731503.24,3.666666667
29895,25642405.08,3.680555556
29910,25553443.29,3.694444444
29925,25464617.88,3.708333333
29940,25375928.85,3.722222222
29955,25352954.7,3.75
29970,25329808.28,3.777777778
29985,25306489.6,3.805555556
30000,25282998.65,3.833333333
30015,25291702.35,3.847222222
30030,25300389.86,3.861111111
30045,25309061.18,3.875
30060,25317716.3,3.888888889
30075,25309634.15,3.875
30090,25301510.35,3.861111111
30105,25293344.92,3.847222222
30120,25285137.85,3.833333333
30135,25364114.19,3.847222222
30150,25443144.61,3.861111111
30165,25522229.12,3.875
30180,25601367.71,3.888888889
30195,25702181.57,3.916666667
30210,25803166.01,3.944444444
30225,25904321.03,3.972222222
30240,26005646.62,4
30255,26123915.33,4.013888889
30270,26242377.61,4.027777778
30285,26361033.47,4.041666667
30300,26479882.9,4.055555556
30315,26600491.1,4.069444444
30330,26721296.2,4.083333333
30345,26842298.22,4.097222222
30360,26963497.15,4.111111111
30375,27016932.27,4.125
30390,27070306.32,4.138888889
30405,27123619.31,4.152777778
30420,27176871.24,4.166666667
30435,27230062.11,4.152777778
30450,27283191.91,4.138888889
30465,27336260.66,4.125
30480,27389268.34,4.111111111
30495,27436199.91,4.125
30510,27483131.49,4.138888889
30525,27530063.07,4.152777778
30540,27576994.65,4.166666667
30555,27628619.38,4.194444444
30570,27680244.11,4.222222222
30585,27731868.85,4.25
30600,27783493.58,4.277777778
30615,27704401.2,4.291666667
30630,27625348.95,4.305555556
30645,27546336.85,4.319444444
30660,27467364.89,4.333333333
30675,27377622.86,4.333333333
30690,27287977.17,4.333333333
30705,27198427.81,4.333333333
30720,27108974.8,4.333333333
30735,26999401.68,4.333333333
30750,26889943.93,4.333333333
30765,26780601.55,4.333333333
30780,26671374.53,4.333333333
30795,26560756.83,4.347222222
30810,26450264.98,4.361111111
30825,26339898.98,4.375
30840,26229658.84,4.388888889
30855,26181317.95,4.388888889
30870,26133020.38,4.388888889
30885,26084766.15,4.388888889
30900,26036555.24,4.388888889
30915,25980976.17,4.388888889
30930,25925456.47,4.388888889
30945,25869996.15,4.388888889
30960,25814595.21,4.388888889
30975,25801974.2,4.388888889
30990,25789353.19,4.388888889
31005,25776732.18,4.388888889
31020,25764111.17,4.388888889
31035,25751490.16,4.402777778
31050,25738869.16,4.416666667
31065,25726248.15,4.430555556
31080,25713627.14,4.444444444
31095,25713627.14,4.444444444
31110,25713627.14,4.444444444
31125,25713627.14,4.444444444
31140,25713627.14,4.444444444
31155,25713627.14,4.444444444
31170,25713627.14,4.444444444
31185,25713627.14,4.444444444
31200,25713627.14,4.444444444
31215,25713627.14,4.444444444
31230,25713627.14,4.444444444
31245,25713627.14,4.444444444
31260,25713627.14,4.444444444
31275,25704796.91,4.444444444
31290,25695966.68,4.444444444
31305,25687136.45,4.444444444
31320,25678306.22,4.444444444
31335,25723819.49,4.458333333
31350,25769362.39,4.472222222
31365,25814934.91,4.486111111
31380,25860537.06,4.5
31395,25897279.36,4.513888889
31410,25934027.58,4.527777778
31425,25970781.72,4.541666667
31440,26007541.79,4.555555556
31455,25945453.97,4.569444444
31470,25883283.36,4.583333333
31485,25821029.97,4.597222222
31500,25758693.79,4.611111111
31515,25690411.96,4.625
31530,25622082.19,4.638888889
31545,25553704.5,4.652777778
31560,25485278.88,4.666666667
31575,25378741.5,4.666666667
31590,25272271.05,4.666666667
31605,25165867.54,4.666666667
31620,25059530.96,4.666666667
31635,24961809.87,4.680555556
31650,24864088.79,4.694444444
31665,24766367.7,4.708333333
31680,24668646.62,4.722222222
31695,24648383.59,4.722222222
31710,24628004.39,4.722222222
31725,24607509.01,4.722222222
31740,24586897.47,4.722222222
31755,24573251.38,4.736111111
31770,24559505.72,4.75
31785,24545660.48,4.763888889
31800,24531715.67,4.777777778
31815,24494106.82,4.791666667
31830,24454724.15,4.805555556
31845,24413567.66,4.819444444
31860,24370637.36,4.833333333
31875,24325933.23,4.833333333
31890,24279455.29,4.833333333
31905,24231203.53,4.833333333
31920,24181177.94,4.833333333
31935,24309242.93,4.833333333
31950,24437622.86,4.833333333
31965,24566317.74,4.833333333
31980,24695327.57,4.833333333
31995,24832133.03,4.833333333
32010,24969282.33,4.833333333
32025,25106775.47,4.833333333
32040,25244612.45,4.833333333
32055,25396076.85,4.847222222
32070,25547544.01,4.861111111
32085,25699013.92,4.875
32100,25850486.58,4.888888889
32115,25968854.78,4.902777778
32130,26087225.14,4.916666667
32145,26205597.64,4.930555556
32160,26323972.31,4.944444444
32175,26262164.59,4.944444444
32190,26200427.92,4.944444444
32205,26138762.29,4.944444444
32220,26077167.72,4.944444444
32235,26029097.08,4.958333333
32250,25981060.94,4.972222222
32265,25933059.32,4.986111111
32280,25885092.2,5
32295,25783163.67,4.986111111
32310,25681401.45,4.972222222
32325,25579805.52,4.958333333
32340,25478375.9,4.944444444
32355,25394873.82,4.944444444
32370,25311496.89,4.944444444
32385,25228245.12,4.944444444
32400,25145118.51,4.944444444
32415,24749167.93,4.944444444
32430,24354475.41,4.944444444
32445,23961040.93,4.944444444
32460,23568864.49,4.944444444
32475,23194408.21,4.958333333
32490,22820715,4.972222222
32505,22447784.86,4.986111111
32520,22075617.81,5
32535,21529013.81,5.013888889
32550,20983792.55,5.027777778
32565,20439954.03,5.041666667
32580,19897498.25,5.055555556
32595,19364519.54,5.041666667
32610,18832493.39,5.027777778
32625,18301419.78,5.013888889
32640,17771298.74,5
32655,18412654.22,5.013888889
32670,19057393.18,5.027777778
32685,19705515.62,5.041666667
32700,20357021.54,5.055555556
32715,21020593.55,5.055555556
32730,21688042.47,5.055555556
32745,22359368.28,5.055555556
32760,23034571.01,5.055555556
32775,23051755.37,5.069444444
32790,23059259.79,5.083333333
32805,23057084.27,5.097222222
32820,23045228.81,5.111111111
32835,22962921.98,5.125
32850,22869241.22,5.138888889
32865,22764186.52,5.152777778
32880,22647757.9,5.166666667
32895,22121396.29,5.180555556
32910,21591575.78,5.194444444
32925,21058296.36,5.208333333
32940,20521558.06,5.222222222
32955,19993596.83,5.236111111
32970,19462247.3,5.25
32985,18927509.47,5.263888889
33000,18389383.32,5.277777778
33015,18823814.3,5.277777778
33030,19254174.63,5.277777778
33045,19680464.31,5.277777778
33060,20102683.34,5.277777778
33075,20523855.62,5.277777778
33090,20940932.61,5.277777778
33105,21353914.33,5.277777778
33120,21762800.76,5.277777778
33135,22012699.51,5.277777778
33150,22260787.53,5.277777778
33165,22507064.8,5.277777778
33180,22751531.34,5.277777778
33195,22986827.6,5.291666667
33210,23220356.22,5.305555556
33225,23452117.23,5.319444444
33240,23682110.61,5.333333333
33255,23683641.78,5.347222222
33270,23685159.94,5.361111111
33285,23686665.07,5.375
33300,23688157.19,5.388888889
33315,23682321.05,5.388888889
33330,23676463.76,5.388888889
33345,23670585.3,5.388888889
33360,23664685.69,5.388888889
33375,23734983.12,5.375
33390,23805338.55,5.361111111
33405,23875751.99,5.347222222
33420,23946223.44,5.333333333
33435,24007851.2,5.333333333
33450,24069493.47,5.333333333
33465,24131150.25,5.333333333
33480,24192821.52,5.333333333
33495,24271174.27,5.333333333
33510,24349653.42,5.333333333
33525,24428258.99,5.333333333
33540,24506990.97,5.333333333
33555,24576806.57,5.347222222
33570,24646718.24,5.361111111
33585,24716725.99,5.375
33600,24786829.81,5.388888889
33615,24837147.57,5.388888889
33630,24887476.89,5.388888889
33645,24937817.77,5.388888889
33660,24988170.21,5.388888889
33675,25024771.72,5.402777778
33690,25061332.79,5.416666667
33705,25097853.4,5.430555556
33720,25134333.56,5.444444444
33735,25132897.91,5.472222222
33750,25131410.8,5.5
33765,25129872.24,5.527777778
33780,25128282.23,5.555555556
33795,25125095.37,5.555555556
33810,25121854.03,5.555555556
33825,25118558.21,5.555555556
33840,25115207.91,5.555555556
33855,25098919.98,5.555555556
33870,25082615.23,5.555555556
33885,25066293.66,5.555555556
33900,25049955.26,5.555555556
33915,25049125.71,5.541666667
33930,25048289.85,5.527777778
33945,25047447.68,5.513888889
33960,25046599.21,5.5
33975,25010853.88,5.5
33990,24975108.54,5.5
34005,24939363.21,5.5
34020,24903617.88,5.5
34035,24881859.85,5.513888889
34050,24860101.82,5.527777778
34065,24838343.79,5.541666667
34080,24816585.76,5.555555556
34095,24860340.67,5.569444444
34110,24904128.39,5.583333333
34125,24947948.92,5.597222222
34140,24991802.25,5.611111111
34155,25038805.09,5.625
34170,25085844.11,5.638888889
34185,25132919.3,5.652777778
34200,25180030.66,5.666666667
34215,25323840.67,5.680555556
34230,25468060.13,5.694444444
34245,25612689.04,5.708333333
34260,25757727.41,5.722222222
34275,25881014.79,5.708333333
34290,26004588.35,5.694444444
34305,26128448.09,5.680555556
34320,26252594,5.666666667
34335,26283582.15,5.694444444
34350,26314575.24,5.722222222
34365,26345573.26,5.75
34380,26376576.23,5.777777778
34395,26378842.05,5.805555556
34410,26381107.87,5.833333333
34425,26383373.69,5.861111111
34440,26385639.51,5.888888889
34455,26332932.12,5.888888889
34470,26280224.73,5.888888889
34485,26227517.34,5.888888889
34500,26174809.95,5.888888889
34515,26093353.07,5.861111111
34530,26011896.19,5.833333333
34545,25930439.31,5.805555556
34560,25848982.44,5.777777778
34575,25772067.06,5.791666667
34590,25695238.25,5.805555556
34605,25618496.02,5.819444444
34620,25541840.36,5.833333333
34635,25501868.45,5.847222222
34650,25461927.81,5.861111111
34665,25422018.43,5.875
34680,25382140.31,5.888888889
34695,25355945.33,5.916666667
34710,25329750.35,5.944444444
34725,25303555.37,5.972222222
34740,25277360.39,6
34755,25309905.67,6.013888889
34770,25342450.95,6.027777778
34785,25374996.22,6.041666667
34800,25407541.5,6.055555556
34815,25471307.97,6.041666667
34830,25535136.76,6.027777778
34845,25599027.86,6.013888889
34860,25662981.26,6
34875,25714254.14,6.013888889
34890,25765572.43,6.027777778
34905,25816936.13,6.041666667
34920,25868345.24,6.055555556
34935,25923726.44,6.041666667
34950,25979163.16,6.027777778
34965,26034655.38,6.013888889
34980,26090203.12,6
34995,26124919.29,6.013888889
35010,26159635.45,6.027777778
35025,26194351.62,6.041666667
35040,26229067.79,6.055555556
35055,26224377.87,6.041666667
35070,26219673.86,6.027777778
35085,26214955.78,6.013888889
35100,26210223.62,6
35115,26203860.75,6
35130,26197482.39,6
35145,26191088.54,6
35160,26184679.2,6
35175,26167049.02,5.972222222
35190,26149410.51,5.944444444
35205,26131763.66,5.916666667
35220,26114108.47,5.888888889
35235,26089997.79,5.888888889
35250,26065889.89,5.888888889
35265,26041784.77,5.888888889
35280,26017682.43,5.888888889
35295,25970335.18,5.888888889
35310,25923021.93,5.888888889
35325,25875742.7,5.888888889
35340,25828497.47,5.888888889
35355,25789304.57,5.902777778
35370,25750137.78,5.916666667
35385,25710997.08,5.930555556
35400,25671882.48,5.944444444
35415,25623877.19,5.944444444
35430,25575915.02,5.944444444
35445,25527995.98,5.944444444
35460,25480120.05,5.944444444
35475,25440263.75,5.958333333
35490,25400438.6,5.972222222
35505,25360644.58,5.986111111
35520,25320881.72,6
35535,25338539.18,6.013888889
35550,25356160.43,6.027777778
35565,25373745.47,6.041666667
35580,25391294.3,6.055555556
35595,25408806.92,6.055555556
35610,25426283.33,6.055555556
35625,25443723.54,6.055555556
35640,25461127.53,6.055555556
35655,25529014.28,6.055555556
35670,25596990.89,6.055555556
35685,25665057.37,6.055555556
35700,25733213.71,6.055555556
35715,25801459.92,6.055555556
35730,25869795.99,6.055555556
35745,25938221.93,6.055555556
35760,26006737.73,6.055555556
35775,26045427.19,6.055555556
35790,26084141.09,6.055555556
35805,26122879.43,6.055555556
35820,26161642.21,6.055555556
35835,26177610.32,6.041666667
35850,26193582.12,6.027777778
35865,26209557.63,6.013888889
35880,26225536.84,6
35895,26218045.24,6.013888889
35910,26210553.72,6.027777778
35925,26203062.29,6.041666667
35940,26195570.94,6.055555556
35955,26199504.47,6.055555556
35970,26203437.95,6.055555556
35985,26207371.38,6.055555556
36000,26211304.77,6.055555556
36015,26203144.34,6.055555556
36030,26194983.91,6.055555556
36045,26186823.48,6.055555556
36060,26178663.05,6.055555556
36075,26178663.05,6.083333333
36090,26178663.05,6.111111111
36105,26178663.05,6.138888889
36120,26178663.05,6.166666667
36135,26203366.7,6.180555556
36150,26228081.93,6.194444444
36165,26252808.74,6.208333333
36180,26277547.15,6.222222222
36195,26297388.46,6.222222222
36210,26317236.4,6.222222222
36225,26337090.95,6.222222222
36240,26356952.13,6.222222222
36255,26370114.72,6.236111111
36270,26383277.31,6.25
36285,26396439.91,6.263888889
36300,26409602.5,6.277777778
36315,26422765.09,6.291666667
36330,26435927.69,6.305555556
36345,26449090.28,6.319444444
36360,26462252.87,6.333333333
36375,26426050.5,6.347222222
36390,26389872.7,6.361111111
36405,26353719.48,6.375
36420,26317590.85,6.388888889
36435,26266725.59,6.388888889
36450,26215903.35,6.388888889
36465,26165124.12,6.388888889
36480,26114387.9,6.388888889
36495,26094253.55,6.388888889
36510,26074126.82,6.388888889
36525,26054007.7,6.388888889
36540,26033896.2,6.388888889
36555,26015426.66,6.388888889
36570,25996963.64,6.388888889
36585,25978507.16,6.388888889
36600,25960057.2,6.388888889
36615,25952765.7,6.375
36630,25945473.65,6.361111111
36645,25938181.05,6.347222222
36660,25930887.91,6.333333333
36675,25923594.21,6.333333333
36690,25916299.97,6.333333333
36705,25909005.17,6.333333333
36720,25901709.83,6.333333333
36735,25906176.44,6.347222222
36750,25910636.34,6.361111111
36765,25915089.53,6.375
36780,25919536.01,6.388888889
36795,25943618.27,6.402777778
36810,25967711.7,6.416666667
36825,25991816.31,6.430555556
36840,26015932.1,6.444444444
36855,26032331.74,6.458333333
36870,26048731.39,6.472222222
36885,26065131.03,6.486111111
36900,26081530.68,6.5
36915,26097930.32,6.5
36930,26114329.96,6.5
36945,26130729.61,6.5
36960,26147129.25,6.5
36975,26170229.23,6.513888889
36990,26193339.35,6.527777778
37005,26216459.63,6.541666667
37020,26239590.05,6.555555556
37035,26262730.62,6.569444444
37050,26285881.34,6.583333333
37065,26309042.22,6.597222222
37080,26332213.24,6.611111111
37095,26332213.24,6.611111111
37110,26332213.24,6.611111111
37125,26332213.24,6.611111111
37140,26332213.24,6.611111111
37155,26310727,6.597222222
37170,26289240.76,6.583333333
37185,26267754.52,6.569444444
37200,26246268.28,6.555555556
37215,26224560.47,6.541666667
37230,26202852.66,6.527777778
37245,26181144.85,6.513888889
37260,26159437.03,6.5
37275,26127853.51,6.513888889
37290,26096286.38,6.527777778
37305,26064735.66,6.541666667
37320,26033201.35,6.555555556
37335,25989358.8,6.555555556
37350,25945550.46,6.555555556
37365,25901776.31,6.555555556
37380,25858036.36,6.555555556
37395,25814330.6,6.555555556
37410,25770659.05,6.555555556
37425,25727021.69,6.555555556
37440,25683418.53,6.555555556
37455,25638315.27,6.555555556
37470,25593248.81,6.555555556
37485,25548219.16,6.555555556
37500,25503226.31,6.555555556
37515,25458270.26,6.555555556
37530,25413351.02,6.555555556
37545,25368468.58,6.555555556
37560,25323622.94,6.555555556
37575,25251039.93,6.569444444
37590,25178557.48,6.583333333
37605,25106175.59,6.597222222
37620,25033894.26,6.611111111
37635,24961713.49,6.611111111
37650,24889633.27,6.611111111
37665,24817653.61,6.611111111
37680,24745774.52,6.611111111
37695,24651256.75,6.611111111
37710,24556919.76,6.611111111
37725,24462763.54,6.611111111
37740,24368788.09,6.611111111
37755,24274993.41,6.625
37770,24181379.51,6.638888889
37785,24087946.38,6.652777778
37800,23994694.02,6.666666667
37815,23982005.12,6.666666667
37830,23969316.23,6.666666667
37845,23956627.34,6.666666667
37860,23943938.45,6.666666667
37875,23931249.56,6.666666667
37890,23918560.67,6.666666667
37905,23905871.77,6.666666667
37920,23893182.88,6.666666667
37935,23881287.05,6.680555556
37950,23869391.21,6.694444444
37965,23857495.38,6.708333333
37980,23845599.54,6.722222222
37995,23843220.37,6.736111111
38010,23840841.2,6.75
38025,23838462.04,6.763888889
38040,23836082.87,6.777777778
38055,23836082.87,6.777777778
38070,23836082.87,6.777777778
38085,23836082.87,6.777777778
38100,23836082.87,6.777777778
38115,23836082.87,6.763888889
38130,23836082.87,6.75
38145,23836082.87,6.736111111
38160,23836082.87,6.722222222
38175,23822272.94,6.736111111
38190,23808463,6.75
38205,23794653.07,6.763888889
38220,23780843.14,6.777777778
38235,23776522.3,6.777777778
38250,23772190.44,6.777777778
38265,23767847.55,6.777777778
38280,23763493.64,6.777777778
38295,23756248.35,6.777777778
38310,23748995.86,6.777777778
38325,23741736.16,6.777777778
38340,23734469.25,6.777777778
38355,23717749.61,6.791666667
38370,23701033.56,6.805555556
38385,23684321.12,6.819444444
38400,23667612.28,6.833333333
38415,23561881.05,6.833333333
38430,23456368.92,6.833333333
38445,23351075.88,6.833333333
38460,23246001.94,6.833333333
38475,23148893.08,6.847222222
38490,23051958.6,6.861111111
38505,22955198.5,6.875
38520,22858612.78,6.888888889
38535,22769868.08,6.902777778
38550,22681289.91,6.916666667
38565,22592878.27,6.930555556
38580,22504633.16,6.944444444
38595,22408964.24,6.944444444
38610,22313497.29,6.944444444
38625,22218232.29,6.944444444
38640,22123169.26,6.944444444
38655,22053516.78,6.944444444
38670,21983972.95,6.944444444
38685,21914537.78,6.944444444
38700,21845211.26,6.944444444
38715,21767012.68,6.958333333
38730,21688948.32,6.972222222
38745,21611018.18,6.986111111
38760,21533222.26,7
38775,21470836.17,7
38790,21408538.78,7
38805,21346330.11,7
38820,21284210.15,7
38835,21222178.91,7.013888889
38850,21160236.38,7.027777778
38865,21098382.56,7.041666667
38880,21036617.45,7.055555556
38895,21000054.52,7.055555556
38910,20963519.11,7.055555556
38925,20927011.21,7.055555556
38940,20890530.83,7.055555556
38955,20854077.96,7.041666667
38970,20817652.6,7.027777778
38985,20781254.75,7.013888889
39000,20744884.42,7
39015,20738274.06,7.013888889
39030,20731653.87,7.027777778
39045,20725023.85,7.041666667
39060,20718384.01,7.055555556
39075,20711734.33,7.069444444
39090,20705074.82,7.083333333
39105,20698405.48,7.097222222
39120,20691726.32,7.111111111
39135,20636293.88,7.125
39150,20580934.46,7.138888889
39165,20525648.07,7.152777778
39180,20470434.69,7.166666667
39195,20431192.41,7.180555556
39210,20391974.48,7.194444444
39225,20352780.88,7.208333333
39240,20313611.63,7.222222222
39255,20240152.09,7.236111111
39270,20166810.69,7.25
39285,20093587.44,7.263888889
39300,20020482.31,7.277777778
39315,19947495.33,7.277777778
39330,19874626.48,7.277777778
39345,19801875.77,7.277777778
39360,19729243.2,7.277777778
39375,19662541.06,7.263888889
39390,19595941.51,7.25
39405,19529444.56,7.236111111
39420,19463050.2,7.222222222
39435,19396758.43,7.222222222
39450,19330569.26,7.222222222
39465,19264482.68,7.222222222
39480,19198498.69,7.222222222
39495,19075813.49,7.222222222
39510,18953516.18,7.222222222
39525,18831606.77,7.222222222
39540,18710085.25,7.222222222
39555,18568455.88,7.236111111
39570,18427331.94,7.25
39585,18286713.44,7.263888889
39600,18146600.37,7.277777778
39615,18011457.08,7.277777778
39630,17876784.42,7.277777778
39645,17742582.4,7.277777778
39660,17608851.02,7.277777778
39675,17478262.18,7.277777778
39690,17348129.04,7.277777778
39705,17218451.6,7.277777778
39720,17089229.85,7.277777778
39735,17010605.02,7.291666667
39750,16932147.32,7.305555556
39765,16853856.75,7.319444444
39780,16775733.31,7.333333333
39795,16722738.27,7.319444444
39810,16669826.79,7.305555556
39825,16616998.88,7.291666667
39840,16564254.54,7.277777778
39855,16557749.83,7.277777778
39870,16551234.84,7.277777778
39885,16544709.57,7.277777778
39900,16538174,7.277777778
39915,16530326.14,7.277777778
39930,16522470.05,7.277777778
39945,16514605.73,7.277777778
39960,16506733.18,7.277777778
39975,16459752.86,7.291666667
39990,16412820.64,7.305555556
40005,16365936.54,7.319444444
40020,16319100.54,7.333333333
40035,16267173.56,7.347222222
40050,16215317.32,7.361111111
40065,16163531.84,7.375
40080,16111817.11,7.388888889
40095,16068380.86,7.388888889
40110,16025002.8,7.388888889
40125,15981682.93,7.388888889
40140,15938421.25,7.388888889
40155,15883801.97,7.402777778
40170,15829269.2,7.416666667
40185,15774822.92,7.430555556
40200,15720463.14,7.444444444
40215,15542899.33,7.444444444
40230,15366332.67,7.444444444
40245,15190763.17,7.444444444
40260,15016190.82,7.444444444
40275,14847512.15,7.430555556
40290,14679767.33,7.416666667
40305,14512956.35,7.402777778
40320,14347079.21,7.388888889
40335,14178711.48,7.388888889
40350,14011241.34,7.388888889
40365,13844668.79,7.388888889
40380,13678993.82,7.388888889
40395,13526911.81,7.402777778
40410,13375523.8,7.416666667
40425,13224829.81,7.430555556
40440,13074829.83,7.444444444
40455,13007932.76,7.458333333
40470,12941186.75,7.472222222
40485,12874591.8,7.486111111
40500,12808147.9,7.5
40515,12741855.05,7.513888889
40530,12675713.26,7.527777778
40545,12609722.53,7.541666667
40560,12543882.84,7.555555556
40575,12467244.78,7.555555556
40590,12390781.21,7.555555556
40605,12314492.14,7.555555556
40620,12238377.57,7.555555556
40635,12167951.85,7.597222222
40650,12097683.85,7.638888889
40665,12027573.56,7.680555556
40680,11957621,7.722222222
40695,11845091.42,7.736111111
40710,11733069.92,7.75
40725,11621556.5,7.763888889
40740,11510551.17,7.777777778
40755,11393655.08,7.763888889
40770,11277342.35,7.75
40785,11161612.97,7.736111111
40800,11046466.94,7.722222222
40815,11074990.97,7.722222222
40830,11103493.62,7.722222222
40845,11131974.89,7.722222222
40860,11160434.79,7.722222222
40875,11192062.07,7.722222222
40890,11223686.31,7.722222222
40905,11255307.49,7.722222222
40920,11286925.62,7.722222222
40935,11539186.86,7.722222222
40950,11789420.59,7.722222222
40965,12037626.81,7.722222222
40980,12283805.52,7.722222222
40995,12527956.71,7.722222222
41010,12770080.39,7.722222222
41025,13010176.56,7.722222222
41040,13248245.22,7.722222222
41055,13586906.2,7.722222222
41070,13922460.19,7.722222222
41085,14254907.18,7.722222222
41100,14584247.16,7.722222222
41115,14819829.9,7.722222222
41130,15047625.95,7.722222222
41145,15267635.32,7.722222222
41160,15479858.02,7.722222222
41175,15365710.74,7.722222222
41190,15247316.27,7.722222222
41205,15124674.61,7.722222222
41220,14997785.76,7.722222222
41235,14851616.88,7.708333333
41250,14700951.79,7.694444444
41265,14545790.48,7.680555556
41280,14386132.97,7.666666667
41295,15068245.51,7.680555556
41310,15749806.68,7.694444444
41325,16430816.48,7.708333333
41340,17111274.92,7.722222222
41355,17874893.14,7.736111111
41370,18637892.78,7.75
41385,19400273.85,7.763888889
41400,20162036.34,7.777777778
41415,20520902.86,7.763888889
41430,20880078.66,7.75
41445,21239563.75,7.736111111
41460,21599358.13,7.722222222
41475,21997084.11,7.722222222
41490,22395152.57,7.722222222
41505,22793563.51,7.722222222
41520,23192316.93,7.722222222
41535,23287307.64,7.736111111
41550,23382426.11,7.75
41565,23477672.34,7.763888889
41580,23573046.33,7.777777778
41595,23673768.51,7.791666667
41610,23774651.78,7.805555556
41625,23875696.14,7.819444444
41640,23976901.59,7.833333333
41655,24170341.25,7.833333333
41670,24364556.41,7.833333333
41685,24559547.07,7.833333333
41700,24755313.24,7.833333333
41715,24882024.45,7.847222222
41730,25008985.18,7.861111111
41745,25136195.41,7.875
41760,25263655.16,7.888888889
41775,25341659.67,7.888888889
41790,25419781.21,7.888888889
41805,25498019.77,7.888888889
41820,25576375.36,7.888888889
41835,25625615.83,7.875
41850,25674869.31,7.861111111
41865,25724135.79,7.847222222
41880,25773415.27,7.833333333
41895,25721067.61,7.847222222
41910,25668719.95,7.861111111
41925,25616372.29,7.875
41940,25564024.64,7.888888889
41955,25592494.41,7.875
41970,25620964.19,7.861111111
41985,25649433.97,7.847222222
42000,25677903.75,7.833333333
42015,25586964.38,7.833333333
42030,25496177.54,7.833333333
42045,25405543.23,7.833333333
42060,25315061.46,7.833333333
42075,25290133.05,7.833333333
42090,25265068.16,7.833333333
42105,25239866.78,7.833333333
42120,25214528.93,7.833333333
42135,25216653.17,7.833333333
42150,25218727.56,7.833333333
42165,25220752.09,7.833333333
42180,25222726.78,7.833333333
42195,25168974,7.833333333
42210,25115277.95,7.833333333
42225,25061638.63,7.833333333
42240,25008056.03,7.833333333
42255,24880512.94,7.833333333
42270,24752461.51,7.833333333
42285,24623901.77,7.833333333
42300,24494833.7,7.833333333
42315,24330969.27,7.833333333
42330,24166492.1,7.833333333
42345,24001402.2,7.833333333
42360,23835699.56,7.833333333
42375,24026877.08,7.847222222
42390,24218371.77,7.861111111
42405,24410183.66,7.875
42420,24602312.74,7.888888889
42435,24803866.01,7.888888889
42450,25005753.53,7.888888889
42465,25207975.29,7.888888889
42480,25410531.28,7.888888889
42495,25611043,7.902777778
42510,25811773.74,7.916666667
42525,26012723.51,7.930555556
42540,26213892.31,7.944444444
42555,26398792.91,7.958333333
42570,26583893.13,7.972222222
42585,26769192.95,7.986111111
42600,26954692.38,8
42615,27024428.1,8.013888889
42630,27094163.83,8.027777778
42645,27163899.55,8.041666667
42660,27233635.27,8.055555556
42675,27301535.85,8.069444444
42690,27369436.42,8.083333333
42705,27437336.99,8.097222222
42720,27505237.57,8.111111111
42735,27450773.09,8.111111111
42750,27396172.86,8.111111111
42765,27341436.88,8.111111111
42780,27286565.15,8.111111111
42795,27220703.41,8.125
42810,27154768.57,8.138888889
42825,27088760.63,8.152777778
42840,27022679.6,8.166666667
42855,26901367.07,8.180555556
42870,26780314.53,8.194444444
42885,26659521.99,8.208333333
42900,26538989.45,8.222222222
42915,26418716.91,8.222222222
42930,26298704.37,8.222222222
42945,26178951.82,8.222222222
42960,26059459.27,8.222222222
42975,26000051.96,8.222222222
42990,25940684.15,8.222222222
43005,25881355.85,8.222222222
43020,25822067.04,8.222222222
43035,25745440.95,8.25
43050,25668920.2,8.277777778
43065,25592504.78,8.305555556
43080,25516194.7,8.333333333
43095,25474266.37,8.347222222
43110,25432338.03,8.361111111
43125,25390409.69,8.375
43140,25348481.36,8.388888889
43155,25306553.02,8.388888889
43170,25264624.69,8.388888889
43185,25222696.35,8.388888889
43200,25180768.01,8.388888889
43215,25197937.9,8.388888889
43230,25215110.02,8.388888889
43245,25232284.35,8.388888889
43260,25249460.91,8.388888889
43275,25266639.69,8.402777778
43290,25283820.69,8.416666667
43305,25301003.91,8.430555556
43320,25318189.36,8.444444444
43335,25346339.64,8.458333333
43350,25374489.91,8.472222222
43365,25402640.19,8.486111111
43380,25430790.47,8.5
43395,25481119.75,8.569444444
43410,25531449.04,8.638888889
43425,25581778.32,8.708333333
43440,25632107.61,8.777777778
43455,25716961.05,8.833333333
43470,25801944.68,8.888888889
43485,25887058.5,8.944444444
43500,25972302.51,9
43515,26031930.56,9.041666667
43530,26091626.8,9.083333333
43545,26151391.24,9.125
43560,26211223.87,9.166666667
43575,26230172.57,9.180555556
43590,26249121.28,9.194444444
43605,26268069.98,9.208333333
43620,26287018.68,9.222222222
43635,26287018.68,9.25
43650,26287018.68,9.277777778
43665,26287018.68,9.305555556
43680,26287018.68,9.333333333
43695,26299938.25,9.305555556
43710,26312857.82,9.277777778
43725,26325777.39,9.25
43740,26338696.96,9.222222222
43755,26341280.88,9.194444444
43770,26343864.79,9.166666667
43785,26346448.7,9.138888889
43800,26349032.62,9.111111111
43815,26318512.67,9.069444444
43830,26288001.91,9.027777778
43845,26257500.34,8.986111111
43860,26227007.96,8.944444444
43875,26198245.84,8.944444444
43890,26169492.31,8.944444444
43905,26140747.35,8.944444444
43920,26112010.96,8.944444444
43935,26038044.13,8.930555556
43950,25964077.3,8.916666667
43965,25890110.48,8.902777778
43980,25816143.65,8.888888889
43995,25724975.23,8.861111111
44010,25633806.81,8.833333333
44025,25542638.39,8.805555556
44040,25451469.97,8.777777778
44055,25323670.56,8.763888889
44070,25196091.77,8.75
44085,25068733.59,8.736111111
44100,24941596.04,8.722222222
44115,24876262.48,8.736111111
44130,24811012.61,8.75
44145,24745846.42,8.763888889
44160,24680763.92,8.777777778
44175,24655189.76,8.833333333
44190,24629615.61,8.888888889
44205,24604041.45,8.944444444
44220,24578467.3,9
44235,24578467.3,9
44250,24578467.3,9
44265,24578467.3,9
44280,24578467.3,9
44295,24593849.28,9
44310,24609136.46,9
44325,24624328.84,9
44340,24639426.41,9
44355,24652709.43,8.986111111
44370,24665891.72,8.972222222
44385,24678973.28,8.958333333
44400,24691954.11,8.944444444
44415,24825942.09,8.944444444
44430,24960264.95,8.944444444
44445,25094922.68,8.944444444
44460,25229915.3,8.944444444
44475,25351174.45,8.986111111
44490,25472672.79,9.027777778
44505,25594410.34,9.069444444
44520,25716387.09,9.111111111
44535,25800520.24,9.222222222
44550,25884780.95,9.333333333
44565,25969169.21,9.444444444
44580,26053685.03,9.555555556
44595,26097224.78,9.555555556
44610,26140794.3,9.555555556
44625,26184393.58,9.555555556
44640,26228022.62,9.555555556
44655,26158276.49,9.527777778
44670,26088529.28,9.5
44685,26018781.01,9.472222222
44700,25949031.67,9.444444444
44715,25855964.97,9.430555556
44730,25762896.85,9.416666667
44745,25669827.3,9.402777778
44760,25576756.32,9.388888889
44775,25514940.15,9.388888889
44790,25452975.29,9.388888889
44805,25390861.73,9.388888889
44820,25328599.48,9.388888889
44835,25291409.68,9.375
44850,25254115.48,9.361111111
44865,25216716.88,9.347222222
44880,25179213.87,9.333333333
44895,25218026.62,9.319444444
44910,25256839.37,9.305555556
44925,25295652.12,9.291666667
44940,25334464.87,9.277777778
44955,25415141.71,9.277777778
44970,25495946.62,9.277777778
44985,25576879.61,9.277777778
45000,25657940.68,9.277777778
45015,25826143.19,9.277777778
45030,25994894.92,9.277777778
45045,26164195.89,9.277777778
45060,26334046.08,9.277777778
45075,26502587.76,9.263888889
45090,26671666.98,9.25
45105,26841283.75,9.236111111
45120,27011438.05,9.222222222
45135,27108333.73,9.222222222
45150,27205385.48,9.222222222
45165,27302593.29,9.222222222
45180,27399957.16,9.222222222
45195,27442761.39,9.25
45210,27485588.56,9.277777778
45225,27528438.69,9.305555556
45240,27571311.77,9.333333333
45255,27624982.78,9.375
45270,27678126.04,9.416666667
45285,27730741.55,9.458333333
45300,27782829.31,9.5
45315,27757044.72,9.597222222
45330,27730092.68,9.694444444
45345,27701973.19,9.791666667
45360,27672686.26,9.888888889
45375,25775608.1,9.916666667
45390,23900693.96,9.944444444
45405,22047943.83,9.972222222
45420,20217357.71,10
45435,18465439.81,10
45450,16725399.85,10
45465,14997237.85,10
45480,13280953.8,10
45495,13407368.83,10.01388889
45510,13528710.22,10.02777778
45525,13644977.96,10.04166667
45540,13756172.05,10.05555556
45555,13894492.93,9.986111111
45570,14028884.61,9.916666667
45585,14159347.07,9.847222222
45600,14285880.31,9.777777778
45615,14164566.52,9.736111111
45630,14035379.19,9.694444444
45645,13898318.33,9.652777778
45660,13753383.93,9.611111111
45675,13556027.37,9.625
45690,13349710.25,9.638888889
45705,13134432.57,9.652777778
45720,12910194.34,9.666666667
45735,12614473.4,9.694444444
45750,12318138.14,9.722222222
45765,12021188.57,9.75
45780,11723624.68,9.777777778
45795,11411649.15,9.791666667
45810,11099031.94,9.805555556
45825,10785773.07,9.819444444
45840,10471872.52,9.833333333
45855,10249238.39,9.861111111
45870,10028713.95,9.888888889
45885,9810299.182,9.916666667
45900,9593994.102,9.944444444
45915,9379798.704,9.930555556
45930,9167712.989,9.916666667
45945,8957736.956,9.902777778
45960,8749870.606,9.888888889
45975,8765215.414,9.847222222
45990,8779852.542,9.805555556
46005,8793781.989,9.763888889
46020,8807003.756,9.722222222
46035,8844427.145,9.708333333
46050,8880859.781,9.694444444
46065,8916301.665,9.680555556
46080,8950752.796,9.666666667
46095,9144859.027,9.666666667
46110,9340489.558,9.666666667
46125,9537644.389,9.666666667
46140,9736323.52,9.666666667
46155,9940895.615,9.666666667
46170,10147036.19,9.666666667
46185,10354745.25,9.666666667
46200,10564022.79,9.666666667
46215,10555720.66,9.666666667
46230,10547339.74,9.666666667
46245,10538880.02,9.666666667
46260,10530341.5,9.666666667
46275,10529546.61,9.75
46290,10528697.44,9.833333333
46305,10527793.99,9.916666667
46320,10526836.26,10
46335,10503768.52,10.09722222
46350,10480705.45,10.19444444
46365,10457647.07,10.29166667
46380,10434593.38,10.38888889
46395,10414877.48,10.40277778
46410,10395152.21,10.41666667
46425,10375417.59,10.43055556
46440,10355673.6,10.44444444
46455,10119507.86,10.375
46470,9886032.292,10.30555556
46485,9655246.899,10.23611111
46500,9427151.68,10.16666667
46515,9183935.113,10.125
46530,8943791.421,10.08333333
46545,8706720.606,10.04166667
46560,8472722.666,10
46575,8567194.282,9.958333333
46590,8661792.74,9.916666667
46605,8756518.039,9.875
46620,8851370.182,9.833333333
46635,8974086.475,9.819444444
46650,9097479.26,9.805555556
46665,9221548.536,9.791666667
46680,9346294.304,9.777777778
46695,9486698.715,9.763888889
46710,9628022.385,9.75
46725,9770265.312,9.736111111
46740,9913427.497,9.722222222
46755,10018125.09,9.708333333
46770,10123367.83,9.694444444
46785,10229155.71,9.680555556
46800,10335488.73,9.666666667
46815,10237281.75,9.666666667
46830,10139541.1,9.666666667
46845,10042266.77,9.666666667
46860,9945458.785,9.666666667
46875,9846892.845,9.666666667
46890,9748816.552,9.666666667
46905,9651229.908,9.666666667
46920,9554132.911,9.666666667
46935,9466798.175,9.652777778
46950,9379571.702,9.638888889
46965,9292453.49,9.625
46980,9205443.54,9.611111111
46995,9138179.774,9.597222222
47010,9070997.936,9.583333333
47025,9003898.026,9.569444444
47040,8936880.044,9.555555556
47055,8791525.088,9.569444444
47070,8646170.131,9.583333333
47085,8500815.174,9.597222222
47100,8355460.217,9.611111111
47115,8210105.26,9.597222222
47130,8064750.303,9.583333333
47145,7919395.346,9.569444444
47160,7774040.389,9.555555556
47175,7774268.892,9.555555556
47190,7774497.394,9.555555556
47205,7774725.896,9.555555556
47220,7774954.399,9.555555556
47235,7775182.901,9.541666667
47250,7775411.403,9.527777778
47265,7775639.906,9.513888889
47280,7775868.408,9.5
47295,7889269.586,9.5
47310,8003087.514,9.5
47325,8117322.191,9.5
47340,8231973.617,9.5
47355,8347041.793,9.513888889
47370,8462526.717,9.527777778
47385,8578428.391,9.541666667
47400,8694746.815,9.555555556
47415,8717458.628,9.611111111
47430,8740170.441,9.666666667
47445,8762882.254,9.722222222
47460,8785594.067,9.777777778
47475,8800550.627,9.833333333
47490,8815507.187,9.888888889
47505,8830463.747,9.944444444
47520,8845420.307,10
47535,8846266.952,9.986111111
47550,8847110.94,9.972222222
47565,8847952.273,9.958333333
47580,8848790.949,9.944444444
47595,8852944.957,9.916666667
47610,8857094.032,9.888888889
47625,8861238.174,9.861111111
47640,8865377.382,9.833333333
47655,8858679.915,9.805555556
47670,8851983.91,9.777777778
47685,8845289.368,9.75
47700,8838596.29,9.722222222
47715,8831904.674,9.708333333
47730,8825214.521,9.694444444
47745,8818525.832,9.680555556
47760,8811838.605,9.666666667
47775,8822840.95,9.666666667
47790,8833816.669,9.666666667
47805,8844765.761,9.666666667
47820,8855688.226,9.666666667
47835,8866584.065,9.638888889
47850,8877453.277,9.611111111
47865,8888295.863,9.583333333
47880,8899111.822,9.555555556
47895,8920103.092,9.583333333
47910,8941094.362,9.611111111
47925,8962085.633,9.638888889
47940,8983076.903,9.666666667
47955,9004068.173,9.722222222
47970,9025059.443,9.777777778
47985,9046050.714,9.833333333
48000,9067041.984,9.888888889
48015,9047052.064,9.930555556
48030,9027062.144,9.972222222
48045,9007072.224,10.01388889
48060,8987082.304,10.05555556
48075,8967092.384,10.04166667
48090,8947102.464,10.02777778
48105,8927112.544,10.01388889
48120,8907122.624,10
48135,8916627.15,9.972222222
48150,8926099.929,9.944444444
48165,8935540.961,9.916666667
48180,8944950.245,9.888888889
48195,8948862.494,9.861111111
48210,8952752.918,9.833333333
48225,8956621.515,9.805555556
48240,8960468.286,9.777777778
48255,9167237.916,9.777777778
48270,9374007.547,9.777777778
48285,9580777.177,9.777777778
48300,9787546.808,9.777777778
48315,9994316.438,9.791666667
48330,10201086.07,9.805555556
48345,10407855.7,9.819444444
48360,10614625.33,9.833333333
48375,10687441.93,9.833333333
48390,10760331.84,9.833333333
48405,10833295.09,9.833333333
48420,10906331.66,9.833333333
48435,10955464.6,9.833333333
48450,11004377.58,9.833333333
48465,11053070.59,9.833333333
48480,11101543.62,9.833333333
48495,11125234.86,9.833333333
48510,11148618.36,9.833333333
48525,11171694.13,9.833333333
48540,11194462.15,9.833333333
48555,11222272.43,9.833333333
48570,11249744.58,9.833333333
48585,11276878.6,9.833333333
48600,11303674.48,9.833333333
48615,11368556.82,9.833333333
48630,11428414.89,9.833333333
48645,11483248.7,9.833333333
48660,11533058.25,9.833333333
48675,11596519.49,9.833333333
48690,11654470.24,9.833333333
48705,11706910.52,9.833333333
48720,11753840.31,9.833333333
48735,11699441.74,9.861111111
48750,11644693.24,9.888888889
48765,11589594.8,9.916666667
48780,11534146.43,9.944444444
48795,11487594.15,10
48810,11440561.72,10.05555556
48825,11393049.16,10.11111111
48840,11345056.46,10.16666667
48855,11270203.6,10.19444444
48870,11195434.68,10.22222222
48885,11120749.7,10.25
48900,11046148.66,10.27777778
48915,10977270.77,10.25
48930,10908469.81,10.22222222
48945,10839745.8,10.19444444
48960,10771098.74,10.16666667
48975,10790878.67,10.13888889
48990,10810293.67,10.11111111
49005,10829343.74,10.08333333
49020,10848028.87,10.05555556
49035,10852492.62,10.05555556
49050,10856452.42,10.05555556
49065,10859908.26,10.05555556
49080,10862860.15,10.05555556
49095,10843595.07,10.05555556
49110,10824203.59,10.05555556
49125,10804685.71,10.05555556
49140,10785041.42,10.05555556
49155,10765270.73,10.04166667
49170,10745373.64,10.02777778
49185,10725350.14,10.01388889
49200,10705200.24,10
49215,10656638.15,9.986111111
49230,10608183.15,9.972222222
49245,10559835.25,9.958333333
49260,10511594.43,9.944444444
49275,10465814.16,9.944444444
49290,10420132.06,9.944444444
49305,10374548.13,9.944444444
49320,10329062.36,9.944444444
49335,10249371.29,9.958333333
49350,10169643.05,9.972222222
49365,10089877.66,9.986111111
49380,10010075.11,10
49395,9934729.728,10.04166667
49410,9859272.87,10.08333333
49425,9783704.531,10.125
49440,9708024.711,10.16666667
49455,9686952.688,10.16666667
49470,9665835.284,10.16666667
49485,9644672.5,10.16666667
49500,9623464.335,10.16666667
49515,9607608.323,10.13888889
49530,9591674.516,10.11111111
49545,9575662.913,10.08333333
49560,9559573.516,10.05555556
49575,9522666.031,10.06944444
49590,9485758.546,10.08333333
49605,9448851.061,10.09722222
49620,9411943.576,10.11111111
49635,9381454.784,10.13888889
49650,9350965.992,10.16666667
49665,9320477.2,10.19444444
49680,9289988.408,10.22222222
49695,9314652.352,10.23611111
49710,9338729.807,10.25
49725,9362220.773,10.26388889
49740,9385125.25,10.27777778
49755,9395256.712,10.29166667
49770,9404634.117,10.30555556
49785,9413257.464,10.31944444
49800,9421126.753,10.33333333
49815,9458662.606,10.33333333
49830,9495957.155,10.33333333
49845,9533010.401,10.33333333
49860,9569822.343,10.33333333
49875,9573767.716,10.33333333
49890,9577085.699,10.33333333
49905,9579776.293,10.33333333
49920,9581839.498,10.33333333
49935,9581521.661,10.34722222
49950,9581196.875,10.36111111
49965,9580865.14,10.375
49980,9580526.455,10.38888889
49995,9580180.822,10.43055556
50010,9579828.239,10.47222222
50025,9579468.706,10.51388889
50040,9579102.225,10.55555556
50055,9539247.225,10.58333333
50070,9498830.158,10.61111111
50085,9457851.025,10.63888889
50100,9416309.826,10.66666667
50115,9382218.703,10.65277778
50130,9347434.365,10.63888889
50145,9311956.811,10.625
50160,9275786.043,10.61111111
50175,9253327.573,10.65277778
50190,9230813.487,10.69444444
50205,9208243.783,10.73611111
50220,9185618.463,10.77777778
50235,9162937.526,10.75
50250,9140200.972,10.72222222
50265,9117408.802,10.69444444
50280,9094561.014,10.66666667
50295,9111119.943,10.625
50310,9127667.351,10.58333333
50325,9144203.237,10.54166667
50340,9160727.603,10.5
50355,9170650.364,10.47222222
50370,9180533.953,10.44444444
50385,9190378.37,10.41666667
50400,9200183.616,10.38888889
50415,9281916.634,10.38888889
50430,9362670.979,10.38888889
50445,9442446.65,10.38888889
50460,9521243.647,10.38888889
50475,9586112.537,10.43055556
50490,9649686.123,10.47222222
50505,9711964.405,10.51388889
50520,9772947.384,10.55555556
50535,9805460.004,10.58333333
50550,9837707.683,10.61111111
50565,9869690.422,10.63888889
50580,9901408.221,10.66666667
50595,9924074.269,10.63888889
50610,9946377.768,10.61111111
50625,9968318.718,10.58333333
50640,9989897.117,10.55555556
50655,10018105.42,10.52777778
50670,10046337.76,10.5
50685,10074594.12,10.47222222
50700,10102874.51,10.44444444
50715,10145253.57,10.44444444
50730,10187671.35,10.44444444
50745,10230127.83,10.44444444
50760,10272623.04,10.44444444
50775,10283956.62,10.43055556
50790,10294823.11,10.41666667
50805,10305222.5,10.40277778
50820,10315154.79,10.38888889
50835,10340926.63,10.38888889
50850,10366090.16,10.38888889
50865,10390645.37,10.38888889
50880,10414592.27,10.38888889
50895,10385840.45,10.38888889
50910,10356786.61,10.38888889
50925,10327430.76,10.38888889
50940,10297772.89,10.38888889
50955,10273835.53,10.38888889
50970,10249529.03,10.38888889
50985,10224853.41,10.38888889
51000,10199808.65,10.38888889
51015,10168571.44,10.38888889
51030,10137381.74,10.38888889
51045,10106239.56,10.38888889
51060,10075144.88,10.38888889
51075,10037050.88,10.38888889
51090,9999028.139,10.38888889
51105,9961076.666,10.38888889
51120,9923196.46,10.38888889
51135,9906799.302,10.40277778
51150,9890183.573,10.41666667
51165,9873349.27,10.43055556
51180,9856296.396,10.44444444
51195,9833106.383,10.5
51210,9809667.441,10.55555556
51225,9785979.569,10.61111111
51240,9762042.767,10.66666667
51255,9767848.198,10.70833333
51270,9773298.212,10.75
51285,9778392.807,10.79166667
51300,9783131.986,10.83333333
51315,9742369.816,10.80555556
51330,9700847.599,10.77777778
51345,9658565.335,10.75
51360,9615523.025,10.72222222
51375,9615322.233,10.72222222
51390,9614155.358,10.72222222
51405,9612022.4,10.72222222
51420,9608923.359,10.72222222
51435,9618943.482,10.72222222
51450,9628190.739,10.72222222
51465,9636665.13,10.72222222
51480,9644366.655,10.72222222
51495,9679879.647,10.70833333
51510,9714969.545,10.69444444
51525,9749636.347,10.68055556
51540,9783880.054,10.66666667
51555,9813645.162,10.68055556
51570,9842933.162,10.69444444
51585,9871744.055,10.70833333
51600,9900077.842,10.72222222
51615,9957979.943,10.72222222
51630,10015940.38,10.72222222
51645,10073959.16,10.72222222
51660,10132036.27,10.72222222
51675,10234046.07,10.76388889
51690,10336566.32,10.80555556
51705,10439597.02,10.84722222
51720,10543138.17,10.88888889
51735,10720734.89,10.90277778
51750,10899118.04,10.91666667
51765,11078287.63,10.93055556
51780,11258243.65,10.94444444
51795,11447722.61,10.93055556
51810,11638033.37,10.91666667
51825,11829175.94,10.90277778
51840,12021150.31,10.88888889
51855,12132222.07,10.86111111
51870,12243569.05,10.83333333
51885,12355191.24,10.80555556
51900,12467088.66,10.77777778
51915,12554130.85,10.81944444
51930,12641374.59,10.86111111
51945,12728819.86,10.90277778
51960,12816466.66,10.94444444
51975,12864586.78,10.93055556
51990,12912790.68,10.91666667
52005,12961078.38,10.90277778
52020,13009449.86,10.88888889
52035,13038470.39,10.83333333
52050,13067521.57,10.77777778
52065,13096603.4,10.72222222
52080,13125715.9,10.66666667
52095,13125715.9,10.66666667
52110,13125715.9,10.66666667
52125,13125715.9,10.66666667
52140,13125715.9,10.66666667
52155,13125715.9,10.68055556
52170,13125715.9,10.69444444
52185,13125715.9,10.70833333
52200,13125715.9,10.72222222
52215,13093039.1,10.75
52230,13060394.04,10.77777778
52245,13027780.74,10.80555556
52260,12995199.18,10.83333333
52275,12965641.67,10.86111111
52290,12936111.94,10.88888889
52305,12906609.98,10.91666667
52320,12877135.81,10.94444444
52335,12861798.38,10.98611111
52350,12846460.94,11.02777778
52365,12831123.51,11.06944444
52380,12815786.08,11.11111111
52395,12819744.31,11.13888889
52410,12823656.3,11.16666667
52425,12827522.06,11.19444444
52440,12831341.57,11.22222222
52455,12835049.49,11.27777778
52470,12838744.66,11.33333333
52485,12842427.07,11.38888889
52500,12846096.73,11.44444444
52515,12858601.8,11.41666667
52530,12871083.91,11.38888889
52545,12883543.06,11.36111111
52560,12895979.25,11.33333333
52575,12931591.76,11.26388889
52590,12967252.15,11.19444444
52605,13002960.41,11.125
52620,13038716.55,11.05555556
52635,13064155.72,11.04166667
52650,13089618.82,11.02777778
52665,13115105.86,11.01388889
52680,13140616.84,11
52695,13144768.98,11.02777778
52710,13148917.41,11.05555556
52725,13153062.14,11.08333333
52740,13157203.17,11.11111111
52755,13153920.63,11.125
52770,13150638.1,11.13888889
52785,13147355.57,11.15277778
52800,13144073.03,11.16666667
52815,13182319.15,11.15277778
52830,13220608.34,11.13888889
52845,13258940.63,11.125
52860,13297315.99,11.11111111
52875,13335734.45,11.11111111
52890,13374195.99,11.11111111
52905,13412700.61,11.11111111
52920,13451248.32,11.11111111
52935,13446466.8,11.09722222
52950,13441685.27,11.08333333
52965,13436903.75,11.06944444
52980,13432122.23,11.05555556
52995,13427340.7,11.05555556
53010,13422559.18,11.05555556
53025,13417777.66,11.05555556
53040,13412996.14,11.05555556
53055,13397167.65,11.05555556
53070,13381339.16,11.05555556
53085,13365510.67,11.05555556
53100,13349682.18,11.05555556
53115,13333853.69,11.06944444
53130,13318025.2,11.08333333
53145,13302196.71,11.09722222
53160,13286368.22,11.11111111
53175,13272949.36,11.11111111
53190,13259527.58,11.11111111
53205,13246102.87,11.11111111
53220,13232675.24,11.11111111
53235,13219244.68,11.13888889
53250,13205811.2,11.16666667
53265,13192374.78,11.19444444
53280,13178935.45,11.22222222
53295,13168116.56,11.25
53310,13157295.92,11.27777778
53325,13146473.52,11.30555556
53340,13135649.37,11.33333333
53355,13124823.47,11.33333333
53370,13113995.8,11.33333333
53385,13103166.38,11.33333333
53400,13092335.21,11.33333333
53415,13093526.94,11.33333333
53430,13094718.6,11.33333333
53445,13095910.2,11.33333333
53460,13097101.74,11.33333333
53475,13086488.96,11.33333333
53490,13075876.62,11.33333333
53505,13065264.74,11.33333333
53520,13054653.3,11.33333333
53535,13065452.99,11.33333333
53550,13076246.45,11.33333333
53565,13087033.7,11.33333333
53580,13097814.73,11.33333333
53595,13124904.83,11.31944444
53610,13152022.9,11.30555556
53625,13179168.96,11.29166667
53640,13206343,11.27777778
53655,13218989.9,11.26388889
53670,13231636.8,11.25
53685,13244283.71,11.23611111
53700,13256930.61,11.22222222
53715,13269577.51,11.20833333
53730,13282224.42,11.19444444
53745,13294871.32,11.18055556
53760,13307518.22,11.16666667
53775,13307518.22,11.16666667
53790,13307518.22,11.16666667
53805,13307518.22,11.16666667
53820,13307518.22,11.16666667
53835,13307518.22,11.16666667
53850,13307518.22,11.16666667
53865,13307518.22,11.16666667
53880,13307518.22,11.16666667
53895,13219602.9,11.18055556
53910,13131687.57,11.19444444
53925,13043772.24,11.20833333
53940,12955856.91,11.22222222
53955,12867941.59,11.22222222
53970,12780026.26,11.22222222
53985,12692110.93,11.22222222
54000,12604195.6,11.22222222
54015,12423806.61,11.26388889
54030,12244206.31,11.30555556
54045,12065394.72,11.34722222
54060,11887371.83,11.38888889
54075,11728716.74,11.40277778
54090,11570390.28,11.41666667
54105,11412392.44,11.43055556
54120,11254723.23,11.44444444
54135,11174861.45,11.47222222
54150,11095211.41,11.5
54165,11015773.11,11.52777778
54180,10936546.56,11.55555556
54195,10863749.9,11.52777778
54210,10791096.69,11.5
54225,10718586.91,11.47222222
54240,10646220.57,11.44444444
54255,10559214.05,11.41666667
54270,10472303.48,11.38888889
54285,10385488.87,11.36111111
54300,10298770.21,11.33333333
54315,10218245.04,11.33333333
54330,10137808.56,11.33333333
54345,10057460.76,11.33333333
54360,9977201.642,11.33333333
54375,10064125.9,11.31944444
54390,10149337.56,11.30555556
54405,10232836.64,11.29166667
54420,10314623.13,11.27777778
54435,10386857.9,11.27777778
54450,10457166,11.27777778
54465,10525547.45,11.27777778
54480,10592002.23,11.27777778
54495,10599364.96,11.29166667
54510,10605454.82,11.30555556
54525,10610271.79,11.31944444
54540,10613815.89,11.33333333
54555,10593440.96,11.36111111
54570,10571438.97,11.38888889
54585,10547809.9,11.41666667
54600,10522553.76,11.44444444
54615,10556012.65,11.43055556
54630,10589488.36,11.41666667
54645,10622980.89,11.40277778
54660,10656490.24,11.38888889
54675,10684137.95,11.43055556
54690,10711768.82,11.47222222
54705,10739382.87,11.51388889
54720,10766980.1,11.55555556
54735,10836778.72,11.61111111
54750,10906438.42,11.66666667
54765,10975959.18,11.72222222
54780,11045341.01,11.77777778
54795,11139671.61,11.77777778
54810,11233819.12,11.77777778
54825,11327783.56,11.77777778
54840,11421564.92,11.77777778
54855,11432127.35,11.77777778
54870,11442616.03,11.77777778
54885,11453030.98,11.77777778
54900,11463372.2,11.77777778
54915,11523334.42,11.79166667
54930,11583083.64,11.80555556
54945,11642619.84,11.81944444
54960,11701943.02,11.83333333
54975,11752156.58,11.84722222
54990,11802370.14,11.86111111
55005,11852583.71,11.875
55020,11902797.27,11.88888889
55035,11961743.62,11.84722222
55050,12020689.98,11.80555556
55065,12079636.33,11.76388889
55080,12138582.69,11.72222222
55095,12224819.44,11.72222222
55110,12311356.08,11.72222222
55125,12398192.61,11.72222222
55140,12485329.01,11.72222222
55155,12519562.89,11.73611111
55170,12553774.38,11.75
55185,12587963.49,11.76388889
55200,12622130.23,11.77777778
55215,12684663.53,11.80555556
55230,12747196.83,11.83333333
55245,12809730.13,11.86111111
55260,12872263.43,11.88888889
55275,12866027.14,11.90277778
55290,12859125.91,11.91666667
55305,12851559.75,11.93055556
55320,12843328.66,11.94444444
55335,12843819.65,11.95833333
55350,12844180.05,11.97222222
55365,12844409.86,11.98611111
55380,12844509.08,12
55395,12836637.58,12
55410,12828600.2,12
55425,12820396.93,12
55440,12812027.77,12
55455,12791803.5,11.98611111
55470,12771595.14,11.97222222
55485,12751402.68,11.95833333
55500,12731226.14,11.94444444
55515,12744077.18,11.94444444
55530,12756888.44,11.94444444
55545,12769659.93,11.94444444
55560,12782391.64,11.94444444
55575,12774639.49,11.93055556
55590,12766887.35,11.91666667
55605,12759135.2,11.90277778
55620,12751383.06,11.88888889
55635,12751447.18,11.84722222
55650,12751501.78,11.80555556
55665,12751546.88,11.76388889
55680,12751582.47,11.72222222
55695,12771428.06,11.72222222
55710,12791207.4,11.72222222
55725,12810920.5,11.72222222
55740,12830567.35,11.72222222
55755,12862568.06,11.70833333
55770,12894477.28,11.69444444
55785,12926295.02,11.68055556
55800,12958021.28,11.66666667
55815,13019877.51,11.65277778
55830,13081831.96,11.63888889
55845,13143884.63,11.625
55860,13206035.51,11.61111111
55875,13251173.28,11.59722222
55890,13296374.96,11.58333333
55905,13341640.57,11.56944444
55920,13386970.1,11.55555556
55935,13411585.36,11.59722222
55950,13436217.09,11.63888889
55965,13460865.28,11.68055556
55980,13485529.92,11.72222222
55995,13500828.93,11.76388889
56010,13516136.17,11.80555556
56025,13531451.64,11.84722222
56040,13546775.34,11.88888889
56055,13549630.67,11.875
56070,13552480.77,11.86111111
56085,13555325.62,11.84722222
56100,13558165.24,11.83333333
56115,13529597.5,11.81944444
56130,13500989.6,11.80555556
56145,13472341.54,11.79166667
56160,13443653.3,11.77777778
56175,13399097.98,11.72222222
56190,13354614.62,11.66666667
56205,13310203.22,11.61111111
56220,13265863.8,11.55555556
56235,13243461.83,11.54166667
56250,13221070.77,11.52777778
56265,13198690.61,11.51388889
56280,13176321.36,11.5
56295,13034171.11,11.5
56310,12892419.37,11.5
56325,12751066.13,11.5
56340,12610111.39,11.5
56355,12490332.8,11.51388889
56370,12370554.21,11.52777778
56385,12250775.62,11.54166667
56400,12130997.03,11.55555556
56415,12011641.69,11.56944444
56430,11892286.34,11.58333333
56445,11772931,11.59722222
56460,11653575.66,11.61111111
56475,11538331.85,11.625
56490,11423002.94,11.63888889
56505,11307588.95,11.65277778
56520,11192089.86,11.66666667
56535,11119606.61,11.68055556
56550,11047355.31,11.69444444
56565,10975335.97,11.70833333
56580,10903548.59,11.72222222
56595,10825474.16,11.70833333
56610,10747680,11.69444444
56625,10670166.14,11.68055556
56640,10592932.55,11.66666667
56655,10530401.24,11.65277778
56670,10467869.93,11.63888889
56685,10405338.63,11.625
56700,10342807.32,11.61111111
56715,10260936.43,11.625
56730,10179065.54,11.63888889
56745,10097194.65,11.65277778
56760,10015323.76,11.66666667
56775,10042624.17,11.72222222
56790,10069853.12,11.77777778
56805,10097010.61,11.83333333
56820,10124096.64,11.88888889
56835,10132727.47,11.95833333
56850,10141153.45,12.02777778
56865,10149374.58,12.09722222
56880,10157390.87,12.16666667
56895,10165507.38,12.16666667
56910,10173604.6,12.16666667
56925,10181682.53,12.16666667
56940,10189741.16,12.16666667
56955,10171039.24,12.125
56970,10152240.85,12.08333333
56985,10133346,12.04166667
57000,10114354.67,12
57015,10134198.24,11.94444444
57030,10154061.21,11.88888889
57045,10173943.56,11.83333333
57060,10193845.32,11.77777778
57075,10204318.02,11.73611111
57090,10214790.72,11.69444444
57105,10225263.42,11.65277778
57120,10235736.13,11.61111111
57135,10145726.18,11.61111111
57150,10056112.57,11.61111111
57165,9966895.283,11.61111111
57180,9878074.321,11.61111111
57195,9789649.687,11.68055556
57210,9701621.379,11.75
57225,9613989.398,11.81944444
57240,9526753.744,11.88888889
57255,9430066.932,11.94444444
57270,9333820.162,12
57285,9238013.435,12.05555556
57300,9142646.752,12.11111111
57315,9079210.157,12.11111111
57330,9015773.563,12.11111111
57345,8952336.969,12.11111111
57360,8888900.374,12.11111111
57375,8864546.44,12.125
57390,8840222.579,12.13888889
57405,8815928.792,12.15277778
57420,8791665.078,12.16666667
57435,8796889.419,12.125
57450,8802088.313,12.08333333
57465,8807261.76,12.04166667
57480,8812409.76,12
57495,8831419.753,11.95833333
57510,8850438.945,11.91666667
57525,8869467.336,11.875
57540,8888504.925,11.83333333
57555,8901374.493,11.875
57570,8914230.262,11.91666667
57585,8927072.234,11.95833333
57600,8939900.408,12
57615,8989636.384,12.01388889
57630,9039427.539,12.02777778
57645,9089273.871,12.04166667
57660,9139175.382,12.05555556
57675,9172583.103,12.01388889
57690,9205886.6,11.97222222
57705,9239085.872,11.93055556
57720,9272180.918,11.88888889
57735,9263783.316,11.86111111
57750,9255275.88,11.83333333
57765,9246658.609,11.80555556
57780,9237931.503,11.77777778
57795,9203005.249,11.77777778
57810,9167864.556,11.77777778
57825,9132509.424,11.77777778
57840,9096939.852,11.77777778
57855,9069856.773,11.79166667
57870,9042797.166,11.80555556
57885,9015761.031,11.81944444
57900,8988748.369,11.83333333
57915,8972230.052,11.83333333
57930,8955724.161,11.83333333
57945,8939230.697,11.83333333
57960,8922749.659,11.83333333
57975,8899110.601,11.83333333
57990,8875464.237,11.83333333
58005,8851810.567,11.83333333
58020,8828149.592,11.83333333
58035,8803192.787,11.80555556
58050,8778235.982,11.77777778
58065,8753279.177,11.75
58080,8728322.372,11.72222222
58095,8711892.736,11.72222222
58110,8695463.099,11.72222222
58125,8679033.463,11.72222222
58140,8662603.827,11.72222222
58155,8646174.19,11.72222222
58170,8629744.554,11.72222222
58185,8613314.918,11.72222222
58200,8596885.282,11.72222222
58215,8565197.931,11.77777778
58230,8533543.032,11.83333333
58245,8501920.585,11.88888889
58260,8470330.588,11.94444444
58275,8447554.284,11.98611111
58290,8424799.614,12.02777778
58305,8402066.578,12.06944444
58320,8379355.177,12.11111111
58335,8378392.225,12.15277778
58350,8377277.442,12.19444444
58365,8376010.827,12.23611111
58380,8374592.38,12.27777778
58395,8386999.374,12.26388889
58410,8399336.008,12.25
58425,8411602.28,12.23611111
58440,8423798.191,12.22222222
58455,8471162.69,12.20833333
58470,8518613.255,12.19444444
58485,8566149.885,12.18055556
58500,8613772.581,12.16666667
58515,8681138.233,12.19444444
58530,8748762.082,12.22222222
58545,8816644.128,12.25
58560,8884784.37,12.27777778
58575,8933004.118,12.26388889
58590,8981345.003,12.25
58605,9029807.025,12.23611111
58620,9078390.182,12.22222222
58635,9116367.761,12.19444444
58650,9154424.341,12.16666667
58665,9192559.923,12.13888889
58680,9230774.507,12.11111111
58695,9273471.833,12.05555556
58710,9316209.354,12
58725,9358987.072,11.94444444
58740,9401804.986,11.88888889
58755,9424378.166,11.86111111
58770,9446970.008,11.83333333
58785,9469580.513,11.80555556
58800,9492209.681,11.77777778
58815,9462161.092,11.79166667
58830,9432158.743,11.80555556
58845,9402202.634,11.81944444
58860,9372292.764,11.83333333
58875,9359921.801,11.875
58890,9347550.838,11.91666667
58905,9335179.874,11.95833333
58920,9322808.911,12
58935,9296751.226,11.95833333
58950,9270724.648,11.91666667
58965,9244729.177,11.875
58980,9218764.813,11.83333333
58995,9200795.314,11.79166667
59010,9182825.816,11.75
59025,9164856.317,11.70833333
59040,9146886.818,11.66666667
59055,9133195.772,11.66666667
59070,9119504.725,11.66666667
59085,9105813.678,11.66666667
59100,9092122.632,11.66666667
59115,9078431.585,11.69444444
59130,9064740.539,11.72222222
59145,9051049.492,11.75
59160,9037358.445,11.77777778
59175,9010693.595,11.75
59190,8984053.336,11.72222222
59205,8957437.67,11.69444444
59220,8930846.596,11.66666667
59235,8912080.052,11.68055556
59250,8893329.159,11.69444444
59265,8874593.914,11.70833333
59280,8855874.32,11.72222222
59295,8869556.058,11.76388889
59310,8883247.781,11.80555556
59325,8896949.489,11.84722222
59340,8910661.182,11.88888889
59355,8921779.672,11.94444444
59370,8932905.073,12
59385,8944037.388,12.05555556
59400,8955176.615,12.11111111
59415,8973796.6,12.125
59430,8992416.585,12.13888889
59445,9011036.57,12.15277778
59460,9029656.555,12.16666667
59475,9048276.54,12.16666667
59490,9066896.525,12.16666667
59505,9085516.51,12.16666667
59520,9104136.495,12.16666667
59535,9132050.773,12.13888889
59550,9159965.051,12.11111111
59565,9187879.329,12.08333333
59580,9215793.606,12.05555556
59595,9243707.884,12.02777778
59610,9271622.162,12
59625,9299536.439,11.97222222
59640,9327450.717,11.94444444
59655,9432662.897,11.95833333
59670,9538280.63,11.97222222
59685,9644303.915,11.98611111
59700,9750732.753,12
59715,9834883.256,12.04166667
59730,9919057.615,12.08333333
59745,10003255.83,12.125
59760,10087477.9,12.16666667
59775,10126623.45,12.15277778
59790,10165669.4,12.13888889
59805,10204615.76,12.125
59820,10243462.52,12.11111111
59835,10292633.37,12.08333333
59850,10341804.21,12.05555556
59865,10390975.06,12.02777778
59880,10440145.9,12
59895,10536724.28,11.98611111
59910,10633588.99,11.97222222
59925,10730740.03,11.95833333
59940,10828177.39,11.94444444
59955,10945719.24,11.95833333
59970,11063620.39,11.97222222
59985,11181880.87,11.98611111
60000,11300500.65,12
60015,11360528.75,12.06944444
60030,11420542.95,12.13888889
60045,11480543.25,12.20833333
60060,11540529.65,12.27777778
60075,11625014.57,12.31944444
60090,11709480.03,12.36111111
60105,11793926.04,12.40277778
60120,11878352.59,12.44444444
60135,11912224.54,12.43055556
60150,11945937.63,12.41666667
60165,11979491.85,12.40277778
60180,12012887.21,12.38888889
60195,12029405.65,12.375
60210,12045816.62,12.36111111
60225,12062120.12,12.34722222
60240,12078316.16,12.33333333
60255,11986763.33,12.31944444
60270,11894848.9,12.30555556
60285,11802572.87,12.29166667
60300,11709935.24,12.27777778
60315,11605389.8,12.26388889
60330,11500705.29,12.25
60345,11395881.69,12.23611111
60360,11290919.02,12.22222222
60375,11191554.51,12.19444444
60390,11092384.04,12.16666667
60405,10993407.61,12.13888889
60420,10894625.24,12.11111111
60435,10793341.61,12.08333333
60450,10692295.16,12.05555556
60465,10591485.87,12.02777778
60480,10490913.76,12
60495,10382395.25,11.98611111
60510,10274331.57,11.97222222
60525,10166722.71,11.95833333
60540,10059568.69,11.94444444
60555,9950277.093,11.91666667
60570,9841455.614,11.88888889
60585,9733104.253,11.86111111
60600,9625223.007,11.83333333
60615,9542400.868,11.81944444
60630,9459795.709,11.80555556
60645,9377407.531,11.79166667
60660,9295236.335,11.77777778
60675,9218379.724,11.75
60690,9141723.562,11.72222222
60705,9065267.85,11.69444444
60720,8989012.586,11.66666667
60735,8999719.479,11.66666667
60750,9010414.082,11.66666667
60765,9021096.396,11.66666667
60780,9031766.421,11.66666667
60795,9047537.926,11.68055556
60810,9063313.528,11.69444444
60825,9079093.227,11.70833333
60840,9094877.022,11.72222222
60855,9133289.436,11.70833333
60870,9171777.185,11.69444444
60885,9210340.269,11.68055556
60900,9248978.689,11.66666667
60915,9273373.647,11.66666667
60930,9297768.605,11.66666667
60945,9322163.563,11.66666667
60960,9346558.521,11.66666667
60975,9379770.317,11.66666667
60990,9413032.359,11.66666667
61005,9446344.645,11.66666667
61020,9479707.175,11.66666667
61035,9513119.951,11.65277778
61050,9546582.972,11.63888889
61065,9580096.237,11.625
61080,9613659.748,11.61111111
61095,9607461.346,11.61111111
61110,9601175.384,11.61111111
61125,9594801.861,11.61111111
61140,9588340.777,11.61111111
61155,9577785.251,11.61111111
61170,9567127.57,11.61111111
61185,9556367.735,11.61111111
61200,9545505.747,11.61111111
61215,9555262.754,11.625
61230,9564920.031,11.63888889
61245,9574477.577,11.65277778
61260,9583935.392,11.66666667
61275,9582396.65,11.66666667
61290,9580696.804,11.66666667
61305,9578835.854,11.66666667
61320,9576813.8,11.66666667
61335,9564379.324,11.69444444
61350,9551366.086,11.72222222
61365,9537774.084,11.75
61380,9523603.32,11.77777778
61395,9514482.832,11.83333333
61410,9504837.419,11.88888889
61425,9494667.082,11.94444444
61440,9483971.82,12
61455,9542575.159,12.02777778
61470,9601357.28,12.05555556
61485,9660318.185,12.08333333
61500,9719457.873,12.11111111
61515,9788907.542,12.11111111
61530,9858591.615,12.11111111
61545,9928510.092,12.11111111
61560,9998662.974,12.11111111
61575,10140618.71,12.05555556
61590,10283311.02,12
61605,10426739.92,11.94444444
61620,10570905.4,11.88888889
61635,10736587.48,11.875
61650,10903146.45,11.86111111
61665,11070582.3,11.84722222
61680,11238895.04,11.83333333
61695,11379568.56,11.80555556
61710,11520778.56,11.77777778
61725,11662525.05,11.75
61740,11804808.02,11.72222222
61755,11918805.1,11.69444444
61770,12033204.55,11.66666667
61785,12148006.36,11.63888889
61800,12263210.54,11.61111111
61815,12305733.96,11.61111111
61830,12348296.06,11.61111111
61845,12390896.83,11.61111111
61860,12433536.29,11.61111111
61875,12456302.72,11.63888889
61890,12479086.43,11.66666667
61905,12501887.42,11.69444444
61920,12524705.69,11.72222222
61935,12462021.9,11.73611111
61950,12399490.63,11.75
61965,12337111.88,11.76388889
61980,12274885.64,11.77777778
61995,12229512.69,11.76388889
62010,12184222.34,11.75
62025,12139014.61,11.73611111
62040,12093889.5,11.72222222
62055,11900467.43,11.72222222
62070,11707365.01,11.72222222
62085,11514582.24,11.72222222
62100,11322119.11,11.72222222
62115,11139737.54,11.73611111
62130,10957355.97,11.75
62145,10774974.41,11.76388889
62160,10592592.84,11.77777778
62175,10477307.2,11.79166667
62190,10362389.91,11.80555556
62205,10247840.97,11.81944444
62220,10133660.38,11.83333333
62235,10040114.58,11.83333333
62250,9946556.885,11.83333333
62265,9852987.312,11.83333333
62280,9759405.856,11.83333333
62295,9696942.609,11.81944444
62310,9634651.219,11.80555556
62325,9572531.686,11.79166667
62340,9510584.01,11.77777778
62355,9443933.273,11.77777778
62370,9377474.034,11.77777778
62385,9311206.292,11.77777778
62400,9245130.048,11.77777778
62415,9251082.026,11.80555556
62430,9256829.586,11.83333333
62445,9262372.728,11.86111111
62460,9267711.453,11.88888889
62475,9261743.51,11.91666667
62490,9255491.16,11.94444444
62505,9248954.403,11.97222222
62520,9242133.239,12
62535,9276144.148,12
62550,9310021.413,12
62565,9343765.033,12
62580,9377375.007,12
62595,9398063.985,11.98611111
62610,9418492.037,11.97222222
62625,9438659.163,11.95833333
62640,9458565.362,11.94444444
62655,9457916.449,11.95833333
62670,9457267.535,11.97222222
62685,9456618.621,11.98611111
62700,9455969.708,12
62715,9441044.694,11.98611111
62730,9426119.68,11.97222222
62745,9411194.666,11.95833333
62760,9396269.652,11.94444444
62775,9301441.133,11.91666667
62790,9207060.209,11.88888889
62805,9113126.882,11.86111111
62820,9019641.15,11.83333333
62835,8927859.397,11.88888889
62850,8836508.662,11.94444444
62865,8745588.945,12
62880,8655100.246,12.05555556
62895,8568779.479,12.13888889
62910,8482762.723,12.22222222
62925,8397049.979,12.30555556
62940,8311641.246,12.38888889
62955,8247848.795,12.36111111
62970,8184018.343,12.33333333
62985,8120149.889,12.30555556
63000,8056243.434,12.27777778
63015,8025357.161,12.26388889
63030,7994529.037,12.25
63045,7963759.063,12.23611111
63060,7933047.239,12.22222222
63075,7908107.929,12.18055556
63090,7883201.485,12.13888889
63105,7858327.909,12.09722222
63120,7833487.2,12.05555556
63135,7875113.162,12.04166667
63150,7916575.908,12.02777778
63165,7957875.438,12.01388889
63180,7999011.751,12
63195,8035288.254,12.04166667
63210,8071339.363,12.08333333
63225,8107165.078,12.125
63240,8142765.4,12.16666667
63255,8210937.908,12.19444444
63270,8279217.947,12.22222222
63285,8347605.516,12.25
63300,8416100.616,12.27777778
63315,8466069.198,12.25
63330,8515876.484,12.22222222
63345,8565522.475,12.19444444
63360,8615007.17,12.16666667
63375,8627718.027,12.13888889
63390,8640411.187,12.11111111
63405,8653086.648,12.08333333
63420,8665744.412,12.05555556
63435,8657875.779,12.04166667
63450,8649908.544,12.02777778
63465,8641842.707,12.01388889
63480,8633678.269,12
63495,8657457.007,12.04166667
63510,8681147.114,12.08333333
63525,8704748.591,12.125
63540,8728261.438,12.16666667
63555,8737592.763,12.19444444
63570,8746871.566,12.22222222
63585,8756097.848,12.25
63600,8765271.607,12.27777778
63615,8723551.134,12.29166667
63630,8681752.659,12.30555556
63645,8639876.184,12.31944444
63660,8597921.707,12.33333333
63675,8552166.851,12.31944444
63690,8506376.54,12.30555556
63705,8460550.774,12.29166667
63720,8414689.553,12.27777778
63735,8372119.005,12.26388889
63750,8329656.042,12.25
63765,8287300.665,12.23611111
63780,8245052.874,12.22222222
63795,8214962.484,12.22222222
63810,8184921.526,12.22222222
63825,8154929.998,12.22222222
63840,8124987.902,12.22222222
63855,8083944.351,12.20833333
63870,8042904.531,12.19444444
63885,8001868.442,12.18055556
63900,7960836.083,12.16666667
63915,7919807.455,12.13888889
63930,7878782.558,12.11111111
63945,7837761.391,12.08333333
63960,7796743.955,12.05555556
63975,7845874.997,12.05555556
63990,7894656.62,12.05555556
64005,7943088.823,12.05555556
64020,7991171.608,12.05555556
64035,8038904.973,12.05555556
64050,8086288.918,12.05555556
64065,8133323.445,12.05555556
64080,8180008.552,12.05555556
64095,8185881.505,12.04166667
64110,8191606.942,12.02777778
64125,8197184.862,12.01388889
64140,8202615.267,12
64155,8206595.935,12
64170,8210420.409,12
64185,8214088.689,12
64200,8217600.776,12
64215,8261529.024,12
64230,8305572.978,12
64245,8349732.636,12
64260,8394007.999,12
64275,8446384.305,12.01388889
64290,8498913.841,12.02777778
64305,8551596.608,12.04166667
64320,8604432.606,12.05555556
64335,8625150.496,12.08333333
64350,8645835.579,12.11111111
64365,8666487.854,12.13888889
64380,8687107.321,12.16666667
64395,8711702.125,12.18055556
64410,8736259.074,12.19444444
64425,8760778.167,12.20833333
64440,8785259.406,12.22222222
64455,8766946.742,12.19444444
64470,8748634.079,12.16666667
64485,8730321.415,12.13888889
64500,8712008.752,12.11111111
64515,8693696.088,12.125
64530,8675383.424,12.13888889
64545,8657070.761,12.15277778
64560,8638758.097,12.16666667
64575,8649072.275,12.16666667
64590,8659277.001,12.16666667
64605,8669372.277,12.16666667
64620,8679358.103,12.16666667
64635,8710006.59,12.19444444
64650,8740462.236,12.22222222
64665,8770725.04,12.25
64680,8800795.003,12.27777778
64695,8838316.477,12.27777778
64710,8875887.373,12.27777778
64725,8913507.691,12.27777778
64740,8951177.431,12.27777778
64755,8982418.109,12.29166667
64770,9013697.694,12.30555556
64785,9045016.185,12.31944444
64800,9076373.583,12.33333333
64815,9075657.824,12.34722222
64830,9074933.79,12.36111111
64845,9074201.481,12.375
64860,9073460.896,12.38888889
64875,9075318.015,12.40277778
64890,9077170.168,12.41666667
64905,9079017.357,12.43055556
64920,9080859.58,12.44444444
64935,9080859.58,12.44444444
64950,9080859.58,12.44444444
64965,9080859.58,12.44444444
64980,9080859.58,12.44444444
64995,9059972.037,12.40277778
65010,9039084.493,12.36111111
65025,9018196.949,12.31944444
65040,8997309.406,12.27777778
65055,9155570.555,12.23611111
65070,9312105.456,12.19444444
65085,9466914.109,12.15277778
65100,9619996.513,12.11111111
65115,9753960.762,12.125
65130,9885508.263,12.13888889
65145,10014639.02,12.15277778
65160,10141353.02,12.16666667
65175,10259038.26,12.25
65190,10371898.71,12.33333333
65205,10479934.36,12.41666667
65220,10583145.23,12.5
65235,10635416.6,12.48611111
65250,10681002.19,12.47222222
65265,10719902,12.45833333
65280,10752116.02,12.44444444
65295,11683131.78,12.44444444
65310,12644887.53,12.44444444
65325,13637383.28,12.44444444
65340,14660619.02,12.44444444
65355,15781076.38,12.48611111
65370,16938579.37,12.52777778
65385,18133128,12.56944444
65400,19364722.26,12.61111111
65415,19978325.34,12.58333333
65430,20563391.07,12.55555556
65445,21119919.44,12.52777778
65460,21647910.46,12.5
65475,21997170.07,12.48611111
65490,22322906.2,12.47222222
65505,22625118.87,12.45833333
65520,22903808.07,12.44444444
65535,22800445.64,12.47222222
65550,22697152.3,12.5
65565,22593928.06,12.52777778
65580,22490772.92,12.55555556
65595,22688067.71,12.51388889
65610,22882884.96,12.47222222
65625,23075224.67,12.43055556
65640,23265086.85,12.38888889
65655,23489783.45,12.36111111
65670,23714423.92,12.33333333
65685,23939008.28,12.30555556
65700,24163536.5,12.27777778
65715,24286918.42,12.25
65730,24410269.15,12.22222222
65745,24533588.7,12.19444444
65760,24656877.08,12.16666667
65775,24915157.45,12.18055556
65790,25174157.6,12.19444444
65805,25433877.54,12.20833333
65820,25694317.26,12.22222222
65835,25774852.48,12.26388889
65850,25855513.39,12.30555556
65865,25936299.97,12.34722222
65880,26017212.22,12.38888889
65895,26012232.81,12.40277778
65910,26007233.87,12.41666667
65925,26002215.39,12.43055556
65940,25997177.39,12.44444444
65955,26038784.34,12.41666667
65970,26080420.59,12.38888889
65985,26122086.13,12.36111111
66000,26163780.97,12.33333333
66015,26158557.94,12.30555556
66030,26153223.22,12.27777778
66045,26147776.8,12.25
66060,26142218.69,12.22222222
66075,26268308.07,12.18055556
66090,26394643.16,12.13888889
66105,26521223.97,12.09722222
66120,26648050.51,12.05555556
66135,26815173.64,12.04166667
66150,26982180.29,12.02777778
66165,27149070.46,12.01388889
66180,27315844.13,12
66195,27508444.9,11.98611111
66210,27700911.98,11.97222222
66225,27893245.37,11.95833333
66240,28085445.08,11.94444444
66255,28191382.74,11.94444444
66270,28297103.14,11.94444444
66285,28402606.29,11.94444444
66300,28507892.18,11.94444444
66315,28512070.51,11.94444444
66330,28516201.44,11.94444444
66345,28520284.96,11.94444444
66360,28524321.09,11.94444444
66375,28515676.01,11.94444444
66390,28507014.25,11.94444444
66405,28498335.81,11.94444444
66420,28489640.67,11.94444444
66435,28487924.9,12
66450,28486182.43,12.05555556
66465,28484413.26,12.11111111
66480,28482617.39,12.16666667
66495,28388837.3,12.20833333
66510,28295186.47,12.25
66525,28201664.89,12.29166667
66540,28108272.56,12.33333333
66555,28024209.83,12.31944444
66570,27940233.26,12.30555556
66585,27856342.86,12.29166667
66600,27772538.64,12.27777778
66615,27672068.56,12.27777778
66630,27571690.07,12.27777778
66645,27471403.17,12.27777778
66660,27371207.86,12.27777778
66675,27244119.74,12.34722222
66690,27117292.29,12.41666667
66705,26990725.52,12.48611111
66720,26864419.43,12.55555556
66735,26770042.96,12.54166667
66750,26675569.29,12.52777778
66765,26580998.4,12.51388889
66780,26486330.3,12.5
66795,26376281.36,12.47222222
66810,26266258.92,12.44444444
66825,26156263,12.41666667
66840,26046293.59,12.38888889
66855,25993126.97,12.34722222
66870,25939983.56,12.30555556
66885,25886863.36,12.26388889
66900,25833766.36,12.22222222
66915,25770004.94,12.16666667
66930,25706305.41,12.11111111
66945,25642667.76,12.05555556
66960,25579092,12
66975,25576777.78,11.98611111
66990,25574378.38,11.97222222
67005,25571893.81,11.95833333
67020,25569324.06,11.94444444
67035,25568780.87,11.94444444
67050,25568146.82,11.94444444
67065,25567421.92,11.94444444
67080,25566606.17,11.94444444
67095,25619373.32,11.95833333
67110,25672020.77,11.97222222
67125,25724548.53,11.98611111
67140,25776956.61,12
67155,25822961.01,12.05555556
67170,25868855.97,12.11111111
67185,25914641.51,12.16666667
67200,25960317.61,12.22222222
67215,25998915.89,12.26388889
67230,26037454.01,12.30555556
67245,26075931.98,12.34722222
67260,26114349.79,12.38888889
67275,26140205.65,12.41666667
67290,26166015.51,12.44444444
67305,26191779.36,12.47222222
67320,26217497.21,12.5
67335,26184204.17,12.45833333
67350,26150836.9,12.41666667
67365,26117395.4,12.375
67380,26083879.67,12.33333333
67395,26025576.02,12.34722222
67410,25967297.11,12.36111111
67425,25909042.95,12.375
67440,25850813.53,12.38888889
67455,25240059.85,12.34722222
67470,24629875.14,12.30555556
67485,24020259.42,12.26388889
67500,23411212.67,12.22222222
67515,22813595.08,12.19444444
67530,22215977.48,12.16666667
67545,21618359.89,12.13888889
67560,21020742.29,12.11111111
67575,20349341.53,12.13888889
67590,19683215.78,12.16666667
67605,19022365.03,12.19444444
67620,18366789.3,12.22222222
67635,17742380.4,12.26388889
67650,17121595.2,12.30555556
67665,16504433.71,12.34722222
67680,15890895.91,12.38888889
67695,15417974.07,12.33333333
67710,14950860.18,12.27777778
67725,14489554.25,12.22222222
67740,14034056.28,12.16666667
67755,13578139.76,12.125
67770,13128142.25,12.08333333
67785,12684063.76,12.04166667
67800,12245904.27,12
67815,11928394.37,12.04166667
67830,11612338.57,12.08333333
67845,11297736.87,12.125
67860,10984589.28,12.16666667
67875,10665715.91,12.19444444
67890,10348333.45,12.22222222
67905,10032441.91,12.25
67920,9718041.287,12.27777778
67935,9658522.997,12.29166667
67950,9598413.633,12.30555556
67965,9537713.194,12.31944444
67980,9476421.68,12.33333333
67995,9407298.53,12.30555556
68010,9337537.947,12.27777778
68025,9267139.93,12.25
68040,9196104.479,12.22222222
68055,9224741.707,12.25
68070,9253309.937,12.27777778
68085,9281809.168,12.30555556
68100,9310239.4,12.33333333
68115,9331142.68,12.38888889
68130,9351917.819,12.44444444
68145,9372564.818,12.5
68160,9393083.677,12.55555556
68175,9470786.615,12.56944444
68190,9548686.601,12.58333333
68205,9626783.635,12.59722222
68220,9705077.717,12.61111111
68235,9787371.737,12.61111111
68250,9869874.627,12.61111111
68265,9952586.388,12.61111111
68280,10035507.02,12.61111111
68295,10201277.02,12.59722222
68310,10368156.02,12.58333333
68325,10536144.04,12.56944444
68340,10705241.06,12.55555556
68355,10863310.82,12.52777778
68370,11022219.84,12.5
68385,11181968.1,12.47222222
68400,11342555.61,12.44444444
68415,11699318.29,12.43055556
68430,12057200.08,12.41666667
68445,12416200.98,12.40277778
68460,12776320.99,12.38888889
68475,13039918.8,12.375
68490,13299578.98,12.36111111
68505,13555301.55,12.34722222
68520,13807086.49,12.33333333
68535,13915596.89,12.33333333
68550,14023205.57,12.33333333
68565,14129912.53,12.33333333
68580,14235717.77,12.33333333
68595,14375181.39,12.34722222
68610,14514457.14,12.36111111
68625,14653545.04,12.375
68640,14792445.08,12.38888889
68655,15449214.15,12.44444444
68670,16110268.52,12.5
68685,16775608.2,12.55555556
68700,17445233.2,12.61111111
68715,18101965.34,12.61111111
68730,18762862.64,12.61111111
68745,19427925.11,12.61111111
68760,20097152.73,12.61111111
68775,20412071.8,12.55555556
68790,20728642.31,12.5
68805,21046864.25,12.44444444
68820,21366737.62,12.38888889
68835,21678457.61,12.31944444
68850,21991764.52,12.25
68865,22306658.36,12.18055556
68880,22623139.12,12.11111111
68895,22540518.38,12.06944444
68910,22457473.63,12.02777778
68925,22374004.88,11.98611111
68940,22290112.12,11.94444444
68955,22309668.1,11.93055556
68970,22329158.58,11.91666667
68985,22348583.57,11.90277778
69000,22367943.06,11.88888889
69015,22115403.74,11.875
69030,21862886.99,11.86111111
69045,21610392.83,11.84722222
69060,21357921.25,11.83333333
69075,21198326.85,11.875
69090,21036542.15,11.91666667
69105,20872567.14,11.95833333
69120,20706401.82,12
69135,20219216.45,12
69150,19735878.89,12
69165,19256389.12,12
69180,18780747.16,12
69195,18302325.02,12.04166667
69210,17828023.09,12.08333333
69225,17357841.37,12.125
69240,16891779.86,12.16666667
69255,16372844.57,12.16666667
69270,15860366.21,12.16666667
69285,15354344.79,12.16666667
69300,14854780.29,12.16666667
69315,14318508.83,12.16666667
69330,13789464.88,12.16666667
69345,13267648.44,12.16666667
69360,12753059.51,12.16666667
69375,12934756.32,12.16666667
69390,13100690.33,12.16666667
69405,13250861.54,12.16666667
69420,13385269.94,12.16666667
69435,13483631.79,12.18055556
69450,13565070.38,12.19444444
69465,13629585.71,12.20833333
69480,13677177.8,12.22222222
69495,13816494.33,12.23611111
69510,13955479.86,12.25
69525,14094134.39,12.26388889
69540,14232457.91,12.27777778
69555,14380144.48,12.27777778
69570,14527706.91,12.27777778
69585,14675145.22,12.27777778
69600,14822459.41,12.27777778
69615,15707803.35,12.27777778
69630,16601298.36,12.27777778
69645,17502944.43,12.27777778
69660,18412741.58,12.27777778
69675,19330689.79,12.26388889
69690,20256789.07,12.25
69705,21191039.42,12.23611111
69720,22133440.84,12.22222222
69735,22514171.36,12.25
69750,22890748.34,12.27777778
69765,23263171.77,12.30555556
69780,23631441.65,12.33333333
69795,23991484.72,12.33333333
69810,24347410.37,12.33333333
69825,24699218.58,12.33333333
69840,25046909.36,12.33333333
69855,24361906.5,12.30555556
69870,23676903.64,12.27777778
69885,22991900.78,12.25
69900,22306897.92,12.22222222
69915,21686080.72,12.19444444
69930,21061196.6,12.16666667
69945,20432245.54,12.13888889
69960,19799227.56,12.11111111
69975,19071090.81,12.08333333
69990,18355373.81,12.05555556
70005,17652076.55,12.02777778
70020,16961199.03,12
70035,16291027.98,12.01388889
70050,15632823.67,12.02777778
70065,14986586.11,12.04166667
70080,14352315.29,12.05555556
70095,14363958.81,12.08333333
70110,14355518.38,12.11111111
70125,14326993.99,12.13888889
70140,14278385.65,12.16666667
70155,14172242.57,12.18055556
70170,14044221.09,12.19444444
70185,13894321.21,12.20833333
70200,13722542.94,12.22222222
70215,13770351.53,12.33333333
70230,13804973.41,12.44444444
70245,13826408.57,12.55555556
70260,13834657.02,12.66666667
70275,13722511.63,12.66666667
70290,13592586.41,12.66666667
70305,13444881.34,12.66666667
70320,13279396.44,12.66666667
70335,13452041.92,12.63888889
70350,13625651.19,12.61111111
70365,13800224.23,12.58333333
70380,13975761.07,12.55555556
70395,14121510.52,12.61111111
70410,14267701.02,12.66666667
70425,14414332.58,12.72222222
70440,14561405.2,12.77777778
70455,15323973.79,12.83333333
70470,16089899.56,12.88888889
70485,16859182.5,12.94444444
70500,17631822.61,13
70515,18447693.87,13.04166667
70530,19267104.26,13.08333333
70545,20090053.79,13.125
70560,20916542.45,13.16666667
70575,21164447.31,13.11111111
70590,21413637.03,13.05555556
70605,21664111.62,13
70620,21915871.08,12.94444444
70635,22271217.75,12.84722222
70650,22628623.31,12.75
70665,22988087.75,12.65277778
70680,23349611.08,12.55555556
70695,23542507.23,12.5
70710,23736148.41,12.44444444
70725,23930534.63,12.38888889
70740,24125665.87,12.33333333
70755,24440401.24,12.30555556
70770,24757073.7,12.27777778
70785,25075683.25,12.25
70800,25396229.87,12.22222222
70815,25704301.53,12.25
70830,26013768.36,12.27777778
70845,26324630.35,12.30555556
70860,26636887.52,12.33333333
70875,26854311.37,12.30555556
70890,27072556.67,12.27777778
70905,27291623.43,12.25
70920,27511511.64,12.22222222
70935,27123548.29,12.20833333
70950,26734463.2,12.19444444
70965,26344256.37,12.18055556
70980,25952927.82,12.16666667
70995,25458647.02,12.16666667
71010,24966643.67,12.16666667
71025,24476917.78,12.16666667
71040,23989469.35,12.16666667
71055,22714636.91,12.20833333
71070,21473002.83,12.25
71085,20264567.09,12.29166667
71100,19089329.7,12.33333333
71115,18008814.98,12.30555556
71130,16956701.89,12.27777778
71145,15932990.43,12.25
71160,14937680.6,12.22222222
71175,14251847.61,12.23611111
71190,13580000.35,12.25
71205,12922138.8,12.26388889
71220,12278262.98,12.27777778
71235,11674844.95,12.29166667
71250,11084563.73,12.30555556
71265,10507419.34,12.31944444
71280,9943411.755,12.33333333
71295,9856681.677,12.36111111
71310,9767493.759,12.38888889
71325,9675848.001,12.41666667
71340,9581744.403,12.44444444
71355,9477335.323,12.45833333
71370,9370353.192,12.47222222
71385,9260798.01,12.48611111
71400,9148669.776,12.5
71415,9512899.038,12.48611111
71430,9876307.146,12.47222222
71445,10238894.1,12.45833333
71460,10600659.9,12.44444444
71475,10945499.93,12.43055556
71490,11288423.93,12.41666667
71505,11629431.91,12.40277778
71520,11968523.86,12.38888889
71535,12394272.37,12.38888889
71550,12827263.48,12.38888889
71565,13267497.19,12.38888889
71580,13714973.49,12.38888889
71595,14129678.46,12.41666667
71610,14550527.87,12.44444444
71625,14977521.73,12.47222222
71640,15410660.02,12.5
71655,16288502.77,12.5
71670,17172808.7,12.5
71685,18063577.79,12.5
71700,18960810.05,12.5
71715,19757271.95,12.5
71730,20559361.54,12.5
71745,21367078.81,12.5
71760,22180423.77,12.5
71775,22493260.75,12.52777778
71790,22806364.33,12.55555556
71805,23119734.5,12.58333333
71820,23433371.27,12.61111111
71835,23628292.09,12.61111111
71850,23823375.03,12.61111111
71865,24018620.09,12.61111111
71880,24214027.27,12.61111111
71895,23918115.41,12.58333333
71910,23622700.38,12.55555556
71925,23327782.17,12.52777778
71940,23033360.78,12.5
71955,22980725.13,12.5
71970,22928147.16,12.5
71985,22875626.88,12.5
72000,22823164.29,12.5
72015,22922676.94,12.51388889
72030,23022404.79,12.52777778
72045,23122347.84,12.54166667
72060,23222506.08,12.55555556
72075,23407468.68,12.52777778
72090,23593038.61,12.5
72105,23779215.88,12.47222222
72120,23966000.49,12.44444444
72135,24329322.81,12.43055556
72150,24695091.07,12.41666667
72165,25063305.27,12.40277778
72180,25433965.4,12.38888889
72195,25689897.32,12.375
72210,25947110.45,12.36111111
72225,26205604.79,12.34722222
72240,26465380.33,12.33333333
72255,26564611.95,12.31944444
72270,26663982.05,12.30555556
72285,26763490.65,12.29166667
72300,26863137.73,12.27777778
72315,26843450.12,12.27777778
72330,26823680.23,12.27777778
72345,26803828.04,12.27777778
72360,26783893.57,12.27777778
72375,26622033.19,12.27777778
72390,26460098.88,12.27777778
72405,26298090.64,12.27777778
72420,26136008.48,12.27777778
72435,26041452.88,12.27777778
72450,25946853.11,12.27777778
72465,25852209.18,12.27777778
72480,25757521.09,12.27777778
72495,25645582.11,12.27777778
72510,25533545.34,12.27777778
72525,25421410.76,12.27777778
72540,25309178.38,12.27777778
72555,25260255.74,12.27777778
72570,25211285.95,12.27777778
72585,25162269.01,12.27777778
72600,25113204.92,12.27777778
72615,25208187.57,12.27777778
72630,25303254.24,12.27777778
72645,25398404.91,12.27777778
72660,25493639.6,12.27777778
72675,25621878.6,12.27777778
72690,25750235.21,12.27777778
72705,25878709.44,12.27777778
72720,26007301.27,12.27777778
72735,26181507.36,12.26388889
72750,26355844.24,12.25
72765,26530311.91,12.23611111
72780,26704910.37,12.22222222
72795,26831186.01,12.20833333
72810,26957553.83,12.19444444
72825,27084013.81,12.18055556
72840,27210565.96,12.16666667
72855,27271314.44,12.15277778
72870,27332103.45,12.13888889
72885,27392932.99,12.125
72900,27453803.06,12.11111111
72915,27503665.79,12.09722222
72930,27553560.05,12.08333333
72945,27603485.82,12.06944444
72960,27653443.13,12.05555556
72975,27661417.25,12.05555556
72990,27669388.91,12.05555556
73005,27677358.1,12.05555556
73020,27685324.82,12.05555556
73035,27682233.87,12.05555556
73050,27679142.91,12.05555556
73065,27676051.96,12.05555556
73080,27672961.01,12.05555556
73095,27602978.41,12.06944444
73110,27533081.9,12.08333333
73125,27463271.51,12.09722222
73140,27393547.21,12.11111111
73155,27323909.02,12.11111111
73170,27254356.92,12.11111111
73185,27184890.93,12.11111111
73200,27115511.05,12.11111111
73215,27048236.8,12.04166667
73230,26981044.9,11.97222222
73245,26913935.32,11.90277778
73260,26846908.09,11.83333333
73275,26766904.56,11.76388889
73290,26687019.97,11.69444444
73305,26607254.31,11.625
73320,26527607.57,11.55555556
73335,26467788.49,11.48611111
73350,26408015.33,11.41666667
73365,26348288.09,11.34722222
73380,26288606.77,11.27777778
73395,26235415.83,11.22222222
73410,26182247.86,11.16666667
73425,26129102.84,11.11111111
73440,26075980.78,11.05555556
73455,26062816.14,11
73470,26049564.36,10.94444444
73485,26036225.46,10.88888889
73500,26022799.42,10.83333333
73515,25992326.9,10.88888889
73530,25961820.86,10.94444444
73545,25931281.32,11
73560,25900708.26,11.05555556
73575,25901361.02,11.11111111
73590,25901980.49,11.16666667
73605,25902566.68,11.22222222
73620,25903119.58,11.27777778
73635,25914146.93,11.27777778
73650,25925124.34,11.27777778
73665,25936051.84,11.27777778
73680,25946929.41,11.27777778
73695,25989908.73,11.26388889
73710,26032888.05,11.25
73725,26075867.37,11.23611111
73740,26118846.68,11.22222222
73755,26136667.38,11.19444444
73770,26154488.07,11.16666667
73785,26172308.76,11.13888889
73800,26190129.46,11.11111111
73815,26209209.14,11.11111111
73830,26228271.82,11.11111111
73845,26247317.51,11.11111111
73860,26266346.2,11.11111111
73875,26287451.17,11.13888889
73890,26308537.84,11.16666667
73905,26329606.2,11.19444444
73920,26350656.26,11.22222222
73935,26357925.74,11.23611111
73950,26365185.22,11.25
73965,26372434.68,11.26388889
73980,26379674.13,11.27777778
73995,26409871.39,11.30555556
74010,26440043.96,11.33333333
74025,26470191.84,11.36111111
74040,26500315.01,11.38888889
74055,26497250.5,11.38888889
74070,26494166.53,11.38888889
74085,26491063.11,11.38888889
74100,26487940.22,11.38888889
74115,26482718.85,11.375
74130,26477480.8,11.36111111
74145,26472226.07,11.34722222
74160,26466954.66,11.33333333
74175,26478804.76,11.31944444
74190,26490635.95,11.30555556
74205,26502448.23,11.29166667
74220,26514241.6,11.27777778
74235,26503239.84,11.26388889
74250,26492238.08,11.25
74265,26481236.32,11.23611111
74280,26470234.56,11.22222222
74295,26470293.08,11.20833333
74310,26470351.6,11.19444444
74325,26470410.12,11.18055556
74340,26470468.64,11.16666667
74355,26470527.16,11.16666667
74370,26470585.68,11.16666667
74385,26470644.2,11.16666667
74400,26470702.72,11.16666667
74415,26454902.32,11.15277778
74430,26439101.92,11.13888889
74445,26423301.52,11.125
74460,26407501.12,11.11111111
74475,26402009.98,11.11111111
74490,26396506.49,11.11111111
74505,26390990.66,11.11111111
74520,26385462.49,11.11111111
74535,26378514.75,11.09722222
74550,26371553.56,11.08333333
74565,26364578.94,11.06944444
74580,26357590.87,11.05555556
74595,26340332.23,11.04166667
74610,26323073.58,11.02777778
74625,26305814.94,11.01388889
74640,26288556.29,11
74655,26298793.27,11
74670,26309030.25,11
74685,26319267.22,11
74700,26329504.2,11
74715,26352025.55,10.98611111
74730,26374546.9,10.97222222
74745,26397068.25,10.95833333
74760,26419589.6,10.94444444
74775,26406669.59,10.91666667
74790,26393749.58,10.88888889
74805,26380829.57,10.86111111
74820,26367909.56,10.83333333
74835,26379498.22,10.80555556
74850,26391062.85,10.77777778
74865,26402603.45,10.75
74880,26414120.02,10.72222222
74895,26414120.02,10.72222222
74910,26414120.02,10.72222222
74925,26414120.02,10.72222222
74940,26414120.02,10.72222222
74955,26426356.34,10.72222222
74970,26438592.65,10.72222222
74985,26450828.96,10.72222222
75000,26463065.27,10.72222222
75015,26448946.01,10.69444444
75030,26434826.74,10.66666667
75045,26420707.47,10.63888889
75060,26406588.21,10.61111111
75075,26392468.94,10.58333333
75090,26378349.67,10.55555556
75105,26364230.41,10.52777778
75120,26350111.14,10.5
75135,26333322.27,10.48611111
75150,26316533.39,10.47222222
75165,26299744.51,10.45833333
75180,26282955.64,10.44444444
75195,26276287.82,10.45833333
75210,26269607.06,10.47222222
75225,26262913.36,10.48611111
75240,26256206.73,10.5
75255,26263395.87,10.55555556
75270,26270582.77,10.61111111
75285,26277767.43,10.66666667
75300,26284949.85,10.72222222
75315,26292130.03,10.76388889
75330,26299307.97,10.80555556
75345,26306483.67,10.84722222
75360,26313657.13,10.88888889
75375,26324457.47,10.91666667
75390,26335233.13,10.94444444
75405,26345984.09,10.97222222
75420,26356710.37,11
75435,26343251.23,10.95833333
75450,26329792.08,10.91666667
75465,26316332.94,10.875
75480,26302873.8,10.83333333
75495,26298984.92,10.81944444
75510,26295092.64,10.80555556
75525,26291196.95,10.79166667
75540,26287297.86,10.77777778
75555,26263326.34,10.79166667
75570,26239365.03,10.80555556
75585,26215413.95,10.81944444
75600,26191473.08,10.83333333
75615,26189459.94,10.83333333
75630,26187433.92,10.83333333
75645,26185395,10.83333333
75660,26183343.19,10.83333333
75675,26169281.56,10.80555556
75690,26155219.94,10.77777778
75705,26141158.31,10.75
75720,26127096.69,10.72222222
75735,26090196.54,10.68055556
75750,26053321.99,10.63888889
75765,26016473.04,10.59722222
75780,25979649.7,10.55555556
75795,25942851.95,10.52777778
75810,25906079.82,10.5
75825,25869333.28,10.47222222
75840,25832612.34,10.44444444
75855,25793655.73,10.45833333
75870,25754727.49,10.47222222
75885,25715827.64,10.48611111
75900,25676956.17,10.5
75915,25649960.63,10.51388889
75930,25622972.2,10.52777778
75945,25595990.86,10.54166667
75960,25569016.61,10.55555556
75975,25579330.99,10.56944444
75990,25589626.17,10.58333333
76005,25599902.13,10.59722222
76020,25610158.88,10.61111111
76035,25608606.99,10.625
76050,25607046.36,10.63888889
76065,25605477.01,10.65277778
76080,25603898.92,10.66666667
76095,25552949.28,10.625
76110,25502017.28,10.58333333
76125,25451102.94,10.54166667
76140,25400206.24,10.5
76155,25322102.25,10.47222222
76170,25244114.74,10.44444444
76185,25166243.71,10.41666667
76200,25088489.14,10.38888889
76215,25082919.26,10.34722222
76230,25077342.73,10.30555556
76245,25071759.53,10.26388889
76260,25066169.69,10.22222222
76275,25039350.94,10.18055556
76290,25012546.46,10.13888889
76305,24985756.24,10.09722222
76320,24958980.28,10.05555556
76335,24926638.51,10.05555556
76350,24894317.66,10.05555556
76365,24862017.73,10.05555556
76380,24829738.72,10.05555556
76395,24797480.63,10.04166667
76410,24765243.46,10.02777778
76425,24733027.21,10.01388889
76440,24700831.89,10
76455,24701626.24,10.02777778
76470,24702413.77,10.05555556
76485,24703194.5,10.08333333
76500,24703968.41,10.11111111
76515,24702822.94,10.125
76530,24701672.01,10.13888889
76545,24700515.64,10.15277778
76560,24699353.82,10.16666667
76575,24602331.31,10.15277778
76590,24505269.44,10.13888889
76605,24408168.2,10.125
76620,24311027.61,10.11111111
76635,24193264.8,10.13888889
76650,24075635.83,10.16666667
76665,23958140.69,10.19444444
76680,23840779.39,10.22222222
76695,23816536.42,10.23611111
76710,23792207.21,10.25
76725,23767791.75,10.26388889
76740,23743290.05,10.27777778
76755,23724190.85,10.30555556
76770,23704983.84,10.33333333
76785,23685669.03,10.36111111
76800,23666246.42,10.38888889
76815,23579137.1,10.38888889
76830,23491872.68,10.38888889
76845,23404453.16,10.38888889
76860,23316878.54,10.38888889
76875,23216370.01,10.40277778
76890,23115687.49,10.41666667
76905,23014830.99,10.43055556
76920,22913800.5,10.44444444
76935,23001785.31,10.47222222
76950,23089909.71,10.5
76965,23178173.7,10.52777778
76980,23266577.28,10.55555556
76995,23344081.31,10.55555556
77010,23421700.3,10.55555556
77025,23499434.24,10.55555556
77040,23577283.14,10.55555556
77055,23708970.69,10.55555556
77070,23840922.35,10.55555556
77085,23973138.12,10.55555556
77100,24105618.02,10.55555556
77115,24238362.03,10.55555556
77130,24371370.16,10.55555556
77145,24504642.4,10.55555556
77160,24638178.77,10.55555556
77175,24666159.74,10.56944444
77190,24694140.71,10.58333333
77205,24722121.68,10.59722222
77220,24750102.65,10.61111111
77235,24778083.63,10.59722222
77250,24806064.6,10.58333333
77265,24834045.57,10.56944444
77280,24862026.54,10.55555556
77295,24862026.54,10.54166667
77310,24862026.54,10.52777778
77325,24862026.54,10.51388889
77340,24862026.54,10.5
77355,24862026.54,10.5
77370,24862026.54,10.5
77385,24862026.54,10.5
77400,24862026.54,10.5
77415,24813804.37,10.48611111
77430,24765537.41,10.47222222
77445,24717225.67,10.45833333
77460,24668869.14,10.44444444
77475,24620467.82,10.43055556
77490,24572021.72,10.41666667
77505,24523530.83,10.40277778
77520,24474995.16,10.38888889
77535,24401358.87,10.375
77550,24327805.94,10.36111111
77565,24254336.35,10.34722222
77580,24180950.12,10.33333333
77595,24130016.59,10.30555556
77610,24079132.51,10.27777778
77625,24028297.88,10.25
77640,23977512.69,10.22222222
77655,23940237.21,10.16666667
77670,23902989.59,10.11111111
77685,23865769.85,10.05555556
77700,23828577.97,10
77715,23787705.83,9.944444444
77730,23746866.2,9.888888889
77745,23706059.09,9.833333333
77760,23665284.5,9.777777778
77775,23631745.88,9.75
77790,23598228.55,9.722222222
77805,23564732.51,9.694444444
77820,23531257.75,9.666666667
77835,23519958.09,9.652777778
77850,23508658.42,9.638888889
77865,23497358.76,9.625
77880,23486059.1,9.611111111
77895,23463875.4,9.611111111
77910,23441678.81,9.611111111
77925,23419469.33,9.611111111
77940,23397246.95,9.611111111
77955,23430380.84,9.638888889
77970,23463527.62,9.666666667
77985,23496687.29,9.694444444
78000,23529859.85,9.722222222
78015,23551810.09,9.763888889
78030,23573751.76,9.805555556
78045,23595684.84,9.847222222
78060,23617609.35,9.888888889
78075,23626607.51,9.930555556
78090,23635601.38,9.972222222
78105,23644590.96,10.01388889
78120,23653576.25,10.05555556
78135,23602825.7,10.06944444
78150,23552127.45,10.08333333
78165,23501481.49,10.09722222
78180,23450887.85,10.11111111
78195,23391183.55,10.11111111
78210,23331555.32,10.11111111
78225,23272003.18,10.11111111
78240,23212527.11,10.11111111
78255,23114803.15,10.09722222
78270,23017281.39,10.08333333
78285,22919961.82,10.06944444
78300,22822844.44,10.05555556
78315,22702413.74,10.04166667
78330,22582271.42,10.02777778
78345,22462417.46,10.01388889
78360,22342851.88,10
78375,22193956.87,10.01388889
78390,22045524.15,10.02777778
78405,21897553.71,10.04166667
78420,21750045.56,10.05555556
78435,21622545.9,10.05555556
78450,21495411.66,10.05555556
78465,21368642.85,10.05555556
78480,21242239.46,10.05555556
78495,21170681.67,10.04166667
78510,21099244.45,10.02777778
78525,21027927.83,10.01388889
78540,20956731.8,10
78555,20894403.17,9.986111111
78570,20832166.42,9.972222222
78585,20770021.54,9.958333333
78600,20707968.54,9.944444444
78615,20722212.39,9.902777778
78630,20736435.25,9.861111111
78645,20750637.13,9.819444444
78660,20764818.02,9.777777778
78675,20761609.28,9.75
78690,20758395.1,9.722222222
78705,20755175.48,9.694444444
78720,20751950.42,9.666666667
78735,20737573.13,9.680555556
78750,20723077.41,9.694444444
78765,20708463.25,9.708333333
78780,20693730.66,9.722222222
78795,20666863.52,9.736111111
78810,20639928.19,9.75
78825,20612924.67,9.763888889
78840,20585852.96,9.777777778
78855,20478881.51,9.805555556
78870,20372059.21,9.833333333
78885,20265386.03,9.861111111
78900,20158862,9.888888889
78915,20052487.09,9.888888889
78930,19946261.32,9.888888889
78945,19840184.69,9.888888889
78960,19734257.19,9.888888889
78975,19582294.29,9.875
78990,19430794.52,9.861111111
79005,19279757.89,9.847222222
79020,19129184.38,9.833333333
79035,18982273.72,9.819444444
79050,18835789.13,9.805555556
79065,18689730.63,9.791666667
79080,18544098.2,9.777777778
79095,18402929.68,9.791666667
79110,18262295.16,9.805555556
79125,18122194.65,9.819444444
79140,17982628.14,9.833333333
79155,17838978.32,9.833333333
79170,17695902.06,9.833333333
79185,17553399.37,9.833333333
79200,17411470.23,9.833333333
79215,17273847.23,9.833333333
79230,17136770.18,9.833333333
79245,17000239.09,9.833333333
79260,16864253.95,9.833333333
79275,16734773.39,9.833333333
79290,16605791.3,9.833333333
79305,16477307.7,9.833333333
79320,16349322.57,9.833333333
79335,16243604.06,9.833333333
79350,16138217.33,9.833333333
79365,16033162.37,9.833333333
79380,15928439.2,9.833333333
79395,15824047.81,9.833333333
79410,15719988.2,9.833333333
79425,15616260.37,9.833333333
79440,15512864.32,9.833333333
79455,15342268.05,9.819444444
79470,15172613.43,9.805555556
79485,15003900.46,9.791666667
79500,14836129.13,9.777777778
79515,14645738.76,9.75
79530,14456568.44,9.722222222
79545,14268618.16,9.694444444
79560,14081887.93,9.666666667
79575,13898770.31,9.666666667
79590,13716819.23,9.666666667
79605,13536034.68,9.666666667
79620,13356416.66,9.666666667
79635,13213328.19,9.666666667
79650,13070848.81,9.666666667
79665,12928978.49,9.666666667
79680,12787717.25,9.666666667
79695,12717423.65,9.666666667
79710,12647305.17,9.666666667
79725,12577361.81,9.666666667
79740,12507593.57,9.666666667
79755,12453069.2,9.680555556
79770,12398609.36,9.694444444
79785,12344214.03,9.708333333
79800,12289883.22,9.722222222
79815,12217670.86,9.708333333
79830,12145661.87,9.694444444
79845,12073856.24,9.680555556
79860,12002253.98,9.666666667
79875,11925975.89,9.666666667
79890,11849936.54,9.666666667
79905,11774135.91,9.666666667
79920,11698574.03,9.666666667
79935,11588982.36,9.666666667
79950,11479864.09,9.666666667
79965,11371219.22,9.666666667
79980,11263047.74,9.666666667
79995,11160030.14,9.666666667
80010,11057427.67,9.666666667
80025,10955240.33,9.666666667
80040,10853468.13,9.666666667
80055,10812055.78,9.666666667
80070,10770715.09,9.666666667
80085,10729446.07,9.666666667
80100,10688248.72,9.666666667
80115,10631247.88,9.666666667
80130,10574398.96,9.666666667
80145,10517701.98,9.666666667
80160,10461156.92,9.666666667
80175,10369009.79,9.666666667
80190,10277243.62,9.666666667
80205,10185858.41,9.666666667
80220,10094854.16,9.666666667
80235,10003124.03,9.666666667
80250,9911782.253,9.666666667
80265,9820828.835,9.666666667
80280,9730263.774,9.666666667
80295,9636618.301,9.652777778
80310,9543360.714,9.638888889
80325,9450491.015,9.625
80340,9358009.203,9.611111111
80355,9275629.108,9.611111111
80370,9193577.732,9.611111111
80385,9111855.073,9.611111111
80400,9030461.132,9.611111111
80415,8993187.787,9.611111111
80430,8955972.926,9.611111111
80445,8918816.548,9.611111111
80460,8881718.654,9.611111111
80475,8844679.242,9.611111111
80490,8807698.315,9.611111111
80505,8770775.871,9.611111111
80520,8733911.91,9.611111111
80535,8805454.957,9.611111111
80550,8876763.829,9.611111111
80565,8947838.525,9.611111111
80580,9018679.044,9.611111111
80595,9088174.025,9.625
80610,9157414.466,9.638888889
80625,9226400.368,9.652777778
80640,9295131.73,9.666666667
80655,9231093.706,9.680555556
80670,9167158,9.694444444
80685,9103324.613,9.708333333
80700,9039593.544,9.722222222
80715,8975964.793,9.722222222
80730,8912438.362,9.722222222
80745,8849014.249,9.722222222
80760,8785692.454,9.722222222
80775,9163227.216,9.708333333
80790,9539092.046,9.694444444
80805,9913286.944,9.680555556
80820,10285811.91,9.666666667
80835,10656666.94,9.680555556
80850,11025852.04,9.694444444
80865,11393367.21,9.708333333
80880,11759212.45,9.722222222
80895,11918268.86,9.722222222
80910,12075324.12,9.722222222
80925,12230378.22,9.722222222
80940,12383431.17,9.722222222
80955,12392321.02,9.736111111
80970,12394450.21,9.75
80985,12389818.74,9.763888889
81000,12378426.61,9.777777778
81015,12527702.69,9.75
81030,12677733.81,9.722222222
81045,12828519.96,9.694444444
81060,12980061.15,9.666666667
81075,13181856.74,9.652777778
81090,13385205.13,9.638888889
81105,13590106.34,9.625
81120,13796560.35,9.611111111
81135,14501014.22,9.597222222
81150,15213520.27,9.583333333
81165,15934078.48,9.569444444
81180,16662688.87,9.555555556
81195,17515315.94,9.555555556
81210,18377478.79,9.555555556
81225,19249177.42,9.555555556
81240,20130411.84,9.555555556
81255,20692997.58,9.555555556
81270,21263038.88,9.555555556
81285,21840535.75,9.555555556
81300,22425488.19,9.555555556
81315,23114495.89,9.555555556
81330,23812998.29,9.555555556
81345,24520995.38,9.555555556
81360,25238487.17,9.555555556
81375,25476544.02,9.569444444
81390,25715283.71,9.583333333
81405,25954706.25,9.597222222
81420,26194811.64,9.611111111
81435,26416748.72,9.611111111
81450,26639302.57,9.611111111
81465,26862473.18,9.611111111
81480,27086260.56,9.611111111
81495,27171924.29,9.611111111
81510,27257682.5,9.611111111
81525,27343535.18,9.611111111
81540,27429482.33,9.611111111
81555,27407756.67,9.611111111
81570,27385972.53,9.611111111
81585,27364129.9,9.611111111
81600,27342228.79,9.611111111
81615,27215334.39,9.583333333
81630,27088331.23,9.555555556
81645,26961219.3,9.527777778
81660,26833998.61,9.5
81675,26715156.22,9.472222222
81690,26596211.75,9.444444444
81705,26477165.22,9.416666667
81720,26358016.61,9.388888889
81735,26260923.71,9.361111111
81750,26163941.45,9.333333333
81765,26067069.81,9.305555556
81780,25970308.81,9.277777778
81795,25958330.47,9.25
81810,25946343.17,9.222222222
81825,25934346.89,9.194444444
81840,25922341.65,9.166666667
81855,26034160.73,9.166666667
81870,26145889.9,9.166666667
81885,26257529.17,9.166666667
81900,26369078.53,9.166666667
81915,26497405.25,9.194444444
81930,26625629.55,9.222222222
81945,26753751.43,9.25
81960,26881770.9,9.277777778
81975,26957820.19,9.319444444
81990,27033563.74,9.361111111
82005,27109001.55,9.402777778
82020,27184133.61,9.444444444
82035,27177380.72,9.472222222
82050,27170544.96,9.5
82065,27163626.34,9.527777778
82080,27156624.86,9.555555556
82095,27098107.93,9.541666667
82110,27039437.39,9.527777778
82125,26980613.23,9.513888889
82140,26921635.46,9.5
82155,26876862.46,9.5
82170,26831846.25,9.5
82185,26786586.8,9.5
82200,26741084.14,9.5
82215,26732321.9,9.513888889
82230,26723180.37,9.527777778
82245,26713659.54,9.541666667
82260,26703759.42,9.555555556
82275,26683463.7,9.541666667
82290,26662846.15,9.527777778
82305,26641906.78,9.513888889
82320,26620645.59,9.5
82335,26610373.94,9.486111111
82350,26599879.18,9.472222222
82365,26589161.32,9.458333333
82380,26578220.35,9.444444444
82395,26543491.72,9.458333333
82410,26508647.09,9.472222222
82425,26473686.44,9.486111111
82440,26438609.77,9.5
82455,26436084.21,9.513888889
82470,26433469.28,9.527777778
82485,26430764.96,9.541666667
82500,26427971.27,9.555555556
82515,26436711.28,9.569444444
82530,26445330.37,9.583333333
82545,26453828.53,9.597222222
82560,26462205.76,9.611111111
82575,26491426.92,9.597222222
82590,26520503.48,9.583333333
82605,26549435.45,9.569444444
82620,26578222.83,9.555555556
82635,26604947.81,9.541666667
82650,26631532.78,9.527777778
82665,26657977.75,9.513888889
82680,26684282.73,9.5
82695,26667059.18,9.472222222
82710,26649737.16,9.444444444
82725,26632316.66,9.416666667
82740,26614797.69,9.388888889
82755,26580129.54,9.361111111
82770,26545422.01,9.333333333
82785,26510675.08,9.305555556
82800,26475888.76,9.277777778
82815,25752880.97,9.263888889
82830,25029139.86,9.25
82845,24304665.43,9.236111111
82860,23579457.67,9.222222222
82875,22863253.24,9.208333333
82890,22145686.93,9.194444444
82905,21426758.74,9.180555556
82920,20706468.68,9.166666667
82935,20085404.84,9.138888889
82950,19461321.96,9.111111111
82965,18834220.03,9.083333333
82980,18204099.05,9.055555556
82995,17570959.03,9.041666667
83010,16934799.96,9.027777778
83025,16295621.84,9.013888889
83040,15653424.68,9
83055,15394139.35,9
83070,15136955.98,9
83085,14881874.58,9
83100,14628895.14,9
83115,14374865.52,8.986111111
83130,14122982.9,8.972222222
83145,13873247.29,8.958333333
83160,13625658.69,8.944444444
83175,13496670.87,8.958333333
83190,13360112.49,8.972222222
83205,13215983.54,8.986111111
83220,13064284.01,9
83235,12903920.46,9.013888889
83250,12735960.24,9.027777778
83265,12560403.35,9.041666667
83280,12377249.78,9.055555556
83295,12462110.46,9.055555556
83310,12535462.13,9.055555556
83325,12597304.79,9.055555556
83340,12647638.44,9.055555556
83355,12681354.27,9.041666667
83370,12703329.75,9.027777778
83385,12713564.88,9.013888889
83400,12712059.67,9
83415,12919182.8,9.013888889
83430,13124285.77,9.027777778
83445,13327368.56,9.041666667
83460,13528431.19,9.055555556
83475,13718459.71,9.069444444
83490,13906135.97,9.083333333
83505,14091459.99,9.097222222
83520,14274431.75,9.111111111
83535,14462930.68,9.125
83550,14652659.71,9.138888889
83565,14843618.86,9.152777778
83580,15035808.11,9.166666667
83595,15232509.99,9.194444444
83610,15430486.7,9.222222222
83625,15629738.26,9.25
83640,15830264.66,9.277777778
83655,16435355.18,9.291666667
83670,17043930.08,9.305555556
83685,17655989.35,9.319444444
83700,18271533,9.333333333
83715,18853135.45,9.347222222
83730,19437990.33,9.361111111
83745,20026097.66,9.375
83760,20617457.41,9.388888889
83775,20994771.98,9.375
83790,21372746.18,9.361111111
83805,21751380.02,9.347222222
83820,22130673.5,9.333333333
83835,22522700.82,9.305555556
83850,22915409.93,9.277777778
83865,23308800.82,9.25
83880,23702873.5,9.222222222
83895,23730712.81,9.222222222
83910,23758557.95,9.222222222
83925,23786408.93,9.222222222
83940,23814265.74,9.222222222
83955,23849050.93,9.180555556
83970,23883843.57,9.138888889
83985,23918643.65,9.097222222
84000,23953451.17,9.055555556
84015,23945938.88,9.055555556
84030,23937945.42,9.055555556
84045,23929470.77,9.055555556
84060,23920514.94,9.055555556
84075,23925137.07,9.041666667
84090,23929361.7,9.027777778
84105,23933188.84,9.013888889
84120,23936618.48,9
84135,24044299.71,8.986111111
84150,24151682.22,8.972222222
84165,24258766,8.958333333
84180,24365551.06,8.944444444
84195,24479328.87,8.944444444
84210,24592887.61,8.944444444
84225,24706227.29,8.944444444
84240,24819347.91,8.944444444
84255,24939573.46,8.944444444
84270,25060088.49,8.944444444
84285,25180893,8.944444444
84300,25301987,8.944444444
84315,25436505.78,8.944444444
84330,25571380.47,8.944444444
84345,25706611.09,8.944444444
84360,25842197.63,8.944444444
84375,25920844.05,8.930555556
84390,25999602.46,8.916666667
84405,26078472.83,8.902777778
84420,26157455.18,8.888888889
84435,26209928.86,8.861111111
84450,26262454.22,8.833333333
84465,26315031.25,8.805555556
84480,26367659.97,8.777777778
84495,26392357.5,8.763888889
84510,26417053.18,8.75
84525,26441746.99,8.736111111
84540,26466438.95,8.722222222
84555,26483460.19,8.722222222
84570,26500464.73,8.722222222
84585,26517452.56,8.722222222
84600,26534423.68,8.722222222
84615,26547863.19,8.722222222
84630,26561280.95,8.722222222
84645,26574676.95,8.722222222
84660,26588051.19,8.722222222
84675,26601403.69,8.722222222
84690,26614734.43,8.722222222
84705,26628043.42,8.722222222
84720,26641330.65,8.722222222
84735,26651491.71,8.708333333
84750,26661651.61,8.694444444
84765,26671810.37,8.680555556
84780,26681967.97,8.666666667
84795,26694040.03,8.652777778
84810,26706110.74,8.638888889
84825,26718180.11,8.625
84840,26730248.14,8.611111111
84855,26728196.51,8.597222222
84870,26726094.72,8.583333333
84885,26723942.76,8.569444444
84900,26721740.65,8.555555556
84915,26717582.69,8.541666667
84930,26713378.43,8.527777778
84945,26709127.87,8.513888889
84960,26704831,8.5
84975,26657747.87,8.5
84990,26610706.07,8.5
85005,26563705.59,8.5
85020,26516746.44,8.5
85035,26460374.09,8.5
85050,26404061.03,8.5
85065,26347807.27,8.5
85080,26291612.79,8.5
85095,26240480.96,8.486111111
85110,26189391.95,8.472222222
85125,26138345.77,8.458333333
85140,26087342.41,8.444444444
85155,26036381.87,8.444444444
85170,25985464.16,8.444444444
85185,25934589.28,8.444444444
85200,25883757.21,8.444444444
85215,25879697.1,8.458333333
85230,25875636.98,8.472222222
85245,25871576.86,8.486111111
85260,25867516.74,8.5
85275,25883959.51,8.5
85290,25900395.84,8.5
85305,25916825.73,8.5
85320,25933249.19,8.5
85335,25914503.38,8.5
85350,25895731.8,8.5
85365,25876934.42,8.5
85380,25858111.26,8.5
85395,25852228.26,8.486111111
85410,25846289.38,8.472222222
85425,25840294.64,8.458333333
85440,25834244.03,8.444444444
85455,25847707.58,8.444444444
85470,25861104.2,8.444444444
85485,25874433.88,8.444444444
85500,25887696.63,8.444444444
85515,25888030.21,8.430555556
85530,25888320.28,8.416666667
85545,25888566.84,8.402777778
85560,25888769.89,8.388888889
85575,25910663.15,8.388888889
85590,25932550.97,8.388888889
85605,25954433.36,8.388888889
85620,25976310.33,8.388888889
85635,25987193.23,8.402777778
85650,25998073.11,8.416666667
85665,26008949.97,8.430555556
85680,26019823.82,8.444444444
85695,26030808.83,8.444444444
85710,26041793.84,8.444444444
85725,26052778.85,8.444444444
85740,26063763.86,8.444444444
85755,26072918.03,8.444444444
85770,26082072.2,8.444444444
85785,26091226.38,8.444444444
85800,26100380.55,8.444444444
85815,26127666.46,8.444444444
85830,26154919.53,8.444444444
85845,26182139.76,8.444444444
85860,26209327.16,8.444444444
85875,26227347.1,8.444444444
85890,26245342.02,8.444444444
85905,26263311.92,8.444444444
85920,26281256.8,8.444444444
85935,26298642.07,8.444444444
85950,26316027.34,8.444444444
85965,26333412.61,8.444444444
85980,26350797.87,8.444444444
85995,26368183.14,8.458333333
86010,26385568.41,8.472222222
86025,26402953.68,8.486111111
86040,26420338.94,8.5
86055,26424158.44,8.513888889
86070,26427977.93,8.527777778
86085,26431797.42,8.541666667
86100,26435616.91,8.555555556
86115,26430258.59,8.569444444
86130,26424897.62,8.583333333
86145,26419533.99,8.597222222
86160,26414167.72,8.611111111
86175,26423703.19,8.611111111
86190,26433238.65,8.611111111
86205,26442774.12,8.611111111
86220,26452309.59,8.611111111
86235,26461845.06,8.597222222
86250,26471380.53,8.583333333
86265,26480916,8.569444444
86280,26490451.46,8.555555556
86295,26122357.8,8.527777778
86310,25753947.97,8.5
86325,25385221.96,8.472222222
86340,25016179.78,8.444444444
86355,24703248.87,8.430555556
86370,24388262.83,8.416666667
86385,24071221.68,8.402777778
86400,23752125.4,8.388888889
