time,power,OA Wetbulb Temp
0,10025487.85,4
15,10025487.85,4.000000965
30,10025487.85,4.000003858
45,10025487.85,4.000008681
60,10025487.85,4.000015432
75,10025487.85,4.000024113
90,10025487.85,4.000034722
105,10025487.85,4.000047261
120,10025487.85,4.000061728
135,10025487.85,4.000078125
150,10025487.85,4.00009645
165,10025487.85,4.000116705
180,10025487.85,4.000138888
195,10025487.85,4.000163
210,10025487.85,4.000189042
225,10025487.85,4.000217012
240,10025487.85,4.000246911
255,10025487.85,4.000278739
270,10025487.85,4.000312496
285,10025487.85,4.000348182
300,10025487.85,4.000385796
315,10025487.85,4.00042534
330,10025487.85,4.000466812
345,10025487.85,4.000510213
360,10025487.85,4.000555543
375,10025487.85,4.000602801
390,10025487.85,4.000651988
405,10025487.85,4.000703104
420,10025487.85,4.000756149
435,10025487.85,4.000811122
450,10025487.85,4.000868024
465,10025487.85,4.000926855
480,10025487.85,4.000987614
495,10025487.85,4.001050301
510,10025487.85,4.001114917
525,10025487.85,4.001181462
540,10025487.85,4.001249935
555,10025487.85,4.001320336
570,10025487.85,4.001392666
585,10025487.85,4.001466924
600,10025487.85,4.001543111
615,10025487.85,4.001621225
630,10025487.85,4.001701268
645,10025487.85,4.001783239
660,10025487.85,4.001867139
675,10025487.85,4.001952966
690,10025487.85,4.002040722
705,10025487.85,4.002130405
720,10025487.85,4.002222016
735,10025487.85,4.002315556
750,10025487.85,4.002411023
765,14014113.61,4.002508418
780,14014113.61,4.002607741
795,14014113.61,4.002708992
810,14014113.61,4.00281217
825,14014113.61,4.002917276
840,14014113.61,4.00302431
855,14014113.61,4.003133271
870,14014113.61,4.00324416
885,14014113.61,4.003356976
900,14014113.61,4.00347172
915,14014113.61,4.003588391
930,14014113.61,4.003706989
945,14014113.61,4.003827514
960,14014113.61,4.003949967
975,14014113.61,4.004074347
990,14014113.61,4.004200653
1005,14014113.61,4.004328887
1020,14014113.61,4.004459048
1035,14014113.61,4.004591135
1050,14014113.61,4.00472515
1065,14014113.61,4.004861091
1080,14014113.61,4.004998958
1095,14014113.61,4.005138753
1110,14014113.61,4.005280474
1125,14014113.61,4.005424121
1140,14014113.61,4.005569695
1155,14014113.61,4.005717195
1170,14014113.61,4.005866621
1185,14014113.61,4.006017973
1200,14014113.61,4.006171252
1215,14014113.61,4.006326457
1230,14014113.61,4.006483587
1245,14014113.61,4.006642644
1260,14014113.61,4.006803626
1275,14014113.61,4.006966534
1290,14014113.61,4.007131368
1305,14014113.61,4.007298127
1320,14014113.61,4.007466812
1335,14014113.61,4.007637422
1350,14014113.61,4.007809957
1365,14014113.61,4.007984418
1380,14014113.61,4.008160804
1395,14014113.61,4.008339115
1410,14014113.61,4.008519351
1425,14014113.61,4.008701512
1440,14070537.6,4.008885597
1455,14070537.6,4.009071608
1470,14070537.6,4.009259543
1485,14070537.6,4.009449402
1500,14070537.6,4.009641186
1515,14070537.6,4.009834895
1530,14070537.6,4.010030527
1545,14070537.6,4.010228084
1560,14070537.6,4.010427565
1575,14070537.6,4.01062897
1590,14070537.6,4.010832299
1605,14070537.6,4.011037551
1620,14070537.6,4.011244728
1635,14070537.6,4.011453827
1650,14070537.6,4.011664851
1665,14070537.6,4.011877797
1680,14070537.6,4.012092667
1695,14070537.6,4.012309461
1710,14070537.6,4.012528177
1725,14070537.6,4.012748816
1740,14070537.6,4.012971378
1755,14070537.6,4.013195863
1770,14070537.6,4.013422271
1785,14070537.6,4.013650601
1800,14070537.6,4.013880853
1815,14070537.6,4.014113028
1830,14070537.6,4.014347125
1845,14070537.6,4.014583144
1860,14070537.6,4.014821085
1875,14070537.6,4.015060948
1890,14070537.6,4.015302733
1905,14070537.6,4.015546439
1920,14070537.6,4.015792067
1935,14070537.6,4.016039616
1950,14070537.6,4.016289087
1965,17474224.34,4.016540478
1980,17474224.34,4.016793791
1995,17474224.34,4.017049025
2010,17474224.34,4.017306179
2025,17474224.34,4.017565254
2040,17474224.34,4.01782625
2055,17474224.34,4.018089166
2070,17474224.34,4.018354002
2085,17474224.34,4.018620759
2100,17474224.34,4.018889435
2115,17474224.34,4.019160032
2130,17474224.34,4.019432548
2145,17474224.34,4.019706984
2160,17474224.34,4.019983339
2175,17474224.34,4.020261614
2190,17474224.34,4.020541808
2205,17474224.34,4.020823921
2220,17474224.34,4.021107953
2235,17474224.34,4.021393904
2250,17474224.34,4.021681773
2265,17474224.34,4.021971561
2280,17474224.34,4.022263268
2295,17474224.34,4.022556893
2310,17474224.34,4.022852435
2325,17474224.34,4.023149896
2340,17474224.34,4.023449275
2355,17474224.34,4.023750572
2370,17474224.34,4.024053786
2385,17474224.34,4.024358917
2400,17474224.34,4.024665966
2415,17474224.34,4.024974932
2430,17474224.34,4.025285814
2445,17474224.34,4.025598614
2460,17474224.34,4.02591333
2475,17474224.34,4.026229963
2490,19305777.73,4.026548512
2505,19305777.73,4.026868978
2520,19305777.73,4.027191359
2535,19305777.73,4.027515657
2550,19305777.73,4.02784187
2565,19305777.73,4.028169998
2580,19305777.73,4.028500042
2595,19305777.73,4.028832002
2610,19305777.73,4.029165876
2625,19305777.73,4.029501666
2640,19305777.73,4.02983937
2655,19305777.73,4.030178989
2670,19305777.73,4.030520522
2685,19305777.73,4.030863969
2700,19305777.73,4.031209331
2715,19305777.73,4.031556607
2730,19305777.73,4.031905796
2745,19305777.73,4.032256899
2760,19305777.73,4.032609916
2775,19305777.73,4.032964846
2790,19305777.73,4.033321689
2805,19305777.73,4.033680444
2820,19305777.73,4.034041113
2835,19305777.73,4.034403694
2850,19305777.73,4.034768188
2865,19305777.73,4.035134594
2880,19305777.73,4.035502912
2895,19305777.73,4.035873142
2910,19305777.73,4.036245283
2925,19305777.73,4.036619336
2940,19305777.73,4.036995301
2955,19305777.73,4.037373177
2970,19305777.73,4.037752963
2985,19305777.73,4.038134661
3000,19305777.73,4.038518269
3015,19305777.73,4.038903787
3030,19305777.73,4.039291216
3045,19305777.73,4.039680555
3060,19305777.73,4.040071803
3075,19305777.73,4.040464962
3090,19305777.73,4.04086003
3105,19305777.73,4.041257007
3120,19305777.73,4.041655893
3135,19305777.73,4.042056688
3150,19305777.73,4.042459392
3165,19305777.73,4.042864005
3180,19305777.73,4.043270526
3195,19305777.73,4.043678954
3210,19305777.73,4.044089291
3225,19305777.73,4.044501536
3240,19305777.73,4.044915688
3255,19305777.73,4.045331748
3270,19305777.73,4.045749715
3285,19305777.73,4.046169588
3300,19305777.73,4.046591369
3315,19305777.73,4.047015056
3330,19305777.73,4.047440649
3345,19305777.73,4.047868148
3360,19305777.73,4.048297554
3375,19305777.73,4.048728865
3390,19305777.73,4.049162081
3405,19305777.73,4.049597203
3420,19305777.73,4.05003423
3435,19305777.73,4.050473162
3450,19305777.73,4.050913999
3465,19305777.73,4.05135674
3480,19305777.73,4.051801385
3495,19305777.73,4.052247934
3510,19305777.73,4.052696387
3525,19305777.73,4.053146744
3540,19305777.73,4.053599004
3555,19305777.73,4.054053167
3570,19305777.73,4.054509233
3585,19305777.73,4.054967202
3600,19305777.73,4.055427074
3615,19305777.73,4.055888847
3630,19305777.73,4.056352523
3645,19305777.73,4.056818101
3660,19305777.73,4.05728558
3675,19305777.73,4.057754961
3690,19305777.73,4.058226242
3705,19305777.73,4.058699425
3720,19305777.73,4.059174508
3735,19305777.73,4.059651492
3750,19305777.73,4.060130376
3765,19305777.73,4.06061116
3780,19305777.73,4.061093844
3795,19305777.73,4.061578428
3810,19305777.73,4.062064911
3825,19305777.73,4.062553292
3840,19305777.73,4.063043573
3855,19305777.73,4.063535752
3870,19305777.73,4.06402983
3885,19305777.73,4.064525806
3900,19305777.73,4.06502368
3915,19305777.73,4.065523451
3930,19305777.73,4.06602512
3945,19305777.73,4.066528686
3960,19305777.73,4.067034149
3975,19305777.73,4.067541508
3990,19305777.73,4.068050764
4005,19305777.73,4.068561916
4020,19305777.73,4.069074964
4035,19305777.73,4.069589908
4050,19305777.73,4.070106748
4065,19305777.73,4.070625482
4080,19305777.73,4.071146112
4095,19305777.73,4.071668636
4110,19305777.73,4.072193054
4125,19305777.73,4.072719367
4140,19305777.73,4.073247574
4155,19305777.73,4.073777674
4170,19305777.73,4.074309668
4185,19305777.73,4.074843555
4200,19305777.73,4.075379335
4215,19305777.73,4.075917008
4230,19305777.73,4.076456573
4245,19305777.73,4.07699803
4260,19305777.73,4.077541379
4275,19305777.73,4.07808662
4290,19305777.73,4.078633752
4305,19305777.73,4.079182775
4320,19305777.73,4.079733689
4335,19305777.73,4.080286493
4350,19305777.73,4.080841188
4365,19305777.73,4.081397773
4380,19305777.73,4.081956247
4395,19305777.73,4.082516611
4410,19305777.73,4.083078865
4425,19305777.73,4.083643007
4440,19305777.73,4.084209038
4455,19305777.73,4.084776957
4470,19305777.73,4.085346764
4485,19305777.73,4.08591846
4500,19305777.73,4.086492043
4515,19305777.73,4.087067513
4530,19305777.73,4.08764487
4545,19305777.73,4.088224114
4560,19305777.73,4.088805244
4575,19305777.73,4.089388261
4590,19305777.73,4.089973163
4605,19305777.73,4.090559951
4620,19305777.73,4.091148625
4635,19305777.73,4.091739183
4650,19305777.73,4.092331627
4665,19305777.73,4.092925954
4680,19305777.73,4.093522166
4695,19305777.73,4.094120262
4710,19305777.73,4.094720242
4725,19305777.73,4.095322105
4740,19305777.73,4.09592585
4755,19305777.73,4.096531479
4770,19305777.73,4.09713899
4785,19305777.73,4.097748383
4800,19305777.73,4.098359658
4815,19305777.73,4.098972815
4830,19305777.73,4.099587853
4845,19305777.73,4.100204772
4860,19305777.73,4.100823572
4875,19305777.73,4.101444252
4890,19305777.73,4.102066812
4905,19305777.73,4.102691252
4920,19305777.73,4.103317571
4935,19305777.73,4.10394577
4950,19305777.73,4.104575847
4965,19305777.73,4.105207803
4980,19305777.73,4.105841638
4995,19305777.73,4.10647735
5010,19305777.73,4.10711494
5025,19305777.73,4.107754407
5040,19305777.73,4.108395752
5055,19305777.73,4.109038973
5070,19305777.73,4.10968407
5085,19305777.73,4.110331044
5100,19305777.73,4.110979893
5115,19305777.73,4.111630618
5130,19305777.73,4.112283219
5145,19305777.73,4.112937694
5160,19305777.73,4.113594043
5175,19305777.73,4.114252267
5190,19305777.73,4.114912365
5205,19305777.73,4.115574336
5220,19305777.73,4.11623818
5235,19305777.73,4.116903898
5250,19305777.73,4.117571488
5265,19305777.73,4.11824095
5280,19305777.73,4.118912285
5295,19305777.73,4.119585491
5310,19305777.73,4.120260569
5325,19305777.73,4.120937517
5340,19305777.73,4.121616336
5355,19305777.73,4.122297026
5370,19305777.73,4.122979585
5385,19305777.73,4.123664015
5400,19305777.73,4.124350313
5415,19305777.73,4.125038481
5430,19305777.73,4.125728517
5445,19305777.73,4.126420422
5460,19305777.73,4.127114195
5475,19305777.73,4.127809835
5490,19305777.73,4.128507343
5505,19305777.73,4.129206718
5520,19305777.73,4.12990796
5535,19305777.73,4.130611068
5550,19305777.73,4.131316042
5565,19305777.73,4.132022882
5580,19305777.73,4.132731587
5595,19305777.73,4.133442157
5610,19305777.73,4.134154592
5625,19305777.73,4.134868891
5640,19305777.73,4.135585054
5655,19305777.73,4.13630308
5670,19305777.73,4.13702297
5685,19305777.73,4.137744723
5700,19305777.73,4.138468338
5715,19305777.73,4.139193816
5730,19305777.73,4.139921156
5745,19305777.73,4.140650357
5760,19305777.73,4.141381419
5775,19305777.73,4.142114342
5790,19305777.73,4.142849126
5805,19305777.73,4.143585769
5820,19305777.73,4.144324273
5835,19305777.73,4.145064636
5850,19305777.73,4.145806858
5865,19305777.73,4.146550938
5880,19305777.73,4.147296877
5895,19305777.73,4.148044674
5910,19305777.73,4.148794329
5925,19305777.73,4.149545841
5940,19305777.73,4.150299209
5955,19305777.73,4.151054435
5970,19305777.73,4.151811516
5985,19305777.73,4.152570453
6000,19305777.73,4.153331246
6015,19305777.73,4.154093894
6030,19305777.73,4.154858396
6045,19305777.73,4.155624753
6060,19305777.73,4.156392964
6075,19305777.73,4.157163028
6090,19305777.73,4.157934945
6105,19305777.73,4.158708716
6120,19305777.73,4.159484339
6135,19305777.73,4.160261814
6150,19305777.73,4.16104114
6165,19305777.73,4.161822318
6180,19305777.73,4.162605347
6195,19305777.73,4.163390227
6210,19305777.73,4.164176957
6225,19305777.73,4.164965536
6240,19305777.73,4.165755965
6255,19305777.73,4.166548244
6270,19305777.73,4.167342371
6285,19305777.73,4.168138346
6300,19305777.73,4.168936169
6315,19305777.73,4.169735839
6330,19305777.73,4.170537357
6345,19305777.73,4.171340722
6360,19305777.73,4.172145933
6375,19305777.73,4.17295299
6390,19305777.73,4.173761892
6405,19305777.73,4.17457264
6420,19305777.73,4.175385233
6435,19305777.73,4.17619967
6450,19305777.73,4.177015951
6465,19305777.73,4.177834076
6480,19305777.73,4.178654043
6495,19305777.73,4.179475854
6510,19305777.73,4.180299508
6525,19305777.73,4.181125003
6540,19305777.73,4.18195234
6555,19305777.73,4.182781518
6570,19305777.73,4.183612537
6585,19305777.73,4.184445397
6600,19305777.73,4.185280097
6615,19305777.73,4.186116636
6630,19305777.73,4.186955015
6645,19305777.73,4.187795232
6660,19305777.73,4.188637288
6675,19305777.73,4.189481182
6690,19305777.73,4.190326913
6705,19305777.73,4.191174482
6720,19305777.73,4.192023888
6735,19305777.73,4.19287513
6750,19305777.73,4.193728208
6765,19305777.73,4.194583121
6780,19305777.73,4.19543987
6795,19305777.73,4.196298454
6810,19305777.73,4.197158872
6825,19305777.73,4.198021123
6840,19305777.73,4.198885209
6855,19305777.73,4.199751127
6870,19305777.73,4.200618878
6885,19305777.73,4.201488462
6900,19305777.73,4.202359877
6915,19305777.73,4.203233123
6930,19305777.73,4.204108201
6945,19305777.73,4.204985109
6960,19305777.73,4.205863848
6975,19305777.73,4.206744416
6990,19305777.73,4.207626813
7005,19305777.73,4.20851104
7020,19305777.73,4.209397094
7035,19305777.73,4.210284977
7050,19305777.73,4.211174688
7065,19305777.73,4.212066225
7080,19305777.73,4.212959589
7095,19305777.73,4.21385478
7110,19305777.73,4.214751797
7125,19305777.73,4.215650638
7140,19305777.73,4.216551305
7155,19305777.73,4.217453797
7170,19305777.73,4.218358113
7185,19305777.73,4.219264252
7200,19305777.73,4.220172215
7215,19305777.73,4.221082
7230,19305777.73,4.221993608
7245,19305777.73,4.222907038
7260,19305777.73,4.223822289
7275,19305777.73,4.224739362
7290,19305777.73,4.225658255
7305,19305777.73,4.226578968
7320,19305777.73,4.227501501
7335,19305777.73,4.228425853
7350,19305777.73,4.229352025
7365,19305777.73,4.230280014
7380,19305777.73,4.231209822
7395,19305777.73,4.232141447
7410,19305777.73,4.233074889
7425,19305777.73,4.234010147
7440,19305777.73,4.234947222
7455,19305777.73,4.235886113
7470,19305777.73,4.236826819
7485,19305777.73,4.237769339
7500,19305777.73,4.238713674
7515,19305777.73,4.239659823
7530,19305777.73,4.240607786
7545,19305777.73,4.241557561
7560,19305777.73,4.242509149
7575,19305777.73,4.243462548
7590,19305777.73,4.24441776
7605,19305777.73,4.245374783
7620,19305777.73,4.246333616
7635,19305777.73,4.247294259
7650,19305777.73,4.248256713
7665,19305777.73,4.249220975
7680,19305777.73,4.250187047
7695,19305777.73,4.251154926
7710,19305777.73,4.252124614
7725,19305777.73,4.253096109
7740,19305777.73,4.254069411
7755,19305777.73,4.255044519
7770,19305777.73,4.256021434
7785,19305777.73,4.257000154
7800,19305777.73,4.257980679
7815,19305777.73,4.258963009
7830,19305777.73,4.259947143
7845,19305777.73,4.26093308
7860,19305777.73,4.261920821
7875,19305777.73,4.262910364
7890,19305777.73,4.26390171
7905,19305777.73,4.264894857
7920,19305777.73,4.265889806
7935,19305777.73,4.266886555
7950,19305777.73,4.267885105
7965,19305777.73,4.268885454
7980,19305777.73,4.269887603
7995,19305777.73,4.270891551
8010,19305777.73,4.271897297
8025,19305777.73,4.272904841
8040,19305777.73,4.273914182
8055,19305777.73,4.274925321
8070,19305777.73,4.275938256
8085,19305777.73,4.276952986
8100,19305777.73,4.277969512
8115,19305777.73,4.278987833
8130,19305777.73,4.280007949
8145,19305777.73,4.281029859
8160,19305777.73,4.282053562
8175,19305777.73,4.283079058
8190,19305777.73,4.284106346
8205,19305777.73,4.285135427
8220,19305777.73,4.286166299
8235,19305777.73,4.287198962
8250,19305777.73,4.288233415
8265,19305777.73,4.289269659
8280,19305777.73,4.290307692
8295,19305777.73,4.291347514
8310,19305777.73,4.292389124
8325,19305777.73,4.293432523
8340,19305777.73,4.294477709
8355,19305777.73,4.295524682
8370,19305777.73,4.296573442
8385,19305777.73,4.297623987
8400,19305777.73,4.298676318
8415,19305777.73,4.299730434
8430,19305777.73,4.300786335
8445,19305777.73,4.301844019
8460,19305777.73,4.302903487
8475,19305777.73,4.303964738
8490,19305777.73,4.305027771
8505,19305777.73,4.306092586
8520,19305777.73,4.307159183
8535,19305777.73,4.30822756
8550,19305777.73,4.309297718
8565,19305777.73,4.310369656
8580,19305777.73,4.311443373
8595,19305777.73,4.312518869
8610,19305777.73,4.313596143
8625,19305777.73,4.314675195
8640,19305777.73,4.315756024
8655,19305777.73,4.31683863
8670,19305777.73,4.317923012
8685,19305777.73,4.31900917
8700,19305777.73,4.320097103
8715,19305777.73,4.32118681
8730,19305777.73,4.322278292
8745,19305777.73,4.323371547
8760,19305777.73,4.324466576
8775,19305777.73,4.325563377
8790,19305777.73,4.32666195
8805,19305777.73,4.327762294
8820,19305777.73,4.32886441
8835,19305777.73,4.329968295
8850,19305777.73,4.331073951
8865,19305777.73,4.332181376
8880,19305777.73,4.33329057
8895,19305777.73,4.334401532
8910,19305777.73,4.335514262
8925,19305777.73,4.336628759
8940,19305777.73,4.337745023
8955,19305777.73,4.338863053
8970,19305777.73,4.339982848
8985,19305777.73,4.341104409
9000,19305777.73,4.342227734
9015,19305777.73,4.343352823
9030,19305777.73,4.344479675
9045,19305777.73,4.34560829
9060,19305777.73,4.346738668
9075,19305777.73,4.347870808
9090,19305777.73,4.349004708
9105,19305777.73,4.35014037
9120,19305777.73,4.351277791
9135,19305777.73,4.352416972
9150,19305777.73,4.353557913
9165,17541452.35,4.354700611
9180,17541452.35,4.355845068
9195,17541452.35,4.356991282
9210,17541452.35,4.358139253
9225,17541452.35,4.359288981
9240,17541452.35,4.360440464
9255,17541452.35,4.361593702
9270,17541452.35,4.362748695
9285,17541452.35,4.363905441
9300,17541452.35,4.365063942
9315,17541452.35,4.366224195
9330,17541452.35,4.367386201
9345,17541452.35,4.368549959
9360,17541452.35,4.369715468
9375,17541452.35,4.370882727
9390,17541452.35,4.372051737
9405,17541452.35,4.373222496
9420,17541452.35,4.374395005
9435,17541452.35,4.375569262
9450,17541452.35,4.376745266
9465,17541452.35,4.377923018
9480,17541452.35,4.379102517
9495,17541452.35,4.380283762
9510,17541452.35,4.381466753
9525,17541452.35,4.382651488
9540,17541452.35,4.383837969
9555,17541452.35,4.385026193
9570,17541452.35,4.38621616
9585,17541452.35,4.38740787
9600,17541452.35,4.388601323
9615,17541452.35,4.389796517
9630,17541452.35,4.390993451
9645,17541452.35,4.392192127
9660,17541452.35,4.393392542
9675,17541452.35,4.394594697
9690,17541452.35,4.39579859
9705,17541452.35,4.397004222
9720,17541452.35,4.398211591
9735,17541452.35,4.399420697
9750,17541452.35,4.400631539
9765,17541452.35,4.401844117
9780,17541452.35,4.403058431
9795,17541452.35,4.404274479
9810,17541452.35,4.405492261
9825,17541452.35,4.406711776
9840,17541452.35,4.407933025
9855,17541452.35,4.409156005
9870,17541452.35,4.410380718
9885,17541452.35,4.411607161
9900,17541452.35,4.412835335
9915,17541452.35,4.414065239
9930,17541452.35,4.415296873
9945,17541452.35,4.416530235
9960,17541452.35,4.417765325
9975,17541452.35,4.419002142
9990,17541452.35,4.420240687
10005,17541452.35,4.421480958
10020,17541452.35,4.422722955
10035,17541452.35,4.423966677
10050,17541452.35,4.425212123
10065,17541452.35,4.426459293
10080,17541452.35,4.427708187
10095,17541452.35,4.428958804
10110,17541452.35,4.430211142
10125,17541452.35,4.431465203
10140,17541452.35,4.432720984
10155,17541452.35,4.433978485
10170,17541452.35,4.435237706
10185,17541452.35,4.436498647
10200,17541452.35,4.437761305
10215,17541452.35,4.439025682
10230,17541452.35,4.440291776
10245,17541452.35,4.441559587
10260,17541452.35,4.442829114
10275,17541452.35,4.444100356
10290,17541452.35,4.445373313
10305,17541452.35,4.446647984
10320,17541452.35,4.447924369
10335,17541452.35,4.449202467
10350,17541452.35,4.450482277
10365,17541452.35,4.451763799
10380,17541452.35,4.453047032
10395,17541452.35,4.454331976
10410,17541452.35,4.45561863
10425,17541452.35,4.456906993
10440,17541452.35,4.458197064
10455,17541452.35,4.459488844
10470,17541452.35,4.460782331
10485,17541452.35,4.462077525
10500,17541452.35,4.463374425
10515,17541452.35,4.46467303
10530,17541452.35,4.465973341
10545,17541452.35,4.467275356
10560,17541452.35,4.468579074
10575,17541452.35,4.469884495
10590,17541452.35,4.471191619
10605,17541452.35,4.472500445
10620,17541452.35,4.473810972
10635,17541452.35,4.475123199
10650,17541452.35,4.476437126
10665,17541452.35,4.477752753
10680,17541452.35,4.479070078
10695,17541452.35,4.480389101
10710,17541452.35,4.481709821
10725,17541452.35,4.483032239
10740,17541452.35,4.484356352
10755,17541452.35,4.48568216
10770,17541452.35,4.487009664
10785,17541452.35,4.488338861
10800,17541452.35,4.489669752
10815,17541452.35,4.491002336
10830,17541452.35,4.492336613
10845,17541452.35,4.49367258
10860,17541452.35,4.495010239
10875,17541452.35,4.496349588
10890,17541452.35,4.497690627
10905,17541452.35,4.499033354
10920,17541452.35,4.50037777
10935,17541452.35,4.501723874
10950,17541452.35,4.503071665
10965,17541452.35,4.504421142
10980,17541452.35,4.505772305
10995,17541452.35,4.507125153
11010,17541452.35,4.508479685
11025,17541452.35,4.509835901
11040,17541452.35,4.511193801
11055,17541452.35,4.512553382
11070,17541452.35,4.513914646
11085,17541452.35,4.515277591
11100,17541452.35,4.516642216
11115,17541452.35,4.518008522
11130,17541452.35,4.519376506
11145,17541452.35,4.520746169
11160,17541452.35,4.52211751
11175,17541452.35,4.523490528
11190,17541452.35,4.524865223
11205,17541452.35,4.526241593
11220,17541452.35,4.527619639
11235,17541452.35,4.528999359
11250,17541452.35,4.530380754
11265,17541452.35,4.531763821
11280,17541452.35,4.533148561
11295,17541452.35,4.534534973
11310,17541452.35,4.535923056
11325,17541452.35,4.53731281
11340,17541452.35,4.538704234
11355,17541452.35,4.540097326
11370,17541452.35,4.541492088
11385,17541452.35,4.542888517
11400,17541452.35,4.544286613
11415,17541452.35,4.545686376
11430,17541452.35,4.547087805
11445,17541452.35,4.548490899
11460,17541452.35,4.549895658
11475,17541452.35,4.55130208
11490,17541452.35,4.552710166
11505,17541452.35,4.554119914
11520,17541452.35,4.555531323
11535,17541452.35,4.556944394
11550,17541452.35,4.558359126
11565,17541452.35,4.559775517
11580,17541452.35,4.561193567
11595,17541452.35,4.562613275
11610,17541452.35,4.564034641
11625,17541452.35,4.565457664
11640,17541452.35,4.566882344
11655,17541452.35,4.568308679
11670,17541452.35,4.569736669
11685,17541452.35,4.571166313
11700,17541452.35,4.572597611
11715,17541452.35,4.574030562
11730,17541452.35,4.575465165
11745,17541452.35,4.576901419
11760,17541452.35,4.578339325
11775,17541452.35,4.57977888
11790,17541452.35,4.581220085
11805,17541452.35,4.582662938
11820,17541452.35,4.58410744
11835,17541452.35,4.585553588
11850,17541452.35,4.587001384
11865,17541452.35,4.588450825
11880,17541452.35,4.589901912
11895,17541452.35,4.591354643
11910,17541452.35,4.592809018
11925,17541452.35,4.594265036
11940,17541452.35,4.595722696
11955,17541452.35,4.597181999
11970,17541452.35,4.598642942
11985,17541452.35,4.600105525
12000,17541452.35,4.601569749
12015,17541452.35,4.603035611
12030,17541452.35,4.604503111
12045,17541452.35,4.605972249
12060,17541452.35,4.607443023
12075,17541452.35,4.608915434
12090,17541452.35,4.61038948
12105,17541452.35,4.61186516
12120,17541452.35,4.613342475
12135,17541452.35,4.614821423
12150,17541452.35,4.616302003
12165,17541452.35,4.617784215
12180,17541452.35,4.619268058
12195,17541452.35,4.620753532
12210,17541452.35,4.622240635
12225,17541452.35,4.623729367
12240,17541452.35,4.625219728
12255,17541452.35,4.626711715
12270,17541452.35,4.62820533
12285,17541452.35,4.629700571
12300,17541452.35,4.631197437
12315,17541452.35,4.632695927
12330,17541452.35,4.634196042
12345,17541452.35,4.63569778
12360,17541452.35,4.63720114
12375,17541452.35,4.638706122
12390,17541452.35,4.640212725
12405,17541452.35,4.641720948
12420,17541452.35,4.64323079
12435,17541452.35,4.644742252
12450,17541452.35,4.646255331
12465,17541452.35,4.647770028
12480,17541452.35,4.649286342
12495,17541452.35,4.650804271
12510,17541452.35,4.652323816
12525,17541452.35,4.653844975
12540,17541452.35,4.655367748
12555,17541452.35,4.656892133
12570,17541452.35,4.658418131
12585,17541452.35,4.659945741
12600,17541452.35,4.661474961
12615,17541452.35,4.663005791
12630,17541452.35,4.66453823
12645,17541452.35,4.666072278
12660,17541452.35,4.667607934
12675,17541452.35,4.669145197
12690,17541452.35,4.670684066
12705,17541452.35,4.672224541
12720,17541452.35,4.67376662
12735,17541452.35,4.675310304
12750,17541452.35,4.676855591
12765,17541452.35,4.67840248
12780,17541452.35,4.679950972
12795,17541452.35,4.681501064
12810,17541452.35,4.683052757
12825,17541452.35,4.68460605
12840,17541452.35,4.686160941
12855,17541452.35,4.68771743
12870,17541452.35,4.689275517
12885,17541452.35,4.690835201
12900,17541452.35,4.69239648
12915,17541452.35,4.693959354
12930,17541452.35,4.695523823
12945,17541452.35,4.697089885
12960,17541452.35,4.69865754
12975,17541452.35,4.700226788
12990,17541452.35,4.701797626
13005,17541452.35,4.703370055
13020,17541452.35,4.704944074
13035,17541452.35,4.706519682
13050,17541452.35,4.708096878
13065,17541452.35,4.709675662
13080,17541452.35,4.711256033
13095,17541452.35,4.712837989
13110,17541452.35,4.714421531
13125,17541452.35,4.716006658
13140,17541452.35,4.717593368
13155,17541452.35,4.719181661
13170,17541452.35,4.720771536
13185,17541452.35,4.722362992
13200,17541452.35,4.72395603
13215,17541452.35,4.725550647
13230,17541452.35,4.727146843
13245,17541452.35,4.728744617
13260,17541452.35,4.73034397
13275,17541452.35,4.731944898
13290,17541452.35,4.733547403
13305,17541452.35,4.735151484
13320,17541452.35,4.736757138
13335,17541452.35,4.738364367
13350,17541452.35,4.739973168
13365,17541452.35,4.741583542
13380,17541452.35,4.743195487
13395,17541452.35,4.744809002
13410,17541452.35,4.746424087
13425,17541452.35,4.748040742
13440,17541452.35,4.749658964
13455,17541452.35,4.751278755
13470,17541452.35,4.752900111
13485,17541452.35,4.754523034
13500,17541452.35,4.756147522
13515,17541452.35,4.757773574
13530,17541452.35,4.75940119
13545,17541452.35,4.761030369
13560,17541452.35,4.762661109
13575,17541452.35,4.764293411
13590,17541452.35,4.765927273
13605,17541452.35,4.767562695
13620,17541452.35,4.769199676
13635,17541452.35,4.770838215
13650,17541452.35,4.772478311
13665,17541452.35,4.774119964
13680,17541452.35,4.775763172
13695,17541452.35,4.777407935
13710,17541452.35,4.779054252
13725,17541452.35,4.780702123
13740,17541452.35,4.782351546
13755,17541452.35,4.784002521
13770,17541452.35,4.785655046
13785,17541452.35,4.787309122
13800,17541452.35,4.788964748
13815,17541452.35,4.790621921
13830,17541452.35,4.792280643
13845,17541452.35,4.793940911
13860,17541452.35,4.795602726
13875,17541452.35,4.797266086
13890,17541452.35,4.79893099
13905,17541452.35,4.800597438
13920,17541452.35,4.802265429
13935,17541452.35,4.803934962
13950,17541452.35,4.805606037
13965,17541452.35,4.807278652
13980,17541452.35,4.808952806
13995,17541452.35,4.8106285
14010,17541452.35,4.812305731
14025,17541452.35,4.8139845
14040,17541452.35,4.815664806
14055,17541452.35,4.817346647
14070,17541452.35,4.819030023
14085,17541452.35,4.820714933
14100,17541452.35,4.822401376
14115,17541452.35,4.824089351
14130,17541452.35,4.825778858
14145,17541452.35,4.827469896
14160,17541452.35,4.829162464
14175,17541452.35,4.830856561
14190,17541452.35,4.832552187
14205,17541452.35,4.83424934
14220,17541452.35,4.835948019
14235,17541452.35,4.837648224
14250,17541452.35,4.839349955
14265,17541452.35,4.84105321
14280,17541452.35,4.842757988
14295,17541452.35,4.844464289
14310,17541452.35,4.846172111
14325,17541452.35,4.847881454
14340,17541452.35,4.849592318
14355,17541452.35,4.851304701
14370,17541452.35,4.853018602
14385,17541452.35,4.854734021
14400,17541452.35,4.856450957
14415,17541452.35,4.858169409
14430,17541452.35,4.859889376
14445,17541452.35,4.861610857
14460,17541452.35,4.863333852
14475,17541452.35,4.865058359
14490,17541452.35,4.866784378
14505,17541452.35,4.868511908
14520,17541452.35,4.870240949
14535,17541452.35,4.871971499
14550,17541452.35,4.873703557
14565,17541452.35,4.875437123
14580,17541452.35,4.877172195
14595,17541452.35,4.878908774
14610,17541452.35,4.880646858
14625,17541452.35,4.882386446
14640,17541452.35,4.884127538
14655,17541452.35,4.885870132
14670,17541452.35,4.887614228
14685,17541452.35,4.889359826
14700,17541452.35,4.891106923
14715,17541452.35,4.892855519
14730,17541452.35,4.894605614
14745,17541452.35,4.896357207
14760,17541452.35,4.898110296
14775,17541452.35,4.899864881
14790,17541452.35,4.901620961
14805,17541452.35,4.903378536
14820,17541452.35,4.905137603
14835,17541452.35,4.906898163
14850,17541452.35,4.908660215
14865,17541452.35,4.910423758
14880,17541452.35,4.912188791
14895,17541452.35,4.913955313
14910,17541452.35,4.915723323
14925,17541452.35,4.91749282
14940,17541452.35,4.919263804
14955,17541452.35,4.921036274
14970,17541452.35,4.922810228
14985,17541452.35,4.924585667
15000,17541452.35,4.926362588
15015,17541452.35,4.928140992
15030,17541452.35,4.929920877
15045,17541452.35,4.931702243
15060,17541452.35,4.933485089
15075,17541452.35,4.935269413
15090,17541452.35,4.937055216
15105,17541452.35,4.938842495
15120,17541452.35,4.940631251
15135,17541452.35,4.942421482
15150,17541452.35,4.944213188
15165,17541452.35,4.946006367
15180,17541452.35,4.947801019
15195,17541452.35,4.949597143
15210,17541452.35,4.951394738
15225,17541452.35,4.953193804
15240,17541452.35,4.954994338
15255,17541452.35,4.956796341
15270,17541452.35,4.958599812
15285,17541452.35,4.960404749
15300,17541452.35,4.962211153
15315,17541452.35,4.964019021
15330,17541452.35,4.965828353
15345,17541452.35,4.967639149
15360,17541452.35,4.969451407
15375,17541452.35,4.971265126
15390,17541452.35,4.973080306
15405,17541452.35,4.974896946
15420,17541452.35,4.976715045
15435,17541452.35,4.978534602
15450,17541452.35,4.980355615
15465,17541452.35,4.982178085
15480,17541452.35,4.984002011
15495,17541452.35,4.985827391
15510,17541452.35,4.987654224
15525,17541452.35,4.98948251
15540,17541452.35,4.991312248
15555,17541452.35,4.993143437
15570,17541452.35,4.994976076
15585,17541452.35,4.996810164
15600,17541452.35,4.998645701
15615,17541452.35,5.000482685
15630,17541452.35,5.002321115
15645,17541452.35,5.004160991
15660,17541452.35,5.006002312
15675,17541452.35,5.007845077
15690,17541452.35,5.009689284
15705,17541452.35,5.011534934
15720,17541452.35,5.013382025
15735,17541452.35,5.015230556
15750,17541452.35,5.017080527
15765,17541452.35,5.018931936
15780,17541452.35,5.020784783
15795,17541452.35,5.022639067
15810,17541452.35,5.024494786
15825,17541452.35,5.02635194
15840,17541452.35,5.028210529
15855,17541452.35,5.03007055
15870,17541452.35,5.031932004
15885,17541452.35,5.033794889
15900,17541452.35,5.035659205
15915,17541452.35,5.03752495
15930,17541452.35,5.039392124
15945,17541452.35,5.041260725
15960,17541452.35,5.043130754
15975,17541452.35,5.045002208
15990,17541452.35,5.046875088
16005,17541452.35,5.048749391
16020,17541452.35,5.050625118
16035,17541452.35,5.052502268
16050,17541452.35,5.054380838
16065,17541452.35,5.056260829
16080,17541452.35,5.05814224
16095,17541452.35,5.06002507
16110,17541452.35,5.061909317
16125,17541452.35,5.063794981
16140,17541452.35,5.065682062
16155,17541452.35,5.067570557
16170,17541452.35,5.069460467
16185,17541452.35,5.071351789
16200,17541452.35,5.073244525
16215,17541452.35,5.075138671
16230,17541452.35,5.077034228
16245,17541452.35,5.078931195
16260,17541452.35,5.08082957
16275,17541452.35,5.082729353
16290,17541452.35,5.084630543
16305,17541452.35,5.086533139
16320,17541452.35,5.08843714
16335,17541452.35,5.090342546
16350,17541452.35,5.092249354
16365,17541452.35,5.094157564
16380,17541452.35,5.096067176
16395,17541452.35,5.097978189
16410,17541452.35,5.099890601
16425,17541452.35,5.101804411
16440,17541452.35,5.103719619
16455,17541452.35,5.105636224
16470,17541452.35,5.107554225
16485,17541452.35,5.10947362
16500,17541452.35,5.11139441
16515,17541452.35,5.113316592
16530,17541452.35,5.115240167
16545,17541452.35,5.117165133
16560,17541452.35,5.119091489
16575,17541452.35,5.121019235
16590,17541452.35,5.122948368
16605,17541452.35,5.12487889
16620,17541452.35,5.126810798
16635,17541452.35,5.128744091
16650,17541452.35,5.130678769
16665,17541452.35,5.132614831
16680,17541452.35,5.134552276
16695,17541452.35,5.136491102
16710,17541452.35,5.13843131
16725,17541452.35,5.140372897
16740,17541452.35,5.142315864
16755,17541452.35,5.144260208
16770,17541452.35,5.14620593
16785,17541452.35,5.148153028
16800,17541452.35,5.150101502
16815,17541452.35,5.15205135
16830,17541452.35,5.154002571
16845,17541452.35,5.155955165
16860,17541452.35,5.15790913
16875,17541452.35,5.159864466
16890,17541452.35,5.161821171
16905,17541452.35,5.163779246
16920,17541452.35,5.165738688
16935,17541452.35,5.167699496
16950,17541452.35,5.169661671
16965,17541452.35,5.171625211
16980,17541452.35,5.173590115
16995,17541452.35,5.175556381
17010,17541452.35,5.17752401
17025,17541452.35,5.179493
17040,17541452.35,5.18146335
17055,17541452.35,5.18343506
17070,17541452.35,5.185408127
17085,17541452.35,5.187382552
17100,17541452.35,5.189358334
17115,17541452.35,5.191335471
17130,17541452.35,5.193313962
17145,17541452.35,5.195293807
17160,17541452.35,5.197275005
17175,17541452.35,5.199257554
17190,17541452.35,5.201241454
17205,17541452.35,5.203226703
17220,17541452.35,5.205213301
17235,17541452.35,5.207201247
17250,17541452.35,5.20919054
17265,17541452.35,5.211181179
17280,17541452.35,5.213173163
17295,17541452.35,5.21516649
17310,17541452.35,5.217161161
17325,17541452.35,5.219157174
17340,17541452.35,5.221154527
17355,17541452.35,5.223153221
17370,17541452.35,5.225153254
17385,17541452.35,5.227154625
17400,17541452.35,5.229157334
17415,17541452.35,5.231161378
17430,17541452.35,5.233166758
17445,17541452.35,5.235173472
17460,17541452.35,5.23718152
17475,17541452.35,5.2391909
17490,17541452.35,5.241201611
17505,17541452.35,5.243213653
17520,17541452.35,5.245227024
17535,17541452.35,5.247241724
17550,17541452.35,5.249257751
17565,17541452.35,5.251275105
17580,17541452.35,5.253293784
17595,17541452.35,5.255313788
17610,17541452.35,5.257335116
17625,17541452.35,5.259357766
17640,17541452.35,5.261381738
17655,17541452.35,5.263407031
17670,17541452.35,5.265433643
17685,17541452.35,5.267461575
17700,17541452.35,5.269490824
17715,17541452.35,5.271521389
17730,17541452.35,5.273553271
17745,17541452.35,5.275586467
17760,17541452.35,5.277620978
17775,17541452.35,5.279656801
17790,17541452.35,5.281693936
17805,17541452.35,5.283732382
17820,17541452.35,5.285772138
17835,17541452.35,5.287813202
17850,17541452.35,5.289855575
17865,17541452.35,5.291899255
17880,17541452.35,5.293944241
17895,17541452.35,5.295990531
17910,17541452.35,5.298038126
17925,17541452.35,5.300087024
17940,17541452.35,5.302137224
17955,17541452.35,5.304188725
17970,17541452.35,5.306241526
17985,17541452.35,5.308295626
18000,17541452.35,5.310351024
18015,17541452.35,5.312407719
18030,17541452.35,5.31446571
18045,17541452.35,5.316524997
18060,17541452.35,5.318585577
18075,17541452.35,5.320647451
18090,17541452.35,5.322710616
18105,17541452.35,5.324775073
18120,17541452.35,5.32684082
18135,17541452.35,5.328907857
18150,17541452.35,5.330976181
18165,17541452.35,5.333045792
18180,17541452.35,5.33511669
18195,17541452.35,5.337188873
18210,17541452.35,5.33926234
18225,17541452.35,5.34133709
18240,17541452.35,5.343413122
18255,17541452.35,5.345490435
18270,17541452.35,5.347569029
18285,17541452.35,5.349648901
18300,17541452.35,5.351730052
18315,17541452.35,5.35381248
18330,17541452.35,5.355896184
18345,17541452.35,5.357981163
18360,17541452.35,5.360067416
18375,17541452.35,5.362154943
18390,17541452.35,5.364243741
18405,17541452.35,5.366333811
18420,17541452.35,5.368425151
18435,17541452.35,5.370517759
18450,17541452.35,5.372611636
18465,17541452.35,5.37470678
18480,17541452.35,5.37680319
18495,17541452.35,5.378900865
18510,17541452.35,5.380999804
18525,17541452.35,5.383100006
18540,17541452.35,5.385201471
18555,17541452.35,5.387304196
18570,17541452.35,5.389408181
18585,17541452.35,5.391513425
18600,17541452.35,5.393619927
18615,17541452.35,5.395727686
18630,17541452.35,5.397836701
18645,17541452.35,5.39994697
18660,17541452.35,5.402058494
18675,17541452.35,5.40417127
18690,17541452.35,5.406285299
18705,17541452.35,5.408400578
18720,17541452.35,5.410517107
18735,17541452.35,5.412634885
18750,17541452.35,5.41475391
18765,17541452.35,5.416874182
18780,17541452.35,5.4189957
18795,17541452.35,5.421118463
18810,17541452.35,5.423242469
18825,17541452.35,5.425367718
18840,17541452.35,5.427494209
18855,17541452.35,5.42962194
18870,17541452.35,5.431750911
18885,17541452.35,5.43388112
18900,17541452.35,5.436012567
18915,17541452.35,5.438145251
18930,17541452.35,5.44027917
18945,17541452.35,5.442414323
18960,17541452.35,5.444550709
18975,17541452.35,5.446688328
18990,17541452.35,5.448827179
19005,17541452.35,5.45096726
19020,17541452.35,5.453108569
19035,17541452.35,5.455251108
19050,17541452.35,5.457394873
19065,17541452.35,5.459539865
19080,17541452.35,5.461686081
19095,17541452.35,5.463833522
19110,17541452.35,5.465982186
19125,17541452.35,5.468132072
19140,17541452.35,5.470283179
19155,17541452.35,5.472435506
19170,17541452.35,5.474589052
19185,17541452.35,5.476743816
19200,17541452.35,5.478899796
19215,17541452.35,5.481056993
19230,17541452.35,5.483215404
19245,17541452.35,5.485375029
19260,17541452.35,5.487535866
19275,17541452.35,5.489697916
19290,17541452.35,5.491861175
19305,17541452.35,5.494025645
19320,17541452.35,5.496191323
19335,17541452.35,5.498358208
19350,17541452.35,5.5005263
19365,17541452.35,5.502695597
19380,17541452.35,5.504866099
19395,17541452.35,5.507037803
19410,17541452.35,5.50921071
19425,17541452.35,5.511384819
19440,17541452.35,5.513560127
19455,17541452.35,5.515736634
19470,17541452.35,5.51791434
19485,17541452.35,5.520093242
19500,17541452.35,5.522273341
19515,17541452.35,5.524454634
19530,17541452.35,5.526637121
19545,17541452.35,5.528820801
19560,17541452.35,5.531005673
19575,17541452.35,5.533191735
19590,17541452.35,5.535378987
19605,17541452.35,5.537567428
19620,17541452.35,5.539757056
19635,17541452.35,5.54194787
19650,17541452.35,5.54413987
19665,17541452.35,5.546333055
19680,17541452.35,5.548527422
19695,17541452.35,5.550722972
19710,17541452.35,5.552919703
19725,17541452.35,5.555117614
19740,17541452.35,5.557316704
19755,17541452.35,5.559516972
19770,17541452.35,5.561718417
19785,17541452.35,5.563921038
19800,17541452.35,5.566124834
19815,17541452.35,5.568329804
19830,17541452.35,5.570535946
19845,17541452.35,5.57274326
19860,17541452.35,5.574951744
19875,17541452.35,5.577161398
19890,17541452.35,5.57937222
19905,17541452.35,5.58158421
19920,17541452.35,5.583797365
19935,17541452.35,5.586011687
19950,17541452.35,5.588227172
19965,17541452.35,5.59044382
19980,17541452.35,5.59266163
19995,17541452.35,5.594880602
20010,17541452.35,5.597100733
20025,17541452.35,5.599322023
20040,17541452.35,5.601544471
20055,17541452.35,5.603768075
20070,17541452.35,5.605992835
20085,17541452.35,5.60821875
20100,17541452.35,5.610445817
20115,17541452.35,5.612674038
20130,17541452.35,5.614903409
20145,17541452.35,5.617133931
20160,17541452.35,5.619365602
20175,17541452.35,5.621598421
20190,17541452.35,5.623832387
20205,17541452.35,5.626067499
20220,17541452.35,5.628303756
20235,17541452.35,5.630541156
20250,17541452.35,5.6327797
20265,17541452.35,5.635019384
20280,17541452.35,5.63726021
20295,17541452.35,5.639502175
20310,17541452.35,5.641745278
20325,17541452.35,5.643989518
20340,17541452.35,5.646234895
20355,17541452.35,5.648481406
20370,17541452.35,5.650729052
20385,17541452.35,5.652977831
20400,17541452.35,5.655227741
20415,17541452.35,5.657478783
20430,17541452.35,5.659730954
20445,17541452.35,5.661984253
20460,17541452.35,5.66423868
20475,17541452.35,5.666494234
20490,17541452.35,5.668750913
20505,17541452.35,5.671008716
20520,17541452.35,5.673267642
20535,17541452.35,5.675527691
20550,17541452.35,5.67778886
20565,17541452.35,5.680051149
20580,17541452.35,5.682314557
20595,17541452.35,5.684579083
20610,17541452.35,5.686844725
20625,17541452.35,5.689111483
20640,17541452.35,5.691379356
20655,17541452.35,5.693648341
20670,17541452.35,5.695918439
20685,17541452.35,5.698189648
20700,17541452.35,5.700461967
20715,17541452.35,5.702735395
20730,17541452.35,5.705009931
20745,17541452.35,5.707285574
20760,17541452.35,5.709562322
20775,17541452.35,5.711840175
20790,17541452.35,5.714119132
20805,17541452.35,5.716399191
20820,17541452.35,5.718680351
20835,17541452.35,5.720962611
20850,17541452.35,5.72324597
20865,17541452.35,5.725530428
20880,17541452.35,5.727815982
20895,17541452.35,5.730102632
20910,17541452.35,5.732390376
20925,17541452.35,5.734679214
20940,17541452.35,5.736969145
20955,17541452.35,5.739260167
20970,17541452.35,5.741552279
20985,17541452.35,5.743845481
21000,17541452.35,5.74613977
21015,17541452.35,5.748435146
21030,17541452.35,5.750731608
21045,17541452.35,5.753029155
21060,17541452.35,5.755327786
21075,17541452.35,5.757627499
21090,17541452.35,5.759928293
21105,17541452.35,5.762230168
21120,17541452.35,5.764533122
21135,17541452.35,5.766837153
21150,17541452.35,5.769142262
21165,17541452.35,5.771448447
21180,17541452.35,5.773755706
21195,17541452.35,5.776064039
21210,17541452.35,5.778373445
21225,17541452.35,5.780683922
21240,17541452.35,5.782995469
21255,17541452.35,5.785308085
21270,17541452.35,5.78762177
21285,17541452.35,5.789936521
21300,17541452.35,5.792252338
21315,17541452.35,5.79456922
21330,17541452.35,5.796887165
21345,17541452.35,5.799206173
21360,17541452.35,5.801526242
21375,17541452.35,5.803847372
21390,17541452.35,5.80616956
21405,17541452.35,5.808492807
21420,17541452.35,5.81081711
21435,17541452.35,5.813142469
21450,17541452.35,5.815468883
21465,17541452.35,5.81779635
21480,17541452.35,5.820124869
21495,17541452.35,5.82245444
21510,17541452.35,5.824785061
21525,17541452.35,5.827116731
21540,17541452.35,5.829449449
21555,17541452.35,5.831783214
21570,17541452.35,5.834118024
21585,17541452.35,5.836453878
21600,15664101.49,5.838790777
21615,17216409.74,5.841128717
21630,17216409.74,5.843467698
21645,17216409.74,5.84580772
21660,17216409.74,5.84814878
21675,17216409.74,5.850490878
21690,17216409.74,5.852834013
21705,17216409.74,5.855178183
21720,17216409.74,5.857523387
21735,17216409.74,5.859869625
21750,17216409.74,5.862216895
21765,17216409.74,5.864565196
21780,17216409.74,5.866914526
21795,17216409.74,5.869264886
21810,17216409.74,5.871616272
21825,17216409.74,5.873968686
21840,17216409.74,5.876322124
21855,17216409.74,5.878676587
21870,17216409.74,5.881032072
21885,17216409.74,5.88338858
21900,17216409.74,5.885746108
21915,17216409.74,5.888104656
21930,17216409.74,5.890464222
21945,17216409.74,5.892824806
21960,17216409.74,5.895186406
21975,17216409.74,5.897549021
21990,17216409.74,5.89991265
22005,17216409.74,5.902277292
22020,17216409.74,5.904642945
22035,17216409.74,5.907009609
22050,17216409.74,5.909377282
22065,17216409.74,5.911745963
22080,17216409.74,5.914115651
22095,17216409.74,5.916486346
22110,17216409.74,5.918858045
22125,17216409.74,5.921230747
22140,17216409.74,5.923604453
22155,17216409.74,5.925979159
22170,17216409.74,5.928354866
22185,17216409.74,5.930731572
22200,17216409.74,5.933109276
22215,17216409.74,5.935487976
22230,17216409.74,5.937867672
22245,17216409.74,5.940248363
22260,17216409.74,5.942630047
22275,17216409.74,5.945012723
22290,17216409.74,5.94739639
22305,17216409.74,5.949781047
22320,17216409.74,5.952166693
22335,17216409.74,5.954553326
22350,17216409.74,5.956940946
22365,17216409.74,5.959329551
22380,17216409.74,5.96171914
22395,17216409.74,5.964109712
22410,17216409.74,5.966501266
22425,17216409.74,5.9688938
22440,17216409.74,5.971287314
22455,17216409.74,5.973681807
22470,17216409.74,5.976077276
22485,17216409.74,5.978473722
22500,17216409.74,5.980871142
22515,17216409.74,5.983269537
22530,17216409.74,5.985668903
22545,17216409.74,5.988069242
22560,17216409.74,5.99047055
22575,17216409.74,5.992872828
22590,17216409.74,5.995276073
22605,17216409.74,5.997680286
22620,17216409.74,6.000085464
22635,17216409.74,6.002491606
22650,17216409.74,6.004898712
22665,17216409.74,6.00730678
22680,17216409.74,6.009715808
22695,17216409.74,6.012125797
22710,17216409.74,6.014536744
22725,17216409.74,6.016948649
22740,17216409.74,6.01936151
22755,17216409.74,6.021775327
22770,17216409.74,6.024190097
22785,17216409.74,6.02660582
22800,17216409.74,6.029022495
22815,17216409.74,6.031440121
22830,17216409.74,6.033858695
22845,17216409.74,6.036278218
22860,17216409.74,6.038698688
22875,17216409.74,6.041120104
22890,17216409.74,6.043542464
22905,17216409.74,6.045965768
22920,17216409.74,6.048390014
22935,17216409.74,6.050815202
22950,17216409.74,6.053241329
22965,17216409.74,6.055668395
22980,17216409.74,6.058096399
22995,17216409.74,6.06052534
23010,17216409.74,6.062955216
23025,17216409.74,6.065386025
23040,17216409.74,6.067817768
23055,17216409.74,6.070250443
23070,17216409.74,6.072684048
23085,17216409.74,6.075118583
23100,17216409.74,6.077554046
23115,17216409.74,6.079990436
23130,17216409.74,6.082427752
23145,17216409.74,6.084865993
23160,17216409.74,6.087305157
23175,17216409.74,6.089745244
23190,17216409.74,6.092186252
23205,17216409.74,6.09462818
23220,17216409.74,6.097071027
23235,17216409.74,6.099514792
23250,17216409.74,6.101959473
23265,17216409.74,6.104405069
23280,17216409.74,6.10685158
23295,17216409.74,6.109299004
23310,17216409.74,6.111747339
23325,17216409.74,6.114196585
23340,17216409.74,6.11664674
23355,17216409.74,6.119097804
23370,17216409.74,6.121549775
23385,17216409.74,6.124002652
23400,17216409.74,6.126456433
23415,17216409.74,6.128911118
23430,17216409.74,6.131366705
23445,17216409.74,6.133823193
23460,17216409.74,6.136280582
23475,17216409.74,6.138738869
23490,17216409.74,6.141198054
23505,17216409.74,6.143658135
23520,17216409.74,6.146119111
23535,17216409.74,6.148580982
23550,17216409.74,6.151043745
23565,17216409.74,6.1535074
23580,17216409.74,6.155971945
23595,17216409.74,6.15843738
23610,17216409.74,6.160903703
23625,17216409.74,6.163370912
23640,17216409.74,6.165839008
23655,17216409.74,6.168307988
23670,17216409.74,6.170777851
23685,17216409.74,6.173248597
23700,17216409.74,6.175720223
23715,17216409.74,6.178192729
23730,17216409.74,6.180666114
23745,17216409.74,6.183140376
23760,17216409.74,6.185615514
23775,17216409.74,6.188091528
23790,17216409.74,6.190568415
23805,17216409.74,6.193046174
23820,17216409.74,6.195524805
23835,17216409.74,6.198004307
23850,17216409.74,6.200484677
23865,17216409.74,6.202965915
23880,17216409.74,6.20544802
23895,17216409.74,6.20793099
23910,17216409.74,6.210414825
23925,17216409.74,6.212899522
23940,17216409.74,6.215385082
23955,17216409.74,6.217871502
23970,17216409.74,6.220358781
23985,17216409.74,6.222846919
24000,17216409.74,6.225335913
24015,17216409.74,6.227825764
24030,17216409.74,6.230316469
24045,17216409.74,6.232808027
24060,17216409.74,6.235300438
24075,17216409.74,6.2377937
24090,15384856.35,6.240287812
24105,16245803.75,6.242782772
24120,16245803.75,6.24527858
24135,16245803.75,6.247775234
24150,16245803.75,6.250272733
24165,16245803.75,6.252771075
24180,16245803.75,6.255270261
24195,16245803.75,6.257770288
24210,16245803.75,6.260271154
24225,16245803.75,6.26277286
24240,16245803.75,6.265275404
24255,16245803.75,6.267778784
24270,16245803.75,6.270283
24285,16245803.75,6.27278805
24300,16245803.75,6.275293933
24315,16245803.75,6.277800647
24330,16245803.75,6.280308192
24345,16245803.75,6.282816567
24360,16245803.75,6.285325769
24375,16245803.75,6.287835799
24390,16245803.75,6.290346654
24405,16245803.75,6.292858334
24420,16245803.75,6.295370836
24435,16245803.75,6.297884161
24450,16245803.75,6.300398307
24465,16245803.75,6.302913273
24480,16245803.75,6.305429056
24495,16245803.75,6.307945658
24510,16245803.75,6.310463075
24525,16245803.75,6.312981306
24540,16245803.75,6.315500352
24555,16245803.75,6.31802021
24570,16245803.75,6.320540879
24585,16245803.75,6.323062357
24600,16245803.75,6.325584645
24615,16245803.75,6.32810774
24630,16245803.75,6.330631641
24645,16245803.75,6.333156348
24660,16245803.75,6.335681858
24675,16245803.75,6.338208171
24690,16245803.75,6.340735285
24705,16245803.75,6.343263199
24720,16245803.75,6.345791913
24735,16245803.75,6.348321424
24750,16245803.75,6.350851732
24765,16245803.75,6.353382835
24780,16245803.75,6.355914732
24795,16245803.75,6.358447422
24810,16245803.75,6.360980903
24825,16245803.75,6.363515175
24840,16245803.75,6.366050236
24855,16245803.75,6.368586086
24870,16245803.75,6.371122722
24885,16245803.75,6.373660143
24900,16245803.75,6.376198349
24915,16245803.75,6.378737338
24930,16245803.75,6.381277108
24945,16245803.75,6.38381766
24960,16245803.75,6.38635899
24975,16245803.75,6.388901099
24990,16245803.75,6.391443985
25005,16245803.75,6.393987647
25020,16245803.75,6.396532083
25035,16245803.75,6.399077292
25050,16245803.75,6.401623274
25065,16245803.75,6.404170026
25080,16245803.75,6.406717548
25095,16245803.75,6.409265838
25110,16245803.75,6.411814896
25125,16245803.75,6.414364719
25140,16245803.75,6.416915307
25155,16245803.75,6.419466658
25170,16245803.75,6.422018772
25185,16245803.75,6.424571647
25200,14802146.04,6.427125281
25215,15974855.15,6.429679674
25230,15974855.15,6.432234824
25245,15974855.15,6.43479073
25260,15974855.15,6.437347391
25275,15974855.15,6.439904806
25290,15974855.15,6.442462973
25305,15974855.15,6.445021891
25320,15974855.15,6.447581559
25335,15974855.15,6.450141976
25350,15974855.15,6.45270314
25365,15974855.15,6.45526505
25380,15974855.15,6.457827706
25395,15974855.15,6.460391105
25410,15974855.15,6.462955246
25425,15974855.15,6.465520129
25440,15974855.15,6.468085751
25455,15974855.15,6.470652113
25470,15974855.15,6.473219212
25485,15974855.15,6.475787047
25500,15974855.15,6.478355618
25515,15974855.15,6.480924922
25530,15974855.15,6.483494959
25545,15974855.15,6.486065727
25560,15974855.15,6.488637225
25575,15974855.15,6.491209452
25590,15974855.15,6.493782407
25605,15974855.15,6.496356088
25620,15974855.15,6.498930494
25635,15974855.15,6.501505624
25650,15974855.15,6.504081477
25665,15974855.15,6.506658051
25680,15974855.15,6.509235345
25695,15974855.15,6.511813358
25710,15974855.15,6.514392089
25725,15974855.15,6.516971537
25740,15974855.15,6.519551699
25755,15974855.15,6.522132576
25770,15974855.15,6.524714165
25785,15974855.15,6.527296466
25800,15974855.15,6.529879477
25815,15974855.15,6.532463197
25830,15974855.15,6.535047624
25845,15974855.15,6.537632758
25860,15974855.15,6.540218598
25875,15974855.15,6.542805141
25890,15974855.15,6.545392387
25905,15974855.15,6.547980334
25920,15974855.15,6.550568982
25935,15974855.15,6.553158329
25950,15974855.15,6.555748373
25965,15974855.15,6.558339114
25980,15974855.15,6.560930551
25995,15974855.15,6.563522681
26010,15974855.15,6.566115504
26025,15974855.15,6.568709018
26040,15974855.15,6.571303223
26055,15974855.15,6.573898117
26070,15974855.15,6.576493698
26085,15974855.15,6.579089966
26100,15974855.15,6.581686919
26115,15974855.15,6.584284556
26130,15974855.15,6.586882876
26145,15974855.15,6.589481878
26160,15974855.15,6.592081559
26175,15974855.15,6.59468192
26190,15974855.15,6.597282958
26205,15974855.15,6.599884673
26220,15974855.15,6.602487063
26235,15974855.15,6.605090127
26250,15974855.15,6.607693863
26265,15974855.15,6.610298271
26280,15974855.15,6.61290335
26295,15974855.15,6.615509097
26310,15974855.15,6.618115512
26325,15974855.15,6.620722593
26340,15974855.15,6.62333034
26355,15974855.15,6.62593875
26370,15974855.15,6.628547823
26385,15974855.15,6.631157557
26400,15974855.15,6.633767952
26415,15974855.15,6.636379005
26430,15974855.15,6.638990716
26445,15974855.15,6.641603083
26460,15974855.15,6.644216106
26475,15974855.15,6.646829782
26490,15974855.15,6.649444111
26505,15974855.15,6.652059091
26520,15974855.15,6.654674721
26535,15974855.15,6.657291
26550,15974855.15,6.659907927
26565,15974855.15,6.6625255
26580,15974855.15,6.665143717
26595,15974855.15,6.667762579
26610,15974855.15,6.670382083
26625,15974855.15,6.673002228
26640,15918431.16,6.675623013
26655,15918431.16,6.678244437
26670,15918431.16,6.680866498
26685,15918431.16,6.683489196
26700,15918431.16,6.686112528
26715,15918431.16,6.688736494
26730,15918431.16,6.691361092
26745,15918431.16,6.693986321
26760,15918431.16,6.696612181
26775,15918431.16,6.699238668
26790,15918431.16,6.701865783
26805,15918431.16,6.704493525
26820,15918431.16,6.70712189
26835,15918431.16,6.70975088
26850,15918431.16,6.712380491
26865,15918431.16,6.715010724
26880,15918431.16,6.717641576
26895,15918431.16,6.720273047
26910,15918431.16,6.722905135
26925,15918431.16,6.725537838
26940,15918431.16,6.728171157
26955,15918431.16,6.730805088
26970,15918431.16,6.733439632
26985,15918431.16,6.736074786
27000,15918431.16,6.73871055
27015,15918431.16,6.741346923
27030,15918431.16,6.743983902
27045,16818868.99,6.746621487
27060,16818868.99,6.749259676
27075,16818868.99,6.751898469
27090,16818868.99,6.754537864
27105,16818868.99,6.757177859
27120,16818868.99,6.759818453
27135,16818868.99,6.762459646
27150,16818868.99,6.765101435
27165,16818868.99,6.76774382
27180,16818868.99,6.770386799
27195,16818868.99,6.773030372
27210,16818868.99,6.775674536
27225,16818868.99,6.77831929
27240,16818868.99,6.780964633
27255,16818868.99,6.783610565
27270,16818868.99,6.786257083
27285,16818868.99,6.788904186
27300,16818868.99,6.791551873
27315,16818868.99,6.794200144
27330,16818868.99,6.796848995
27345,16818868.99,6.799498427
27360,16818868.99,6.802148438
27375,16818868.99,6.804799026
27390,16818868.99,6.807450191
27405,16818868.99,6.810101931
27420,16818868.99,6.812754245
27435,16818868.99,6.815407131
27450,16818868.99,6.818060589
27465,16818868.99,6.820714617
27480,16818868.99,6.823369213
27495,16818868.99,6.826024377
27510,16818868.99,6.828680107
27525,16818868.99,6.831336401
27540,16818868.99,6.83399326
27555,16818868.99,6.836650681
27570,16818868.99,6.839308662
27585,16818868.99,6.841967204
27600,16818868.99,6.844626304
27615,16818868.99,6.847285961
27630,16818868.99,6.849946174
27645,16818868.99,6.852606942
27660,16818868.99,6.855268262
27675,16818868.99,6.857930136
27690,16818868.99,6.860592559
27705,16818868.99,6.863255533
27720,16818868.99,6.865919054
27735,16818868.99,6.868583122
27750,16818868.99,6.871247736
27765,16818868.99,6.873912895
27780,16818868.99,6.876578596
27795,16818868.99,6.879244839
27810,16818868.99,6.881911623
27825,16818868.99,6.884578946
27840,16818868.99,6.887246807
27855,16818868.99,6.889915204
27870,16818868.99,6.892584137
27885,16818868.99,6.895253604
27900,16818868.99,6.897923603
27915,16818868.99,6.900594135
27930,16818868.99,6.903265196
27945,16818868.99,6.905936786
27960,16818868.99,6.908608904
27975,16818868.99,6.911281548
27990,16818868.99,6.913954717
28005,16818868.99,6.91662841
28020,16818868.99,6.919302625
28035,16818868.99,6.921977362
28050,16818868.99,6.924652618
28065,16818868.99,6.927328393
28080,16818868.99,6.930004686
28095,16818868.99,6.932681494
28110,16818868.99,6.935358817
28125,16818868.99,6.938036653
28140,16818868.99,6.940715002
28155,16818868.99,6.943393861
28170,16818868.99,6.94607323
28185,16818868.99,6.948753108
28200,16818868.99,6.951433492
28215,16818868.99,6.954114382
28230,16818868.99,6.956795776
28245,16818868.99,6.959477673
28260,16818868.99,6.962160072
28275,16818868.99,6.964842972
28290,16818868.99,6.967526371
28305,16818868.99,6.970210268
28320,16818868.99,6.972894661
28335,16818868.99,6.97557955
28350,16818868.99,6.978264932
28365,16818868.99,6.980950808
28380,16818868.99,6.983637175
28395,16818868.99,6.986324032
28410,16818868.99,6.989011378
28425,16818868.99,6.991699211
28440,16818868.99,6.994387531
28455,16818868.99,6.997076336
28470,16818868.99,6.999765624
28485,16818868.99,7.002455395
28500,16818868.99,7.005145646
28515,16818868.99,7.007836378
28530,16818868.99,7.010527588
28545,16818868.99,7.013219275
28560,16818868.99,7.015911438
28575,16818868.99,7.018604076
28590,16818868.99,7.021297187
28605,16818868.99,7.02399077
28620,16818868.99,7.026684823
28635,16818868.99,7.029379346
28650,16818868.99,7.032074337
28665,16818868.99,7.034769795
28680,16818868.99,7.037465719
28695,16818868.99,7.040162106
28710,16818868.99,7.042858957
28725,16818868.99,7.045556269
28740,16818868.99,7.048254041
28755,16818868.99,7.050952272
28770,16818868.99,7.053650961
28785,16818868.99,7.056350106
28800,16818868.99,7.059049707
28815,16818868.99,7.061749761
28830,16818868.99,7.064450268
28845,16818868.99,7.067151225
28860,16818868.99,7.069852633
28875,16818868.99,7.072554489
28890,16818868.99,7.075256793
28905,16818868.99,7.077959542
28920,16818868.99,7.080662737
28935,16818868.99,7.083366374
28950,16818868.99,7.086070454
28965,16818868.99,7.088774974
28980,16818868.99,7.091479934
28995,16818868.99,7.094185331
29010,16818868.99,7.096891166
29025,16818868.99,7.099597436
29040,16818868.99,7.102304141
29055,16818868.99,7.105011278
29070,16818868.99,7.107718847
29085,16818868.99,7.110426846
29100,16818868.99,7.113135275
29115,16818868.99,7.115844131
29130,16818868.99,7.118553413
29145,16818868.99,7.12126312
29160,16818868.99,7.123973252
29175,16818868.99,7.126683805
29190,16818868.99,7.12939478
29205,16818868.99,7.132106175
29220,16818868.99,7.134817988
29235,16818868.99,7.137530219
29250,16818868.99,7.140242865
29265,16818868.99,7.142955926
29280,16818868.99,7.1456694
29295,16818868.99,7.148383287
29310,16818868.99,7.151097584
29325,16818868.99,7.15381229
29340,16818868.99,7.156527405
29355,16818868.99,7.159242926
29370,16818868.99,7.161958853
29385,16818868.99,7.164675183
29400,16818868.99,7.167391917
29415,16818868.99,7.170109052
29430,16818868.99,7.172826588
29445,16818868.99,7.175544522
29460,16818868.99,7.178262854
29475,16818868.99,7.180981582
29490,16818868.99,7.183700706
29505,16818868.99,7.186420222
29520,16818868.99,7.189140132
29535,16818868.99,7.191860432
29550,16818868.99,7.194581122
29565,16818868.99,7.1973022
29580,16818868.99,7.200023666
29595,16818868.99,7.202745517
29610,16818868.99,7.205467753
29625,16818868.99,7.208190372
29640,16818868.99,7.210913373
29655,16818868.99,7.213636754
29670,16818868.99,7.216360514
29685,16818868.99,7.219084653
29700,16818868.99,7.221809168
29715,16818868.99,7.224534058
29730,16818868.99,7.227259323
29745,16818868.99,7.22998496
29760,16818868.99,7.232710968
29775,16818868.99,7.235437346
29790,16818868.99,7.238164093
29805,16818868.99,7.240891208
29820,16818868.99,7.243618688
29835,16818868.99,7.246346534
29850,16818868.99,7.249074743
29865,16818868.99,7.251803313
29880,16818868.99,7.254532245
29895,16818868.99,7.257261536
29910,16818868.99,7.259991186
29925,16818868.99,7.262721192
29940,16818868.99,7.265451554
29955,16818868.99,7.26818227
29970,16818868.99,7.270913339
29985,16818868.99,7.27364476
30000,16818868.99,7.276376531
30015,16818868.99,7.27910865
30030,16818868.99,7.281841118
30045,16818868.99,7.284573932
30060,16818868.99,7.287307091
30075,16818868.99,7.290040593
30090,16818868.99,7.292774438
30105,16818868.99,7.295508624
30120,16818868.99,7.29824315
30135,16818868.99,7.300978014
30150,16818868.99,7.303713215
30165,16818868.99,7.306448752
30180,16818868.99,7.309184624
30195,16818868.99,7.311920829
30210,16818868.99,7.314657365
30225,16818868.99,7.317394232
30240,16818868.99,7.320131428
30255,16818868.99,7.322868952
30270,16818868.99,7.325606803
30285,16818868.99,7.328344979
30300,16818868.99,7.331083479
30315,16818868.99,7.333822301
30330,16818868.99,7.336561445
30345,16818868.99,7.339300908
30360,16818868.99,7.34204069
30375,16818868.99,7.34478079
30390,16818868.99,7.347521205
30405,16818868.99,7.350261935
30420,16818868.99,7.353002979
30435,16818868.99,7.355744334
30450,16818868.99,7.358486001
30465,16818868.99,7.361227976
30480,16818868.99,7.36397026
30495,16818868.99,7.36671285
30510,16818868.99,7.369455746
30525,16818868.99,7.372198946
30540,16818868.99,7.374942448
30555,16818868.99,7.377686252
30570,16818868.99,7.380430356
30585,16818868.99,7.383174759
30600,16818868.99,7.38591946
30615,16818868.99,7.388664456
30630,16818868.99,7.391409747
30645,16818868.99,7.394155332
30660,16818868.99,7.396901209
30675,16818868.99,7.399647377
30690,16818868.99,7.402393834
30705,16818868.99,7.40514058
30720,16818868.99,7.407887612
30735,16818868.99,7.41063493
30750,16818868.99,7.413382533
30765,16818868.99,7.416130418
30780,16818868.99,7.418878584
30795,16824544.88,7.421627031
30810,16824544.88,7.424375757
30825,16824544.88,7.427124761
30840,16824544.88,7.42987404
30855,16824544.88,7.432623595
30870,16824544.88,7.435373423
30885,16824544.88,7.438123524
30900,16824544.88,7.440873895
30915,16824544.88,7.443624537
30930,16824544.88,7.446375446
30945,16824544.88,7.449126623
30960,16824544.88,7.451878065
30975,16824544.88,7.454629771
30990,16824544.88,7.457381741
31005,16824544.88,7.460133972
31020,16824544.88,7.462886463
31035,16824544.88,7.465639214
31050,16824544.88,7.468392222
31065,16824544.88,7.471145487
31080,16824544.88,7.473899006
31095,16824544.88,7.47665278
31110,16824544.88,7.479406806
31125,16824544.88,7.482161082
31140,16824544.88,7.484915609
31155,16824544.88,7.487670384
31170,16824544.88,7.490425406
31185,16824544.88,7.493180674
31200,16824544.88,7.495936186
31215,16824544.88,7.498691941
31230,16824544.88,7.501447938
31245,16824544.88,7.504204175
31260,16824544.88,7.506960652
31275,16824544.88,7.509717366
31290,16824544.88,7.512474317
31305,16824544.88,7.515231503
31320,16824544.88,7.517988923
31335,16824544.88,7.520746575
31350,16824544.88,7.523504458
31365,16824544.88,7.526262571
31380,16824544.88,7.529020912
31395,16824544.88,7.531779481
31410,16824544.88,7.534538275
31425,16824544.88,7.537297294
31440,16824544.88,7.540056536
31455,16824544.88,7.542816
31470,16824544.88,7.545575684
31485,16824544.88,7.548335588
31500,16824544.88,7.551095709
31515,16824544.88,7.553856047
31530,16824544.88,7.5566166
31545,16824544.88,7.559377366
31560,16824544.88,7.562138346
31575,16824544.88,7.564899536
31590,16824544.88,7.567660936
31605,16824544.88,7.570422545
31620,16824544.88,7.573184361
31635,16824544.88,7.575946382
31650,16824544.88,7.578708609
31665,16824544.88,7.581471038
31680,16824544.88,7.584233669
31695,16824544.88,7.586996501
31710,16824544.88,7.589759532
31725,16824544.88,7.59252276
31740,16824544.88,7.595286186
31755,16824544.88,7.598049806
31770,16824544.88,7.60081362
31785,16824544.88,7.603577627
31800,16824544.88,7.606341825
31815,16824544.88,7.609106213
31830,16824544.88,7.611870789
31845,16824544.88,7.614635553
31860,16824544.88,7.617400502
31875,16824544.88,7.620165636
31890,16824544.88,7.622930953
31905,16824544.88,7.625696451
31920,16824544.88,7.628462131
31935,16824544.88,7.631227989
31950,16824544.88,7.633994026
31965,16824544.88,7.636760239
31980,16824544.88,7.639526627
31995,16824544.88,7.642293188
32010,16824544.88,7.645059923
32025,16824544.88,7.647826828
32040,16824544.88,7.650593904
32055,16824544.88,7.653361148
32070,16824544.88,7.656128559
32085,16824544.88,7.658896136
32100,16824544.88,7.661663877
32115,16824544.88,7.664431782
32130,16824544.88,7.667199848
32145,16824544.88,7.669968075
32160,16824544.88,7.672736461
32175,16824544.88,7.675505005
32190,16824544.88,7.678273705
32205,16824544.88,7.681042561
32220,16824544.88,7.68381157
32235,16824544.88,7.686580732
32250,16824544.88,7.689350045
32265,16824544.88,7.692119507
32280,16824544.88,7.694889119
32295,16824544.88,7.697658877
32310,16824544.88,7.700428781
32325,16824544.88,7.70319883
32340,16824544.88,7.705969022
32355,16824544.88,7.708739355
32370,16824544.88,7.711509829
32385,16824544.88,7.714280442
32400,16824544.88,7.717051193
32415,16824544.88,7.719822081
32430,16824544.88,7.722593103
32445,16824544.88,7.72536426
32460,16824544.88,7.728135548
32475,16824544.88,7.730906968
32490,16824544.88,7.733678518
32505,16824544.88,7.736450196
32520,16824544.88,7.739222001
32535,16824544.88,7.741993932
32550,16824544.88,7.744765987
32565,16824544.88,7.747538166
32580,16824544.88,7.750310466
32595,16824544.88,7.753082887
32610,16824544.88,7.755855426
32625,16824544.88,7.758628084
32640,16824544.88,7.761400857
32655,16824544.88,7.764173746
32670,16824544.88,7.766946749
32685,16824544.88,7.769719864
32700,16824544.88,7.77249309
32715,16824544.88,7.775266426
32730,16824544.88,7.77803987
32745,16824544.88,7.780813421
32760,16824544.88,7.783587078
32775,16824544.88,7.786360839
32790,16824544.88,7.789134704
32805,16824544.88,7.79190867
32820,16824544.88,7.794682736
32835,16824544.88,7.797456901
32850,16824544.88,7.800231164
32865,16824544.88,7.803005524
32880,16824544.88,7.805779978
32895,16824544.88,7.808554526
32910,16824544.88,7.811329166
32925,16824544.88,7.814103898
32940,16824544.88,7.816878719
32955,16824544.88,7.819653628
32970,16824544.88,7.822428624
32985,16824544.88,7.825203706
33000,16824544.88,7.827978872
33015,16824544.88,7.830754121
33030,16824544.88,7.833529452
33045,16824544.88,7.836304863
33060,16824544.88,7.839080353
33075,16824544.88,7.841855921
33090,16824544.88,7.844631565
33105,16824544.88,7.847407284
33120,16824544.88,7.850183076
33135,16824544.88,7.852958941
33150,16824544.88,7.855734876
33165,15940823.71,7.858510881
33180,17037937.6,7.861286955
33195,17037937.6,7.864063095
33210,17037937.6,7.866839301
33225,17037937.6,7.869615571
33240,17037937.6,7.872391904
33255,17037937.6,7.875168298
33270,17037937.6,7.877944753
33285,17037937.6,7.880721266
33300,17037937.6,7.883497837
33315,17037937.6,7.886274464
33330,17037937.6,7.889051146
33345,17037937.6,7.891827882
33360,17037937.6,7.89460467
33375,17037937.6,7.897381508
33390,17037937.6,7.900158396
33405,17037937.6,7.902935332
33420,17037937.6,7.905712315
33435,17037937.6,7.908489344
33450,17037937.6,7.911266417
33465,17037937.6,7.914043532
33480,17037937.6,7.916820689
33495,17037937.6,7.919597886
33510,17037937.6,7.922375121
33525,17037937.6,7.925152395
33540,17037937.6,7.927929704
33555,17037937.6,7.930707048
33570,17037937.6,7.933484425
33585,17037937.6,7.936261835
33600,17037937.6,7.939039275
33615,17037937.6,7.941816745
33630,17037937.6,7.944594242
33645,17037937.6,7.947371767
33660,17037937.6,7.950149317
33675,17037937.6,7.952926891
33690,17037937.6,7.955704487
33705,17037937.6,7.958482105
33720,17037937.6,7.961259743
33735,17037937.6,7.9640374
33750,17037937.6,7.966815074
33765,17037937.6,7.969592763
33780,17037937.6,7.972370468
33795,17037937.6,7.975148186
33810,17037937.6,7.977925916
33825,17037937.6,7.980703657
33840,17037937.6,7.983481406
33855,17037937.6,7.986259164
33870,17037937.6,7.989036929
33885,17037937.6,7.991814699
33900,17037937.6,7.994592472
33915,17037937.6,7.997370249
33930,17037937.6,8.000148026
33945,17037937.6,8.002925804
33960,17037937.6,8.00570358
33975,17037937.6,8.008481353
33990,17037937.6,8.011259122
34005,17037937.6,8.014036886
34020,17037937.6,8.016814643
34035,17037937.6,8.019592392
34050,17037937.6,8.022370132
34065,17037937.6,8.02514786
34080,17037937.6,8.027925577
34095,17037937.6,8.03070328
34110,17037937.6,8.033480969
34125,17037937.6,8.036258641
34140,17037937.6,8.039036295
34155,17037937.6,8.041813931
34170,17037937.6,8.044591547
34185,17037937.6,8.047369141
34200,17037937.6,8.050146712
34215,17037937.6,8.05292426
34230,17037937.6,8.055701781
34245,17037937.6,8.058479276
34260,17037937.6,8.061256743
34275,17037937.6,8.06403418
34290,17037937.6,8.066811586
34305,17037937.6,8.06958896
34320,17037937.6,8.0723663
34335,17037937.6,8.075143606
34350,17037937.6,8.077920875
34365,17037937.6,8.080698107
34380,17037937.6,8.083475299
34395,17037937.6,8.086252452
34410,17037937.6,8.089029563
34425,17037937.6,8.091806631
34440,17037937.6,8.094583654
34455,17037937.6,8.097360632
34470,17037937.6,8.100137563
34485,17037937.6,8.102914446
34500,17037937.6,8.10569128
34515,17037937.6,8.108468062
34530,17037937.6,8.111244792
34545,17037937.6,8.114021468
34560,17037937.6,8.116798089
34575,17037937.6,8.119574654
34590,17037937.6,8.122351161
34605,17037937.6,8.12512761
34620,17037937.6,8.127903998
34635,17037937.6,8.130680324
34650,17037937.6,8.133456587
34665,17037937.6,8.136232786
34680,17037937.6,8.139008919
34695,17037937.6,8.141784985
34710,17037937.6,8.144560983
34725,17037937.6,8.147336911
34740,17037937.6,8.150112768
34755,17037937.6,8.152888553
34770,17037937.6,8.155664264
34785,17037937.6,8.158439899
34800,17037937.6,8.161215459
34815,17037937.6,8.163990941
34830,17037937.6,8.166766343
34845,17037937.6,8.169541665
34860,17037937.6,8.172316906
34875,17037937.6,8.175092063
34890,17037937.6,8.177867136
34905,17037937.6,8.180642123
34920,17037937.6,8.183417023
34935,17037937.6,8.186191834
34950,17037937.6,8.188966556
34965,17037937.6,8.191741187
34980,17037937.6,8.194515725
34995,17037937.6,8.197290169
35010,17037937.6,8.200064518
35025,17037937.6,8.202838771
35040,17037937.6,8.205612926
35055,17037937.6,8.208386981
35070,17037937.6,8.211160937
35085,17037937.6,8.21393479
35100,17037937.6,8.21670854
35115,17037937.6,8.219482186
35130,17037937.6,8.222255726
35145,17037937.6,8.225029158
35160,17037937.6,8.227802482
35175,17037937.6,8.230575697
35190,17037937.6,8.2333488
35205,17037937.6,8.23612179
35220,17037937.6,8.238894667
35235,17037937.6,8.241667429
35250,17037937.6,8.244440073
35265,17037937.6,8.247212601
35280,17037937.6,8.249985008
35295,17037937.6,8.252757296
35310,17037937.6,8.255529461
35325,17037937.6,8.258301503
35340,17037937.6,8.261073421
35355,17037937.6,8.263845212
35370,17037937.6,8.266616877
35385,17037937.6,8.269388413
35400,17037937.6,8.272159819
35415,17037937.6,8.274931093
35430,17037937.6,8.277702235
35445,17037937.6,8.280473244
35460,17037937.6,8.283244117
35475,17037937.6,8.286014853
35490,17037937.6,8.288785451
35505,17037937.6,8.29155591
35520,17037937.6,8.294326229
35535,17037937.6,8.297096406
35550,17037937.6,8.299866439
35565,17037937.6,8.302636328
35580,17037937.6,8.30540607
35595,17037937.6,8.308175666
35610,17037937.6,8.310945113
35625,17037937.6,8.31371441
35640,17037937.6,8.316483555
35655,17037937.6,8.319252548
35670,17037937.6,8.322021387
35685,17037937.6,8.324790071
35700,17037937.6,8.327558598
35715,17037937.6,8.330326967
35730,17037937.6,8.333095177
35745,17037937.6,8.335863226
35760,17037937.6,8.338631113
35775,17037937.6,8.341398837
35790,17037937.6,8.344166397
35805,17037937.6,8.34693379
35820,17037937.6,8.349701016
35835,17037937.6,8.352468073
35850,17037937.6,8.355234961
35865,17037937.6,8.358001677
35880,17037937.6,8.36076822
35895,17037937.6,8.36353459
35910,17037937.6,8.366300784
35925,17037937.6,8.369066801
35940,17037937.6,8.371832641
35955,17037937.6,8.374598301
35970,17037937.6,8.37736378
35985,17037937.6,8.380129078
36000,17037937.6,8.382894192
36015,16498193.03,8.385659122
36030,17130924.88,8.388423865
36045,17130924.88,8.391188421
36060,17130924.88,8.393952789
36075,17130924.88,8.396716967
36090,17130924.88,8.399480953
36105,17130924.88,8.402244747
36120,17130924.88,8.405008346
36135,17130924.88,8.407771751
36150,17130924.88,8.410534958
36165,17130924.88,8.413297968
36180,17130924.88,8.416060778
36195,17130924.88,8.418823388
36210,17130924.88,8.421585796
36225,17130924.88,8.424348
36240,17130924.88,8.42711
36255,17130924.88,8.429871794
36270,17130924.88,8.432633381
36285,17130924.88,8.435394759
36300,17130924.88,8.438155926
36315,17130924.88,8.440916883
36330,17130924.88,8.443677627
36345,17130924.88,8.446438157
36360,17130924.88,8.449198472
36375,17130924.88,8.45195857
36390,17130924.88,8.45471845
36405,17130924.88,8.457478111
36420,17130924.88,8.460237551
36435,17130924.88,8.462996769
36450,17130924.88,8.465755764
36465,17130924.88,8.468514535
36480,17130924.88,8.471273079
36495,17130924.88,8.474031397
36510,17130924.88,8.476789485
36525,17130924.88,8.479547344
36540,17130924.88,8.482304971
36555,17130924.88,8.485062366
36570,17130924.88,8.487819527
36585,17130924.88,8.490576452
36600,17130924.88,8.493333141
36615,17130924.88,8.496089593
36630,17130924.88,8.498845804
36645,17130924.88,8.501601776
36660,17130924.88,8.504357505
36675,17130924.88,8.507112991
36690,17130924.88,8.509868233
36705,17130924.88,8.512623229
36720,17130924.88,8.515377977
36735,17130924.88,8.518132477
36750,17130924.88,8.520886727
36765,17130924.88,8.523640726
36780,17130924.88,8.526394473
36795,17130924.88,8.529147965
36810,17130924.88,8.531901202
36825,17130924.88,8.534654183
36840,17130924.88,8.537406906
36855,17130924.88,8.54015937
36870,17130924.88,8.542911573
36885,17130924.88,8.545663515
36900,17130924.88,8.548415193
36915,17130924.88,8.551166607
36930,17130924.88,8.553917755
36945,17130924.88,8.556668636
36960,17130924.88,8.559419249
36975,17130924.88,8.562169591
36990,17130924.88,8.564919663
37005,17130924.88,8.567669462
37020,17130924.88,8.570418988
37035,17130924.88,8.573168238
37050,17130924.88,8.575917212
37065,17130924.88,8.578665908
37080,17130924.88,8.581414325
37095,17130924.88,8.584162462
37110,17130924.88,8.586910317
37125,17130924.88,8.589657889
37140,17130924.88,8.592405177
37155,17130924.88,8.595152179
37170,17130924.88,8.597898893
37185,17130924.88,8.60064532
37200,17130924.88,8.603391457
37215,17130924.88,8.606137303
37230,17130924.88,8.608882856
37245,17130924.88,8.611628116
37260,17130924.88,8.614373081
37275,17130924.88,8.61711775
37290,17130924.88,8.619862121
37305,17130924.88,8.622606194
37320,17130924.88,8.625349965
37335,17130924.88,8.628093436
37350,17130924.88,8.630836603
37365,17130924.88,8.633579467
37380,17130924.88,8.636322024
37395,17130924.88,8.639064275
37410,17130924.88,8.641806218
37425,17130924.88,8.644547851
37440,17130924.88,8.647289173
37455,17130924.88,8.650030183
37470,17130924.88,8.65277088
37485,17130924.88,8.655511262
37500,17130924.88,8.658251328
37515,17130924.88,8.660991076
37530,17130924.88,8.663730505
37545,17130924.88,8.666469615
37560,17130924.88,8.669208403
37575,17130924.88,8.671946868
37590,17130924.88,8.674685009
37605,17130924.88,8.677422825
37620,17130924.88,8.680160314
37635,17130924.88,8.682897476
37650,17130924.88,8.685634307
37665,17130924.88,8.688370809
37680,17130924.88,8.691106978
37695,17130924.88,8.693842814
37710,17130924.88,8.696578315
37725,17130924.88,8.699313481
37740,17130924.88,8.702048309
37755,17130924.88,8.704782798
37770,17130924.88,8.707516948
37785,17130924.88,8.710250757
37800,17130924.88,8.712984223
37815,17130924.88,8.715717345
37830,17130924.88,8.718450122
37845,17130924.88,8.721182552
37860,17130924.88,8.723914635
37875,17130924.88,8.726646369
37890,17130924.88,8.729377752
37905,17130924.88,8.732108783
37920,17130924.88,8.734839462
37935,17130924.88,8.737569786
37950,17130924.88,8.740299754
37965,17130924.88,8.743029365
37980,17130924.88,8.745758618
37995,17130924.88,8.748487512
38010,17130924.88,8.751216044
38025,17130924.88,8.753944214
38040,17130924.88,8.756672021
38055,17130924.88,8.759399462
38070,17130924.88,8.762126538
38085,17130924.88,8.764853245
38100,17130924.88,8.767579584
38115,17130924.88,8.770305553
38130,17130924.88,8.773031151
38145,17130924.88,8.775756375
38160,17130924.88,8.778481225
38175,17130924.88,8.7812057
38190,17130924.88,8.783929799
38205,17130924.88,8.786653519
38220,17130924.88,8.78937686
38235,17130924.88,8.79209982
38250,17130924.88,8.794822398
38265,17130924.88,8.797544593
38280,17130924.88,8.800266403
38295,17130924.88,8.802987828
38310,17130924.88,8.805708865
38325,17130924.88,8.808429513
38340,17130924.88,8.811149772
38355,17130924.88,8.813869639
38370,17130924.88,8.816589114
38385,17130924.88,8.819308195
38400,17130924.88,8.822026881
38415,17130924.88,8.824745171
38430,17130924.88,8.827463063
38445,17130924.88,8.830180556
38460,17130924.88,8.832897648
38475,17130924.88,8.835614339
38490,17130924.88,8.838330627
38505,17130924.88,8.841046511
38520,17130924.88,8.843761989
38535,17130924.88,8.84647706
38550,17130924.88,8.849191722
38565,17130924.88,8.851905976
38580,17130924.88,8.854619818
38595,17130924.88,8.857333249
38610,17130924.88,8.860046266
38625,17130924.88,8.862758868
38640,17130924.88,8.865471054
38655,17130924.88,8.868182822
38670,17130924.88,8.870894172
38685,17130924.88,8.873605102
38700,17130924.88,8.876315611
38715,17130924.88,8.879025697
38730,17130924.88,8.881735359
38745,17130924.88,8.884444596
38760,17130924.88,8.887153407
38775,17130924.88,8.889861789
38790,17130924.88,8.892569743
38805,17130924.88,8.895277266
38820,17130924.88,8.897984357
38835,17130924.88,8.900691015
38850,17130924.88,8.903397239
38865,17130924.88,8.906103028
38880,17130924.88,8.908808379
38895,17130924.88,8.911513292
38910,17130924.88,8.914217765
38925,17130924.88,8.916921798
38940,17130924.88,8.919625388
38955,17130924.88,8.922328535
38970,17130924.88,8.925031237
38985,17130924.88,8.927733493
39000,17130924.88,8.930435301
39015,17130924.88,8.933136661
39030,17130924.88,8.935837571
39045,17130924.88,8.938538029
39060,17130924.88,8.941238035
39075,17130924.88,8.943937587
39090,17130924.88,8.946636684
39105,17130924.88,8.949335324
39120,17130924.88,8.952033506
39135,17130924.88,8.95473123
39150,17130924.88,8.957428493
39165,17130924.88,8.960125294
39180,17130924.88,8.962821632
39195,17130924.88,8.965517506
39210,17130924.88,8.968212914
39225,17130924.88,8.970907855
39240,17130924.88,8.973602328
39255,17130924.88,8.976296332
39270,17130924.88,8.978989864
39285,17130924.88,8.981682925
39300,17130924.88,8.984375512
39315,17130924.88,8.987067624
39330,17130924.88,8.989759261
39345,17130924.88,8.99245042
39360,17130924.88,8.9951411
39375,17130924.88,8.997831301
39390,17130924.88,9.00052102
39405,17130924.88,9.003210257
39420,17130924.88,9.00589901
39435,17130924.88,9.008587278
39450,17130924.88,9.01127506
39465,17130924.88,9.013962353
39480,17130924.88,9.016649158
39495,17130924.88,9.019335473
39510,17130924.88,9.022021296
39525,17130924.88,9.024706626
39540,17130924.88,9.027391462
39555,17130924.88,9.030075803
39570,17130924.88,9.032759646
39585,17130924.88,9.035442992
39600,17130924.88,9.038125838
39615,17130924.88,9.040808184
39630,17130924.88,9.043490028
39645,17130924.88,9.046171369
39660,17130924.88,9.048852205
39675,17130924.88,9.051532535
39690,17130924.88,9.054212358
39705,17130924.88,9.056891673
39720,17130924.88,9.059570478
39735,17130924.88,9.062248772
39750,17130924.88,9.064926554
39765,17130924.88,9.067603822
39780,17130924.88,9.070280575
39795,17130924.88,9.072956812
39810,17130924.88,9.075632532
39825,17130924.88,9.078307733
39840,17130924.88,9.080982414
39855,17130924.88,9.083656574
39870,17130924.88,9.086330211
39885,17130924.88,9.089003324
39900,17130924.88,9.091675913
39915,17130924.88,9.094347974
39930,17130924.88,9.097019508
39945,17130924.88,9.099690513
39960,17130924.88,9.102360987
39975,17130924.88,9.10503093
39990,17130924.88,9.10770034
40005,17130924.88,9.110369216
40020,17130924.88,9.113037556
40035,17130924.88,9.11570536
40050,17130924.88,9.118372625
40065,17130924.88,9.121039351
40080,17130924.88,9.123705537
40095,17130924.88,9.12637118
40110,17130924.88,9.129036281
40125,17130924.88,9.131700837
40140,17130924.88,9.134364847
40155,17130924.88,9.13702831
40170,17130924.88,9.139691225
40185,17130924.88,9.14235359
40200,17130924.88,9.145015404
40215,17130924.88,9.147676666
40230,17130924.88,9.150337375
40245,17130924.88,9.152997529
40260,17130924.88,9.155657127
40275,17130924.88,9.158316167
40290,17130924.88,9.160974649
40305,17130924.88,9.163632571
40320,17130924.88,9.166289932
40335,17130924.88,9.16894673
40350,17130924.88,9.171602965
40365,17130924.88,9.174258635
40380,17130924.88,9.176913738
40395,17130924.88,9.179568274
40410,17130924.88,9.182222241
40425,17130924.88,9.184875637
40440,17130924.88,9.187528463
40455,17130924.88,9.190180716
40470,17130924.88,9.192832394
40485,17130924.88,9.195483498
40500,17130924.88,9.198134025
40515,17130924.88,9.200783974
40530,17130924.88,9.203433344
40545,17130924.88,9.206082134
40560,17130924.88,9.208730342
40575,17130924.88,9.211377967
40590,17130924.88,9.214025008
40605,17130924.88,9.216671464
40620,17130924.88,9.219317332
40635,17130924.88,9.221962613
40650,17130924.88,9.224607304
40665,17130924.88,9.227251405
40680,17130924.88,9.229894914
40695,17130924.88,9.23253783
40710,17130924.88,9.235180152
40725,17130924.88,9.237821878
40740,17130924.88,9.240463007
40755,17130924.88,9.243103537
40770,17130924.88,9.245743469
40785,17130924.88,9.248382799
40800,17130924.88,9.251021527
40815,17130924.88,9.253659652
40830,17130924.88,9.256297173
40845,17130924.88,9.258934088
40860,17130924.88,9.261570395
40875,17130924.88,9.264206094
40890,17130924.88,9.266841184
40905,17130924.88,9.269475662
40920,17130924.88,9.272109529
40935,17130924.88,9.274742782
40950,17130924.88,9.27737542
40965,17130924.88,9.280007442
40980,17130924.88,9.282638847
40995,17130924.88,9.285269633
41010,17130924.88,9.287899799
41025,17130924.88,9.290529344
41040,17130924.88,9.293158267
41055,17130924.88,9.295786567
41070,17130924.88,9.298414241
41085,17130924.88,9.301041289
41100,17130924.88,9.30366771
41115,17130924.88,9.306293502
41130,17130924.88,9.308918665
41145,17130924.88,9.311543196
41160,17130924.88,9.314167094
41175,17130924.88,9.316790359
41190,17130924.88,9.319412988
41205,17130924.88,9.322034982
41220,17130924.88,9.324656338
41235,17130924.88,9.327277055
41250,17130924.88,9.329897131
41265,17130924.88,9.332516567
41280,17130924.88,9.33513536
41295,17130924.88,9.337753509
41310,17130924.88,9.340371013
41325,17130924.88,9.342987871
41340,17130924.88,9.34560408
41355,17130924.88,9.348219641
41370,17130924.88,9.350834552
41385,17130924.88,9.353448812
41400,17130924.88,9.356062418
41415,17130924.88,9.358675371
41430,17130924.88,9.361287668
41445,17130924.88,9.363899309
41460,17130924.88,9.366510292
41475,17130924.88,9.369120617
41490,17130924.88,9.371730281
41505,17130924.88,9.374339283
41520,17130924.88,9.376947623
41535,17130924.88,9.379555298
41550,17130924.88,9.382162309
41565,19694935.9,9.384768652
41580,19894690.4,9.387374328
41595,19894690.4,9.389979335
41610,19894690.4,9.392583672
41625,19894690.4,9.395187337
41640,19894690.4,9.397790329
41655,19894690.4,9.400392647
41670,19894690.4,9.40299429
41685,19894690.4,9.405595256
41700,19894690.4,9.408195544
41715,19894690.4,9.410795153
41730,19894690.4,9.413394082
41745,19894690.4,9.415992329
41760,19894690.4,9.418589894
41775,19894690.4,9.421186774
41790,19894690.4,9.423782969
41805,19894690.4,9.426378477
41820,19894690.4,9.428973297
41835,19894690.4,9.431567428
41850,19894690.4,9.434160869
41865,19894690.4,9.436753618
41880,19894690.4,9.439345675
41895,19894690.4,9.441937037
41910,19894690.4,9.444527704
41925,19894690.4,9.447117674
41940,19894690.4,9.449706946
41955,19894690.4,9.452295519
41970,19894690.4,9.454883392
41985,19894690.4,9.457470563
42000,19894690.4,9.460057032
42015,19894690.4,9.462642796
42030,19894690.4,9.465227855
42045,19894690.4,9.467812207
42060,19894690.4,9.470395851
42075,19894690.4,9.472978787
42090,19894690.4,9.475561012
42105,19894690.4,9.478142525
42120,19894690.4,9.480723325
42135,19894690.4,9.483303412
42150,19894690.4,9.485882783
42165,19894690.4,9.488461437
42180,19894690.4,9.491039374
42195,19894690.4,9.493616592
42210,19894690.4,9.496193089
42225,19894690.4,9.498768865
42240,19894690.4,9.501343918
42255,19894690.4,9.503918247
42270,19894690.4,9.506491851
42285,19894690.4,9.509064728
42300,19894690.4,9.511636877
42315,19894690.4,9.514208298
42330,19894690.4,9.516778988
42345,19894690.4,9.519348947
42360,19894690.4,9.521918173
42375,19894690.4,9.524486665
42390,19894690.4,9.527054422
42405,19894690.4,9.529621442
42420,19894690.4,9.532187725
42435,19894690.4,9.534753269
42450,19894690.4,9.537318073
42465,19894690.4,9.539882135
42480,19894690.4,9.542445455
42495,19894690.4,9.545008031
42510,19894690.4,9.547569861
42525,19894690.4,9.550130946
42540,19894690.4,9.552691283
42555,19894690.4,9.555250871
42570,19894690.4,9.557809709
42585,19894690.4,9.560367796
42600,19894690.4,9.562925131
42615,19894690.4,9.565481711
42630,19894690.4,9.568037537
42645,19894690.4,9.570592607
42660,19894690.4,9.573146919
42675,19894690.4,9.575700472
42690,19894690.4,9.578253266
42705,19894690.4,9.580805298
42720,19894690.4,9.583356568
42735,19894690.4,9.585907075
42750,19894690.4,9.588456816
42765,19894690.4,9.591005792
42780,19894690.4,9.593554
42795,19894690.4,9.59610144
42810,19894690.4,9.598648111
42825,19894690.4,9.60119401
42840,19894690.4,9.603739137
42855,19894690.4,9.60628349
42870,19894690.4,9.608827069
42885,19894690.4,9.611369873
42900,19894690.4,9.613911899
42915,19894690.4,9.616453146
42930,19894690.4,9.618993615
42945,19894690.4,9.621533302
42960,19894690.4,9.624072208
42975,19894690.4,9.62661033
42990,19894690.4,9.629147668
43005,19894690.4,9.63168422
43020,19894690.4,9.634219985
43035,19894690.4,9.636754962
43050,19894690.4,9.63928915
43065,19894690.4,9.641822547
43080,19894690.4,9.644355153
43095,19894690.4,9.646886965
43110,19894690.4,9.649417983
43125,19894690.4,9.651948206
43140,19894690.4,9.654477632
43155,19894690.4,9.657006261
43170,19894690.4,9.65953409
43185,19894690.4,9.662061119
43200,19894690.4,9.664587346
43215,19894690.4,9.667112771
43230,19894690.4,9.669637391
43245,19894690.4,9.672161207
43260,19894690.4,9.674684216
43275,19894690.4,9.677206417
43290,19894690.4,9.67972781
43305,19894690.4,9.682248392
43320,19894690.4,9.684768164
43335,19894690.4,9.687287122
43350,19894690.4,9.689805268
43365,19894690.4,9.692322598
43380,19894690.4,9.694839112
43395,19894690.4,9.697354808
43410,19894690.4,9.699869687
43425,19894690.4,9.702383745
43440,19894690.4,9.704896982
43455,19894690.4,9.707409398
43470,19894690.4,9.709920989
43485,19894690.4,9.712431757
43500,19894690.4,9.714941698
43515,19894690.4,9.717450812
43530,19894690.4,9.719959098
43545,19894690.4,9.722466555
43560,19894690.4,9.724973181
43575,19894690.4,9.727478975
43590,19894690.4,9.729983936
43605,19894690.4,9.732488063
43620,19894690.4,9.734991354
43635,19894690.4,9.737493808
43650,19894690.4,9.739995425
43665,19894690.4,9.742496202
43680,19894690.4,9.74499614
43695,19894690.4,9.747495235
43710,19894690.4,9.749993488
43725,19894690.4,9.752490897
43740,19894690.4,9.754987461
43755,19894690.4,9.757483178
43770,19894690.4,9.759978048
43785,19894690.4,9.762472069
43800,19894690.4,9.764965241
43815,19894690.4,9.767457561
43830,19894690.4,9.769949028
43845,19894690.4,9.772439642
43860,19894690.4,9.774929402
43875,19894690.4,9.777418305
43890,19894690.4,9.779906351
43905,19894690.4,9.782393539
43920,19894690.4,9.784879867
43935,19894690.4,9.787365335
43950,19894690.4,9.789849941
43965,19894690.4,9.792333683
43980,19894690.4,9.794816561
43995,19894690.4,9.797298573
44010,19894690.4,9.799779719
44025,19894690.4,9.802259997
44040,19894690.4,9.804739406
44055,19894690.4,9.807217944
44070,19894690.4,9.809695611
44085,19894690.4,9.812172405
44100,19894690.4,9.814648325
44115,19894690.4,9.81712337
44130,19894690.4,9.819597538
44145,19894690.4,9.82207083
44160,19894690.4,9.824543242
44175,19894690.4,9.827014775
44190,19894690.4,9.829485426
44205,19894690.4,9.831955195
44220,19894690.4,9.834424081
44235,19894690.4,9.836892082
44250,19894690.4,9.839359197
44265,19894690.4,9.841825426
44280,19894690.4,9.844290766
44295,19894690.4,9.846755216
44310,19894690.4,9.849218776
44325,19894690.4,9.851681444
44340,19894690.4,9.854143219
44355,19894690.4,9.8566041
44370,19894690.4,9.859064086
44385,19894690.4,9.861523175
44400,19894690.4,9.863981367
44415,19894690.4,9.866438659
44430,19894690.4,9.868895052
44445,19894690.4,9.871350543
44460,19894690.4,9.873805131
44475,19894690.4,9.876258816
44490,19894690.4,9.878711596
44505,19894690.4,9.881163471
44520,19894690.4,9.883614438
44535,19894690.4,9.886064496
44550,19894690.4,9.888513645
44565,19894690.4,9.890961883
44580,19894690.4,9.89340921
44595,19894690.4,9.895855623
44610,19894690.4,9.898301122
44625,19894690.4,9.900745706
44640,19894690.4,9.903189372
44655,19894690.4,9.905632122
44670,19894690.4,9.908073952
44685,19894690.4,9.910514861
44700,19894690.4,9.91295485
44715,19894690.4,9.915393916
44730,19894690.4,9.917832058
44745,19894690.4,9.920269276
44760,19894690.4,9.922705567
44775,19894690.4,9.925140931
44790,19894690.4,9.927575367
44805,19894690.4,9.930008873
44820,19894690.4,9.932441448
44835,19894690.4,9.934873092
44850,19894690.4,9.937303802
44865,19999825.79,9.939733578
44880,19999825.79,9.942162419
44895,19999825.79,9.944590323
44910,19999825.79,9.947017289
44925,19999825.79,9.949443317
44940,19999825.79,9.951868404
44955,19999825.79,9.95429255
44970,19999825.79,9.956715753
44985,19999825.79,9.959138013
45000,19999825.79,9.961559328
45015,19999825.79,9.963979697
45030,19999825.79,9.966399119
45045,19999825.79,9.968817592
45060,19999825.79,9.971235117
45075,19999825.79,9.97365169
45090,19999825.79,9.976067312
45105,19999825.79,9.97848198
45120,19999825.79,9.980895695
45135,19999825.79,9.983308454
45150,19999825.79,9.985720257
45165,19999825.79,9.988131102
45180,19999825.79,9.990540989
45195,19999825.79,9.992949915
45210,19999825.79,9.995357881
45225,19999825.79,9.997764884
45240,19999825.79,10.00017092
45255,19999825.79,10.002576
45270,19999825.79,10.00498011
45285,19999825.79,10.00738325
45300,19999825.79,10.00978542
45315,19999825.79,10.01218663
45330,19999825.79,10.01458686
45345,19999825.79,10.01698613
45360,19999825.79,10.01938442
45375,19999825.79,10.02178174
45390,19999825.79,10.02417808
45405,19999825.79,10.02657344
45420,19999825.79,10.02896783
45435,19999825.79,10.03136124
45450,19999825.79,10.03375367
45465,19999825.79,10.03614512
45480,19999825.79,10.03853559
45495,19999825.79,10.04092507
45510,19999825.79,10.04331357
45525,19999825.79,10.04570109
45540,19999825.79,10.04808761
45555,19999825.79,10.05047315
45570,19999825.79,10.05285771
45585,19999825.79,10.05524127
45600,19999825.79,10.05762384
45615,19999825.79,10.06000542
45630,19999825.79,10.062386
45645,19999825.79,10.06476559
45660,19999825.79,10.06714418
45675,19999825.79,10.06952178
45690,19999825.79,10.07189838
45705,19353618.87,10.07427398
45720,20024643.46,10.07664858
45735,20024643.46,10.07902218
45750,20024643.46,10.08139478
45765,20024643.46,10.08376637
45780,20024643.46,10.08613696
45795,20024643.46,10.08850654
45810,20024643.46,10.09087511
45825,20024643.46,10.09324268
45840,20024643.46,10.09560923
45855,20024643.46,10.09797478
45870,20024643.46,10.10033931
45885,20024643.46,10.10270283
45900,20024643.46,10.10506534
45915,20024643.46,10.10742683
45930,20024643.46,10.10978731
45945,20024643.46,10.11214676
45960,20024643.46,10.1145052
45975,20024643.46,10.11686262
45990,20024643.46,10.11921902
46005,20024643.46,10.1215744
46020,20024643.46,10.12392875
46035,20024643.46,10.12628208
46050,20024643.46,10.12863438
46065,20024643.46,10.13098566
46080,20024643.46,10.13333591
46095,20024643.46,10.13568513
46110,20024643.46,10.13803332
46125,20024643.46,10.14038048
46140,20024643.46,10.14272661
46155,20024643.46,10.14507171
46170,20024643.46,10.14741577
46185,20024643.46,10.14975879
46200,20024643.46,10.15210078
46215,20024643.46,10.15444173
46230,20024643.46,10.15678164
46245,20024643.46,10.15912051
46260,20024643.46,10.16145834
46275,20024643.46,10.16379512
46290,20024643.46,10.16613087
46305,20024643.46,10.16846557
46320,20024643.46,10.17079922
46335,20024643.46,10.17313183
46350,20024643.46,10.17546338
46365,20024643.46,10.17779389
46380,20024643.46,10.18012335
46395,20024643.46,10.18245176
46410,20024643.46,10.18477911
46425,20024643.46,10.18710542
46440,20024643.46,10.18943066
46455,20024643.46,10.19175485
46470,20024643.46,10.19407799
46485,20024643.46,10.19640006
46500,20024643.46,10.19872108
46515,20024643.46,10.20104103
46530,20024643.46,10.20335993
46545,20024643.46,10.20567776
46560,20024643.46,10.20799453
46575,20024643.46,10.21031023
46590,20024643.46,10.21262487
46605,20024643.46,10.21493844
46620,20024643.46,10.21725094
46635,20024643.46,10.21956238
46650,20024643.46,10.22187274
46665,20024643.46,10.22418203
46680,20024643.46,10.22649025
46695,20024643.46,10.22879739
46710,20024643.46,10.23110346
46725,20024643.46,10.23340846
46740,20024643.46,10.23571238
46755,20024643.46,10.23801521
46770,20024643.46,10.24031697
46785,20024643.46,10.24261765
46800,20024643.46,10.24491725
46815,20024643.46,10.24721577
46830,20024643.46,10.2495132
46845,20024643.46,10.25180954
46860,20024643.46,10.2541048
46875,20024643.46,10.25639898
46890,20024643.46,10.25869206
46905,20024643.46,10.26098406
46920,20024643.46,10.26327497
46935,20024643.46,10.26556478
46950,20024643.46,10.2678535
46965,20024643.46,10.27014113
46980,20024643.46,10.27242766
46995,20024643.46,10.2747131
47010,20024643.46,10.27699744
47025,20024643.46,10.27928068
47040,20024643.46,10.28156283
47055,20024643.46,10.28384387
47070,20024643.46,10.28612381
47085,20024643.46,10.28840265
47100,20024643.46,10.29068038
47115,20024643.46,10.29295701
47130,20024643.46,10.29523254
47145,20024643.46,10.29750696
47160,20024643.46,10.29978027
47175,20024643.46,10.30205247
47190,20024643.46,10.30432356
47205,20024643.46,10.30659354
47220,20024643.46,10.3088624
47235,20024643.46,10.31113016
47250,20024643.46,10.3133968
47265,20024643.46,10.31566232
47280,20024643.46,10.31792673
47295,20024643.46,10.32019002
47310,20024643.46,10.32245219
47325,20024643.46,10.32471324
47340,20024643.46,10.32697317
47355,20024643.46,10.32923197
47370,20024643.46,10.33148966
47385,20024643.46,10.33374621
47400,20024643.46,10.33600165
47415,20024643.46,10.33825595
47430,20024643.46,10.34050913
47445,20024643.46,10.34276118
47460,20024643.46,10.34501211
47475,20024643.46,10.3472619
47490,20024643.46,10.34951055
47505,20024643.46,10.35175808
47520,20024643.46,10.35400447
47535,20024643.46,10.35624972
47550,20024643.46,10.35849384
47565,20024643.46,10.36073683
47580,20024643.46,10.36297867
47595,20024643.46,10.36521937
47610,20024643.46,10.36745894
47625,20024643.46,10.36969736
47640,20024643.46,10.37193464
47655,20024643.46,10.37417077
47670,20024643.46,10.37640576
47685,20024643.46,10.3786396
47700,20024643.46,10.3808723
47715,20024643.46,10.38310385
47730,20024643.46,10.38533425
47745,20024643.46,10.3875635
47760,20024643.46,10.3897916
47775,20024643.46,10.39201854
47790,20024643.46,10.39424433
47805,20024643.46,10.39646897
47820,20024643.46,10.39869245
47835,20024643.46,10.40091477
47850,20024643.46,10.40313594
47865,20024643.46,10.40535595
47880,20024643.46,10.4075748
47895,20024643.46,10.40979248
47910,20024643.46,10.41200901
47925,20024643.46,10.41422437
47940,20024643.46,10.41643857
47955,20024643.46,10.4186516
47970,20024643.46,10.42086346
47985,20024643.46,10.42307416
48000,20024643.46,10.42528369
48015,20024643.46,10.42749205
48030,20024643.46,10.42969924
48045,20024643.46,10.43190526
48060,20024643.46,10.4341101
48075,20024643.46,10.43631377
48090,20024643.46,10.43851627
48105,20024643.46,10.44071759
48120,20024643.46,10.44291773
48135,20024643.46,10.44511669
48150,20024643.46,10.44731448
48165,20024643.46,10.44951108
48180,20024643.46,10.45170651
48195,20024643.46,10.45390075
48210,20024643.46,10.45609381
48225,20024643.46,10.45828568
48240,20024643.46,10.46047637
48255,20024643.46,10.46266587
48270,20024643.46,10.46485418
48285,20024643.46,10.46704131
48300,20024643.46,10.46922724
48315,20024643.46,10.47141199
48330,20024643.46,10.47359554
48345,20024643.46,10.4757779
48360,20024643.46,10.47795907
48375,20024643.46,10.48013904
48390,20024643.46,10.48231781
48405,20024643.46,10.48449539
48420,20024643.46,10.48667177
48435,20024643.46,10.48884695
48450,20024643.46,10.49102093
48465,20024643.46,10.49319371
48480,20024643.46,10.49536529
48495,20024643.46,10.49753566
48510,20024643.46,10.49970483
48525,20024643.46,10.50187279
48540,20024643.46,10.50403955
48555,20024643.46,10.5062051
48570,20024643.46,10.50836944
48585,20024643.46,10.51053257
48600,20024643.46,10.51269449
48615,20024643.46,10.5148552
48630,20024643.46,10.51701469
48645,20024643.46,10.51917298
48660,20024643.46,10.52133004
48675,20024643.46,10.52348589
48690,20024643.46,10.52564053
48705,20024643.46,10.52779394
48720,20024643.46,10.52994614
48735,20024643.46,10.53209712
48750,20024643.46,10.53424687
48765,20024643.46,10.53639541
48780,20024643.46,10.53854272
48795,20018967.56,10.5406888
48810,20018967.56,10.54283367
48825,20018967.56,10.5449773
48840,20018967.56,10.54711971
48855,20018967.56,10.54926089
48870,20018967.56,10.55140084
48885,20018967.56,10.55353956
48900,20018967.56,10.55567704
48915,20018967.56,10.5578133
48930,20018967.56,10.55994832
48945,20018967.56,10.56208211
48960,20018967.56,10.56421466
48975,20018967.56,10.56634597
48990,20018967.56,10.56847605
49005,20018967.56,10.57060489
49020,20018967.56,10.57273249
49035,20018967.56,10.57485885
49050,20018967.56,10.57698396
49065,20018967.56,10.57910784
49080,20018967.56,10.58123047
49095,20018967.56,10.58335185
49110,20018967.56,10.58547199
49125,20018967.56,10.58759089
49140,20018967.56,10.58970853
49155,20018967.56,10.59182493
49170,20018967.56,10.59394007
49185,20018967.56,10.59605397
49200,20018967.56,10.59816661
49215,20018967.56,10.600278
49230,20018967.56,10.60238814
49245,20018967.56,10.60449702
49260,20018967.56,10.60660464
49275,20018967.56,10.60871101
49290,20018967.56,10.61081612
49305,19804227.08,10.61291997
49320,19804227.08,10.61502256
49335,19804227.08,10.61712389
49350,19804227.08,10.61922396
49365,19804227.08,10.62132276
49380,19804227.08,10.6234203
49395,19804227.08,10.62551658
49410,19804227.08,10.62761159
49425,19804227.08,10.62970533
49440,19804227.08,10.6317978
49455,19804227.08,10.63388901
49470,19804227.08,10.63597894
49485,19804227.08,10.6380676
49500,19804227.08,10.64015499
49515,19804227.08,10.64224111
49530,19804227.08,10.64432596
49545,19804227.08,10.64640952
49560,19804227.08,10.64849182
49575,19804227.08,10.65057283
49590,19804227.08,10.65265257
49605,19804227.08,10.65473102
49620,19804227.08,10.6568082
49635,19804227.08,10.6588841
49650,19804227.08,10.66095871
49665,19804227.08,10.66303204
49680,19804227.08,10.66510409
49695,19804227.08,10.66717485
49710,19804227.08,10.66924432
49725,19804227.08,10.67131251
49740,19804227.08,10.67337941
49755,19804227.08,10.67544502
49770,19804227.08,10.67750933
49785,19804227.08,10.67957236
49800,19804227.08,10.6816341
49815,19804227.08,10.68369454
49830,19804227.08,10.68575369
49845,19804227.08,10.68781154
49860,19804227.08,10.6898681
49875,19804227.08,10.69192336
49890,19804227.08,10.69397732
49905,19804227.08,10.69602998
49920,19804227.08,10.69808135
49935,19804227.08,10.70013141
49950,19804227.08,10.70218017
49965,19804227.08,10.70422762
49980,19804227.08,10.70627377
49995,19804227.08,10.70831862
50010,19804227.08,10.71036216
50025,19804227.08,10.71240439
50040,19804227.08,10.71444532
50055,19804227.08,10.71648494
50070,19804227.08,10.71852324
50085,19804227.08,10.72056024
50100,19804227.08,10.72259592
50115,19804227.08,10.72463029
50130,19804227.08,10.72666335
50145,19804227.08,10.72869509
50160,19804227.08,10.73072551
50175,19804227.08,10.73275462
50190,19804227.08,10.73478241
50205,19804227.08,10.73680889
50220,19804227.08,10.73883404
50235,19804227.08,10.74085787
50250,19804227.08,10.74288038
50265,19804227.08,10.74490156
50280,19804227.08,10.74692143
50295,19804227.08,10.74893997
50310,19804227.08,10.75095718
50325,19804227.08,10.75297306
50340,19804227.08,10.75498762
50355,19804227.08,10.75700085
50370,19804227.08,10.75901275
50385,19804227.08,10.76102332
50400,19804227.08,10.76303256
50415,19326496.85,10.76504046
50430,20414871.55,10.76704704
50445,20414871.55,10.76905227
50460,20414871.55,10.77105618
50475,20414871.55,10.77305874
50490,20414871.55,10.77505997
50505,20414871.55,10.77705986
50520,20414871.55,10.77905841
50535,20414871.55,10.78105562
50550,20414871.55,10.78305149
50565,20414871.55,10.78504602
50580,20414871.55,10.7870392
50595,20414871.55,10.78903105
50610,20414871.55,10.79102154
50625,20414871.55,10.79301069
50640,20414871.55,10.79499849
50655,20414871.55,10.79698495
50670,20414871.55,10.79897005
50685,20414871.55,10.80095381
50700,20414871.55,10.80293621
50715,20414871.55,10.80491727
50730,20414871.55,10.80689697
50745,20414871.55,10.80887531
50760,20414871.55,10.81085231
50775,20414871.55,10.81282794
50790,20414871.55,10.81480222
50805,20414871.55,10.81677515
50820,20414871.55,10.81874671
50835,20414871.55,10.82071692
50850,20414871.55,10.82268576
50865,20414871.55,10.82465325
50880,20414871.55,10.82661937
50895,20414871.55,10.82858413
50910,20414871.55,10.83054752
50925,20414871.55,10.83250955
50940,20414871.55,10.83447021
50955,20414871.55,10.83642951
50970,20414871.55,10.83838744
50985,20414871.55,10.840344
51000,20414871.55,10.84229919
51015,20414871.55,10.84425301
51030,20414871.55,10.84620545
51045,20414871.55,10.84815653
51060,20414871.55,10.85010623
51075,20414871.55,10.85205456
51090,20414871.55,10.85400151
51105,20414871.55,10.85594708
51120,20414871.55,10.85789128
51135,20414871.55,10.8598341
51150,20414871.55,10.86177554
51165,18243914.79,10.8637156
51180,18243914.79,10.86565428
51195,18243914.79,10.86759158
51210,18243914.79,10.86952749
51225,18243914.79,10.87146202
51240,18243914.79,10.87339517
51255,18243914.79,10.87532693
51270,18243914.79,10.8772573
51285,18243914.79,10.87918629
51300,18243914.79,10.88111389
51315,18243914.79,10.88304009
51330,18243914.79,10.88496491
51345,18243914.79,10.88688834
51360,18243914.79,10.88881037
51375,18243914.79,10.89073101
51390,18243914.79,10.89265026
51405,18243914.79,10.89456811
51420,18243914.79,10.89648457
51435,18243914.79,10.89839963
51450,18243914.79,10.90031329
51465,18243914.79,10.90222555
51480,18243914.79,10.90413641
51495,18243914.79,10.90604588
51510,18243914.79,10.90795394
51525,18243914.79,10.9098606
51540,18243914.79,10.91176585
51555,18243914.79,10.9136697
51570,18243914.79,10.91557215
51585,18243914.79,10.91747319
51600,18243914.79,10.91937282
51615,18243914.79,10.92127105
51630,18243914.79,10.92316787
51645,18243914.79,10.92506327
51660,18243914.79,10.92695727
51675,18243914.79,10.92884985
51690,18243914.79,10.93074103
51705,18243914.79,10.93263078
51720,18243914.79,10.93451913
51735,18243914.79,10.93640606
51750,18243914.79,10.93829157
51765,18243914.79,10.94017567
51780,18243914.79,10.94205835
51795,18243914.79,10.94393961
51810,18243914.79,10.94581945
51825,18243914.79,10.94769786
51840,18243914.79,10.94957486
51855,18243914.79,10.95145044
51870,18243914.79,10.95332459
51885,18243914.79,10.95519732
51900,18243914.79,10.95706862
51915,18243914.79,10.9589385
51930,18243914.79,10.96080695
51945,18243914.79,10.96267397
51960,18243914.79,10.96453956
51975,18243914.79,10.96640372
51990,18243914.79,10.96826646
52005,18243914.79,10.97012776
52020,18243914.79,10.97198763
52035,18243914.79,10.97384606
52050,18243914.79,10.97570306
52065,18243914.79,10.97755863
52080,18243914.79,10.97941276
52095,18243914.79,10.98126545
52110,18243914.79,10.98311671
52125,18243914.79,10.98496653
52140,18243914.79,10.9868149
52155,18243914.79,10.98866184
52170,18243914.79,10.99050734
52185,18243914.79,10.99235139
52200,18243914.79,10.994194
52215,18243914.79,10.99603517
52230,18243914.79,10.99787489
52245,17616434.61,10.99971317
52260,17616434.61,11.00155
52275,17616434.61,11.00338538
52290,17616434.61,11.00521931
52305,17616434.61,11.0070518
52320,17616434.61,11.00888283
52335,17616434.61,11.01071242
52350,17616434.61,11.01254055
52365,17616434.61,11.01436723
52380,17616434.61,11.01619245
52395,17616434.61,11.01801622
52410,17616434.61,11.01983854
52425,17616434.61,11.02165939
52440,17616434.61,11.0234788
52455,17616434.61,11.02529674
52470,17616434.61,11.02711322
52485,17616434.61,11.02892825
52500,17616434.61,11.03074181
52515,17616434.61,11.03255391
52530,17616434.61,11.03436455
52545,17616434.61,11.03617373
52560,17616434.61,11.03798144
52575,17616434.61,11.03978769
52590,17616434.61,11.04159247
52605,17616434.61,11.04339578
52620,17616434.61,11.04519763
52635,17616434.61,11.04699801
52650,17616434.61,11.04879692
52665,17616434.61,11.05059436
52680,17616434.61,11.05239032
52695,17616434.61,11.05418482
52710,17616434.61,11.05597784
52725,17616434.61,11.05776939
52740,17616434.61,11.05955946
52755,17616434.61,11.06134806
52770,17616434.61,11.06313518
52785,17616434.61,11.06492083
52800,17616434.61,11.066705
52815,17616434.61,11.06848768
52830,17616434.61,11.07026889
52845,17616434.61,11.07204862
52860,17616434.61,11.07382686
52875,17616434.61,11.07560363
52890,17616434.61,11.07737891
52905,17616434.61,11.0791527
52920,17616434.61,11.08092502
52935,17616434.61,11.08269584
52950,17616434.61,11.08446518
52965,17616434.61,11.08623303
52980,17616434.61,11.0879994
52995,17616434.61,11.08976427
53010,17616434.61,11.09152765
53025,17616434.61,11.09328955
53040,17616434.61,11.09504995
53055,17616434.61,11.09680886
53070,17616434.61,11.09856627
53085,17616434.61,11.10032219
53100,17616434.61,11.10207662
53115,17616434.61,11.10382955
53130,17616434.61,11.10558098
53145,17616434.61,11.10733092
53160,17616434.61,11.10907935
53175,17616434.61,11.11082629
53190,17616434.61,11.11257173
53205,17616434.61,11.11431566
53220,17616434.61,11.1160581
53235,17616434.61,11.11779903
53250,17616434.61,11.11953846
53265,17616434.61,11.12127638
53280,17616434.61,11.1230128
53295,17616434.61,11.12474771
53310,17616434.61,11.12648112
53325,17616434.61,11.12821301
53340,17616434.61,11.1299434
53355,17616434.61,11.13167228
53370,17616434.61,11.13339965
53385,17616434.61,11.13512551
53400,17616434.61,11.13684986
53415,17616434.61,11.13857269
53430,17616434.61,11.14029401
53445,17616434.61,11.14201381
53460,17616434.61,11.1437321
53475,17616434.61,11.14544888
53490,17616434.61,11.14716414
53505,17616434.61,11.14887788
53520,17616434.61,11.1505901
53535,17616434.61,11.1523008
53550,17616434.61,11.15400998
53565,17616434.61,11.15571764
53580,17616434.61,11.15742378
53595,17616434.61,11.15912839
53610,17616434.61,11.16083149
53625,17616434.61,11.16253305
53640,17616434.61,11.1642331
53655,17616434.61,11.16593161
53670,17616434.61,11.1676286
53685,17616434.61,11.16932407
53700,17616434.61,11.171018
53715,17616434.61,11.17271041
53730,17616434.61,11.17440128
53745,17616434.61,11.17609062
53760,17616434.61,11.17777844
53775,17616434.61,11.17946472
53790,17616434.61,11.18114946
53805,17616434.61,11.18283267
53820,17616434.61,11.18451435
53835,17616434.61,11.18619449
53850,17616434.61,11.1878731
53865,17616434.61,11.18955017
53880,17616434.61,11.1912257
53895,17616434.61,11.19289969
53910,17616434.61,11.19457214
53925,17616434.61,11.19624305
53940,17616434.61,11.19791242
53955,17616434.61,11.19958024
53970,17616434.61,11.20124653
53985,17616434.61,11.20291127
54000,17616434.61,11.20457446
54015,17616434.61,11.20623611
54030,17616434.61,11.20789622
54045,17616434.61,11.20955477
54060,17616434.61,11.21121178
54075,17616434.61,11.21286724
54090,17616434.61,11.21452115
54105,17616434.61,11.21617351
54120,17616434.61,11.21782432
54135,17616434.61,11.21947358
54150,17616434.61,11.22112128
54165,17616434.61,11.22276744
54180,17616434.61,11.22441203
54195,17616434.61,11.22605508
54210,17616434.61,11.22769656
54225,17616434.61,11.22933649
54240,17616434.61,11.23097487
54255,17616434.61,11.23261168
54270,17616434.61,11.23424694
54285,17616434.61,11.23588063
54300,17616434.61,11.23751277
54315,17616434.61,11.23914334
54330,17616434.61,11.24077235
54345,17616434.61,11.2423998
54360,17616434.61,11.24402569
54375,17616434.61,11.24565001
54390,17616434.61,11.24727277
54405,17616434.61,11.24889396
54420,17616434.61,11.25051358
54435,17616434.61,11.25213163
54450,17616434.61,11.25374812
54465,17616434.61,11.25536304
54480,17616434.61,11.25697639
54495,17616434.61,11.25858816
54510,17616434.61,11.26019837
54525,17616434.61,11.261807
54540,17616434.61,11.26341407
54555,17616434.61,11.26501955
54570,17616434.61,11.26662346
54585,17616434.61,11.2682258
54600,17616434.61,11.26982656
54615,17616434.61,11.27142575
54630,17616434.61,11.27302335
54645,17616434.61,11.27461938
54660,17616434.61,11.27621383
54675,17616434.61,11.2778067
54690,17616434.61,11.27939799
54705,17616434.61,11.28098769
54720,17616434.61,11.28257582
54735,17616434.61,11.28416236
54750,17616434.61,11.28574732
54765,17616434.61,11.28733069
54780,17616434.61,11.28891248
54795,17616434.61,11.29049268
54810,17616434.61,11.29207129
54825,17616434.61,11.29364832
54840,17616434.61,11.29522376
54855,17616434.61,11.29679761
54870,17616434.61,11.29836987
54885,17616434.61,11.29994054
54900,17616434.61,11.30150961
54915,17616434.61,11.3030771
54930,17616434.61,11.30464299
54945,17616434.61,11.30620729
54960,17616434.61,11.30777
54975,17616434.61,11.3093311
54990,17616434.61,11.31089062
55005,17616434.61,11.31244853
55020,17616434.61,11.31400485
55035,17616434.61,11.31555957
55050,17616434.61,11.3171127
55065,17616434.61,11.31866422
55080,17616434.61,11.32021414
55095,17616434.61,11.32176246
55110,17616434.61,11.32330918
55125,17616434.61,11.3248543
55140,17616434.61,11.32639781
55155,17616434.61,11.32793972
55170,17616434.61,11.32948002
55185,17616434.61,11.33101872
55200,17616434.61,11.33255581
55215,17616434.61,11.3340913
55230,17616434.61,11.33562517
55245,17616434.61,11.33715744
55260,17616434.61,11.3386881
55275,17616434.61,11.34021715
55290,17616434.61,11.34174458
55305,17616434.61,11.34327041
55320,17616434.61,11.34479462
55335,17616434.61,11.34631723
55350,17616434.61,11.34783821
55365,17616434.61,11.34935758
55380,17616434.61,11.35087534
55395,17616434.61,11.35239148
55410,17616434.61,11.35390601
55425,17616434.61,11.35541892
55440,17616434.61,11.3569302
55455,17616434.61,11.35843987
55470,17616434.61,11.35994792
55485,17616434.61,11.36145435
55500,17616434.61,11.36295916
55515,17616434.61,11.36446235
55530,17616434.61,11.36596392
55545,17616434.61,11.36746386
55560,17616434.61,11.36896217
55575,17616434.61,11.37045887
55590,17616434.61,11.37195394
55605,17616434.61,11.37344738
55620,17616434.61,11.37493919
55635,17616434.61,11.37642938
55650,17616434.61,11.37791794
55665,17616434.61,11.37940487
55680,17616434.61,11.38089017
55695,17616434.61,11.38237383
55710,17616434.61,11.38385587
55725,17616434.61,11.38533628
55740,17616434.61,11.38681505
55755,17616434.61,11.38829219
55770,17616434.61,11.3897677
55785,17616434.61,11.39124157
55800,17616434.61,11.39271381
55815,17616434.61,11.39418441
55830,17616434.61,11.39565337
55845,17616434.61,11.3971207
55860,17616434.61,11.39858638
55875,17616434.61,11.40005043
55890,17616434.61,11.40151284
55905,17616434.61,11.40297361
55920,17616434.61,11.40443274
55935,17616434.61,11.40589022
55950,17616434.61,11.40734607
55965,17616434.61,11.40880027
55980,17616434.61,11.41025282
55995,17616434.61,11.41170373
56010,17616434.61,11.413153
56025,17616434.61,11.41460062
56040,17616434.61,11.41604659
56055,17616434.61,11.41749092
56070,17616434.61,11.4189336
56085,17616434.61,11.42037462
56100,17616434.61,11.421814
56115,17616434.61,11.42325173
56130,17616434.61,11.42468781
56145,17616434.61,11.42612224
56160,17616434.61,11.42755501
56175,17616434.61,11.42898614
56190,17616434.61,11.4304156
56205,17616434.61,11.43184342
56220,17616434.61,11.43326958
56235,17616434.61,11.43469408
56250,17616434.61,11.43611693
56265,17616434.61,11.43753811
56280,17616434.61,11.43895765
56295,17616434.61,11.44037552
56310,17616434.61,11.44179173
56325,17616434.61,11.44320629
56340,17616434.61,11.44461918
56355,17616434.61,11.44603041
56370,17616434.61,11.44743999
56385,17616434.61,11.44884789
56400,17616434.61,11.45025414
56415,17616434.61,11.45165872
56430,17616434.61,11.45306164
56445,17616434.61,11.45446289
56460,17616434.61,11.45586247
56475,17616434.61,11.45726039
56490,17616434.61,11.45865664
56505,17616434.61,11.46005123
56520,17616434.61,11.46144414
56535,17616434.61,11.46283539
56550,17616434.61,11.46422496
56565,17616434.61,11.46561287
56580,17616434.61,11.4669991
56595,17616434.61,11.46838366
56610,17616434.61,11.46976655
56625,17616434.61,11.47114777
56640,17616434.61,11.47252731
56655,17616434.61,11.47390518
56670,17616434.61,11.47528137
56685,17616434.61,11.47665589
56700,17616434.61,11.47802873
56715,17616434.61,11.47939989
56730,17616434.61,11.48076937
56745,17616434.61,11.48213718
56760,17616434.61,11.4835033
56775,17616434.61,11.48486775
56790,17616434.61,11.48623052
56805,17616434.61,11.4875916
56820,17616434.61,11.488951
56835,17616434.61,11.49030872
56850,17616434.61,11.49166476
56865,17616434.61,11.49301911
56880,17616434.61,11.49437178
56895,17616434.61,11.49572276
56910,17616434.61,11.49707206
56925,17616434.61,11.49841967
56940,17616434.61,11.4997656
56955,17616434.61,11.50110983
56970,17616434.61,11.50245238
56985,17616434.61,11.50379324
57000,17616434.61,11.50513241
57015,17616434.61,11.50646989
57030,17616434.61,11.50780567
57045,17616434.61,11.50913977
57060,17616434.61,11.51047217
57075,17616434.61,11.51180288
57090,17616434.61,11.5131319
57105,17616434.61,11.51445922
57120,17616434.61,11.51578485
57135,17616434.61,11.51710878
57150,17616434.61,11.51843102
57165,17616434.61,11.51975156
57180,17616434.61,11.5210704
57195,17616434.61,11.52238755
57210,17616434.61,11.52370299
57225,17616434.61,11.52501674
57240,17616434.61,11.52632878
57255,17616434.61,11.52763913
57270,17616434.61,11.52894777
57285,17616434.61,11.53025472
57300,17616434.61,11.53155996
57315,17616434.61,11.53286349
57330,17616434.61,11.53416533
57345,17616434.61,11.53546545
57360,17616434.61,11.53676388
57375,17616434.61,11.5380606
57390,17616434.61,11.53935561
57405,17616434.61,11.54064891
57420,17616434.61,11.54194051
57435,17616434.61,11.5432304
57450,17616434.61,11.54451858
57465,17616434.61,11.54580505
57480,17616434.61,11.54708981
57495,17616434.61,11.54837287
57510,17616434.61,11.54965421
57525,17616434.61,11.55093383
57540,17616434.61,11.55221175
57555,17616434.61,11.55348795
57570,17616434.61,11.55476244
57585,17616434.61,11.55603521
57600,17616434.61,11.55730627
57615,17616434.61,11.55857562
57630,17681742.05,11.55984324
57645,17681742.05,11.56110916
57660,17681742.05,11.56237335
57675,17681742.05,11.56363582
57690,17681742.05,11.56489658
57705,17681742.05,11.56615562
57720,17681742.05,11.56741294
57735,17681742.05,11.56866854
57750,17681742.05,11.56992241
57765,17681742.05,11.57117457
57780,17681742.05,11.572425
57795,17681742.05,11.57367371
57810,17681742.05,11.5749207
57825,17681742.05,11.57616596
57840,17681742.05,11.5774095
57855,17681742.05,11.57865131
57870,17681742.05,11.5798914
57885,17681742.05,11.58112976
57900,17681742.05,11.58236639
57915,17681742.05,11.5836013
57930,17681742.05,11.58483448
57945,17681742.05,11.58606592
57960,17681742.05,11.58729564
57975,17681742.05,11.58852363
57990,17681742.05,11.58974989
58005,17681742.05,11.59097442
58020,17681742.05,11.59219722
58035,17681742.05,11.59341828
58050,17681742.05,11.59463761
58065,17681742.05,11.59585521
58080,17681742.05,11.59707107
58095,17681742.05,11.5982852
58110,17681742.05,11.59949759
58125,17681742.05,11.60070825
58140,17681742.05,11.60191717
58155,17681742.05,11.60312436
58170,17681742.05,11.6043298
58185,17681742.05,11.60553351
58200,17681742.05,11.60673548
58215,17681742.05,11.60793571
58230,17681742.05,11.6091342
58245,17681742.05,11.61033095
58260,17681742.05,11.61152596
58275,17681742.05,11.61271922
58290,17681742.05,11.61391075
58305,17681742.05,11.61510053
58320,17681742.05,11.61628857
58335,17681742.05,11.61747486
58350,17681742.05,11.61865941
58365,17681742.05,11.61984222
58380,17681742.05,11.62102328
58395,17681742.05,11.62220259
58410,17681742.05,11.62338015
58425,17681742.05,11.62455597
58440,17681742.05,11.62573004
58455,17681742.05,11.62690237
58470,17681742.05,11.62807294
58485,17681742.05,11.62924176
58500,17681742.05,11.63040883
58515,17681742.05,11.63157416
58530,17681742.05,11.63273773
58545,17681742.05,11.63389955
58560,17681742.05,11.63505961
58575,17681742.05,11.63621793
58590,17681742.05,11.63737449
58605,17681742.05,11.63852929
58620,17681742.05,11.63968234
58635,17681742.05,11.64083364
58650,17681742.05,11.64198318
58665,17681742.05,11.64313096
58680,17681742.05,11.64427699
58695,17681742.05,11.64542126
58710,17681742.05,11.64656377
58725,17681742.05,11.64770452
58740,17681742.05,11.64884352
58755,17681742.05,11.64998075
58770,17681742.05,11.65111623
58785,17681742.05,11.65224994
58800,17681742.05,11.65338189
58815,17681742.05,11.65451208
58830,17681742.05,11.65564051
58845,17681742.05,11.65676717
58860,17681742.05,11.65789207
58875,17681742.05,11.65901521
58890,17681742.05,11.66013658
58905,17681742.05,11.66125619
58920,17681742.05,11.66237403
58935,17681742.05,11.66349011
58950,17681742.05,11.66460442
58965,17681742.05,11.66571696
58980,17681742.05,11.66682773
58995,17681742.05,11.66793674
59010,17681742.05,11.66904397
59025,17681742.05,11.67014944
59040,17681742.05,11.67125314
59055,17681742.05,11.67235506
59070,17681742.05,11.67345522
59085,17681742.05,11.6745536
59100,17681742.05,11.67565022
59115,17681742.05,11.67674505
59130,17681742.05,11.67783812
59145,17681742.05,11.67892941
59160,17681742.05,11.68001893
59175,17681742.05,11.68110668
59190,17681742.05,11.68219264
59205,17681742.05,11.68327684
59220,17681742.05,11.68435925
59235,17681742.05,11.68543989
59250,17681742.05,11.68651876
59265,17681742.05,11.68759584
59280,17681742.05,11.68867115
59295,17681742.05,11.68974467
59310,17681742.05,11.69081642
59325,17681742.05,11.69188639
59340,17681742.05,11.69295458
59355,17681742.05,11.69402099
59370,17681742.05,11.69508561
59385,17681742.05,11.69614845
59400,17681742.05,11.69720951
59415,17681742.05,11.69826879
59430,17681742.05,11.69932629
59445,17681742.05,11.700382
59460,17681742.05,11.70143592
59475,17681742.05,11.70248806
59490,17681742.05,11.70353842
59505,17681742.05,11.70458699
59520,17681742.05,11.70563377
59535,17681742.05,11.70667877
59550,17681742.05,11.70772197
59565,17681742.05,11.70876339
59580,17681742.05,11.70980303
59595,17681742.05,11.71084087
59610,17681742.05,11.71187692
59625,17681742.05,11.71291118
59640,17681742.05,11.71394366
59655,17681742.05,11.71497434
59670,17681742.05,11.71600323
59685,17681742.05,11.71703032
59700,17681742.05,11.71805563
59715,17681742.05,11.71907914
59730,17681742.05,11.72010086
59745,17681742.05,11.72112078
59760,17681742.05,11.72213891
59775,17681742.05,11.72315525
59790,17681742.05,11.72416979
59805,17681742.05,11.72518253
59820,17681742.05,11.72619348
59835,17681742.05,11.72720263
59850,17681742.05,11.72820998
59865,17681742.05,11.72921553
59880,17681742.05,11.73021929
59895,17681742.05,11.73122125
59910,17681742.05,11.73222141
59925,17681742.05,11.73321976
59940,17681742.05,11.73421632
59955,17681742.05,11.73521108
59970,17681742.05,11.73620403
59985,17681742.05,11.73719519
60000,17681742.05,11.73818454
60015,17681742.05,11.73917209
60030,17681742.05,11.74015783
60045,17681742.05,11.74114177
60060,17681742.05,11.74212391
60075,17681742.05,11.74310424
60090,17681742.05,11.74408277
60105,17681742.05,11.74505949
60120,18711710.67,11.74603441
60135,18711710.67,11.74700752
60150,18711710.67,11.74797882
60165,18711710.67,11.74894832
60180,18711710.67,11.749916
60195,18711710.67,11.75088188
60210,18711710.67,11.75184595
60225,18711710.67,11.75280821
60240,18711710.67,11.75376866
60255,18711710.67,11.7547273
60270,18711710.67,11.75568413
60285,18711710.67,11.75663915
60300,18711710.67,11.75759236
60315,18711710.67,11.75854375
60330,18711710.67,11.75949333
60345,18711710.67,11.7604411
60360,18711710.67,11.76138706
60375,18711710.67,11.7623312
60390,18711710.67,11.76327353
60405,18711710.67,11.76421404
60420,18711710.67,11.76515274
60435,18711710.67,11.76608962
60450,18711710.67,11.76702468
60465,18711710.67,11.76795793
60480,18711710.67,11.76888936
60495,18711710.67,11.76981898
60510,18711710.67,11.77074677
60525,18711710.67,11.77167275
60540,18711710.67,11.77259691
60555,18711710.67,11.77351925
60570,18711710.67,11.77443977
60585,18711710.67,11.77535847
60600,18711710.67,11.77627534
60615,18711710.67,11.7771904
60630,18711710.67,11.77810364
60645,18711710.67,11.77901505
60660,18711710.67,11.77992464
60675,18711710.67,11.78083241
60690,18711710.67,11.78173836
60705,18711710.67,11.78264248
60720,18711710.67,11.78354477
60735,18711710.67,11.78444525
60750,18711710.67,11.78534389
60765,18711710.67,11.78624072
60780,18711710.67,11.78713571
60795,18711710.67,11.78802888
60810,18711710.67,11.78892022
60825,18711710.67,11.78980974
60840,18711710.67,11.79069743
60855,18711710.67,11.79158329
60870,18711710.67,11.79246732
60885,18711710.67,11.79334952
60900,18711710.67,11.79422989
60915,18711710.67,11.79510844
60930,18711710.67,11.79598515
60945,18711710.67,11.79686003
60960,18711710.67,11.79773308
60975,18711710.67,11.7986043
60990,18711710.67,11.79947369
61005,18711710.67,11.80034125
61020,18711710.67,11.80120697
61035,18711710.67,11.80207086
61050,18711710.67,11.80293292
61065,18711710.67,11.80379314
61080,18711710.67,11.80465153
61095,18711710.67,11.80550808
61110,18711710.67,11.8063628
61125,18711710.67,11.80721568
61140,18711710.67,11.80806673
61155,18711710.67,11.80891594
61170,18711710.67,11.80976331
61185,18711710.67,11.81060885
61200,18711710.67,11.81145254
61215,18711710.67,11.8122944
61230,18711710.67,11.81313443
61245,18711710.67,11.81397261
61260,18711710.67,11.81480895
61275,18711710.67,11.81564346
61290,18711710.67,11.81647612
61305,18711710.67,11.81730694
61320,18711710.67,11.81813592
61335,18711710.67,11.81896307
61350,18711710.67,11.81978836
61365,18711710.67,11.82061182
61380,18711710.67,11.82143344
61395,18711710.67,11.82225321
61410,18711710.67,11.82307114
61425,18711710.67,11.82388722
61440,18711710.67,11.82470146
61455,18711710.67,11.82551386
61470,18711710.67,11.82632441
61485,18711710.67,11.82713311
61500,18711710.67,11.82793997
61515,18711710.67,11.82874499
61530,18711710.67,11.82954816
61545,18711710.67,11.83034948
61560,18711710.67,11.83114895
61575,18711710.67,11.83194658
61590,18711710.67,11.83274235
61605,18711710.67,11.83353628
61620,18711710.67,11.83432837
61635,18711710.67,11.8351186
61650,18711710.67,11.83590698
61665,18711710.67,11.83669351
61680,18711710.67,11.8374782
61695,18711710.67,11.83826103
61710,18711710.67,11.83904201
61725,18711710.67,11.83982114
61740,18711710.67,11.84059841
61755,18711710.67,11.84137384
61770,18711710.67,11.84214741
61785,18711710.67,11.84291913
61800,18711710.67,11.843689
61815,18711710.67,11.84445701
61830,18711710.67,11.84522317
61845,18711710.67,11.84598748
61860,18711710.67,11.84674993
61875,18711710.67,11.84751052
61890,18711710.67,11.84826926
61905,18711710.67,11.84902614
61920,18711710.67,11.84978117
61935,18711710.67,11.85053434
61950,18711710.67,11.85128566
61965,18711710.67,11.85203511
61980,18981734.46,11.85278271
61995,18981734.46,11.85352845
62010,18981734.46,11.85427234
62025,18981734.46,11.85501436
62040,18981734.46,11.85575452
62055,18981734.46,11.85649283
62070,18981734.46,11.85722928
62085,18981734.46,11.85796386
62100,18981734.46,11.85869659
62115,18981734.46,11.85942745
62130,18981734.46,11.86015645
62145,18981734.46,11.86088359
62160,18981734.46,11.86160887
62175,18981734.46,11.86233229
62190,18981734.46,11.86305384
62205,18981734.46,11.86377353
62220,18981734.46,11.86449136
62235,18981734.46,11.86520733
62250,18981734.46,11.86592143
62265,18981734.46,11.86663366
62280,18981734.46,11.86734404
62295,18981734.46,11.86805254
62310,18981734.46,11.86875918
62325,18981734.46,11.86946396
62340,18981734.46,11.87016687
62355,18981734.46,11.87086791
62370,18981734.46,11.87156709
62385,18981734.46,11.87226439
62400,18981734.46,11.87295984
62415,18981734.46,11.87365341
62430,18981734.46,11.87434511
62445,18981734.46,11.87503495
62460,18981734.46,11.87572292
62475,18981734.46,11.87640902
62490,18981734.46,11.87709325
62505,18981734.46,11.87777561
62520,18981734.46,11.8784561
62535,18981734.46,11.87913472
62550,18981734.46,11.87981147
62565,18981734.46,11.88048635
62580,18981734.46,11.88115935
62595,18981734.46,11.88183049
62610,18981734.46,11.88249975
62625,18981734.46,11.88316714
62640,18981734.46,11.88383266
62655,18981734.46,11.88449631
62670,18981734.46,11.88515808
62685,18981734.46,11.88581798
62700,18981734.46,11.886476
62715,18981734.46,11.88713215
62730,18981734.46,11.88778642
62745,18981734.46,11.88843882
62760,18981734.46,11.88908935
62775,18981734.46,11.889738
62790,18981734.46,11.89038477
62805,18981734.46,11.89102967
62820,18981734.46,11.89167269
62835,18981734.46,11.89231384
62850,18981734.46,11.8929531
62865,18981734.46,11.89359049
62880,18981734.46,11.89422601
62895,18981734.46,11.89485964
62910,18981734.46,11.8954914
62925,18981734.46,11.89612127
62940,18981734.46,11.89674927
62955,18981734.46,11.89737539
62970,18981734.46,11.89799963
62985,18981734.46,11.89862199
63000,18981734.46,11.89924247
63015,18981734.46,11.89986107
63030,18981734.46,11.90047779
63045,18981734.46,11.90109262
63060,18981734.46,11.90170558
63075,18981734.46,11.90231665
63090,18981734.46,11.90292585
63105,18981734.46,11.90353316
63120,18981734.46,11.90413859
63135,18981734.46,11.90474213
63150,18981734.46,11.90534379
63165,15861414.13,11.90594357
63180,18408803.18,11.90654147
63195,18408803.18,11.90713748
63210,18408803.18,11.90773161
63225,18408803.18,11.90832385
63240,18408803.18,11.90891421
63255,18408803.18,11.90950268
63270,18408803.18,11.91008926
63285,18408803.18,11.91067397
63300,18408803.18,11.91125678
63315,18408803.18,11.91183771
63330,18408803.18,11.91241675
63345,18408803.18,11.91299391
63360,18408803.18,11.91356918
63375,18408803.18,11.91414256
63390,18408803.18,11.91471405
63405,18408803.18,11.91528366
63420,18408803.18,11.91585138
63435,18408803.18,11.91641721
63450,18408803.18,11.91698115
63465,18408803.18,11.9175432
63480,18408803.18,11.91810336
63495,18408803.18,11.91866164
63510,18408803.18,11.91921802
63525,18408803.18,11.91977251
63540,18408803.18,11.92032512
63555,18408803.18,11.92087583
63570,18408803.18,11.92142465
63585,18408803.18,11.92197158
63600,18408803.18,11.92251662
63615,18408803.18,11.92305977
63630,18408803.18,11.92360102
63645,18408803.18,11.92414039
63660,18408803.18,11.92467786
63675,18408803.18,11.92521344
63690,18408803.18,11.92574712
63705,18408803.18,11.92627891
63720,18408803.18,11.92680881
63735,18408803.18,11.92733682
63750,18408803.18,11.92786293
63765,18408803.18,11.92838714
63780,18408803.18,11.92890947
63795,18408803.18,11.92942989
63810,18408803.18,11.92994843
63825,18408803.18,11.93046506
63840,18408803.18,11.93097981
63855,18408803.18,11.93149265
63870,18408803.18,11.9320036
63885,18408803.18,11.93251266
63900,18408803.18,11.93301981
63915,18408803.18,11.93352507
63930,18408803.18,11.93402844
63945,18408803.18,11.9345299
63960,18408803.18,11.93502947
63975,18408803.18,11.93552714
63990,18408803.18,11.93602292
64005,18408803.18,11.93651679
64020,18408803.18,11.93700877
64035,18408803.18,11.93749885
64050,18408803.18,11.93798703
64065,18408803.18,11.93847331
64080,18408803.18,11.93895769
64095,18408803.18,11.93944017
64110,18408803.18,11.93992075
64125,18408803.18,11.94039943
64140,18408803.18,11.94087622
64155,18408803.18,11.9413511
64170,18408803.18,11.94182408
64185,18408803.18,11.94229516
64200,18408803.18,11.94276433
64215,18408803.18,11.94323161
64230,18408803.18,11.94369699
64245,18408803.18,11.94416046
64260,18408803.18,11.94462203
64275,18408803.18,11.9450817
64290,18408803.18,11.94553946
64305,18408803.18,11.94599533
64320,18408803.18,11.94644929
64335,18408803.18,11.94690135
64350,18408803.18,11.9473515
64365,18408803.18,11.94779975
64380,18408803.18,11.9482461
64395,18408803.18,11.94869054
64410,18408803.18,11.94913308
64425,18408803.18,11.94957371
64440,18408803.18,11.95001244
64455,18408803.18,11.95044926
64470,18408803.18,11.95088418
64485,18408803.18,11.95131719
64500,18408803.18,11.9517483
64515,18408803.18,11.9521775
64530,18408803.18,11.9526048
64545,18408803.18,11.95303019
64560,18408803.18,11.95345368
64575,18408803.18,11.95387525
64590,18408803.18,11.95429492
64605,18408803.18,11.95471269
64620,18408803.18,11.95512854
64635,18408803.18,11.95554249
64650,18408803.18,11.95595453
64665,18408803.18,11.95636467
64680,18408803.18,11.95677289
64695,18408803.18,11.95717921
64710,18408803.18,11.95758362
64725,18408803.18,11.95798612
64740,18408803.18,11.95838671
64755,18408803.18,11.95878539
64770,18408803.18,11.95918217
64785,18408803.18,11.95957703
64800,18408803.18,11.95996999
64815,18408803.18,11.96036103
64830,18408803.18,11.96075017
64845,18408803.18,11.96113739
64860,18408803.18,11.96152271
64875,18408803.18,11.96190611
64890,18408803.18,11.96228761
64905,18408803.18,11.96266719
64920,18408803.18,11.96304486
64935,18408803.18,11.96342062
64950,18408803.18,11.96379447
64965,18408803.18,11.96416641
64980,18408803.18,11.96453643
64995,18408803.18,11.96490455
65010,18408803.18,11.96527075
65025,18408803.18,11.96563504
65040,18408803.18,11.96599742
65055,18408803.18,11.96635788
65070,18408803.18,11.96671643
65085,18408803.18,11.96707307
65100,18408803.18,11.9674278
65115,18408803.18,11.96778061
65130,18408803.18,11.96813151
65145,18408803.18,11.9684805
65160,18408803.18,11.96882757
65175,18408803.18,11.96917273
65190,18408803.18,11.96951597
65205,18408803.18,11.9698573
65220,18408803.18,11.97019671
65235,18408803.18,11.97053421
65250,18408803.18,11.9708698
65265,18408803.18,11.97120347
65280,18408803.18,11.97153522
65295,18408803.18,11.97186506
65310,18408803.18,11.97219299
65325,18408803.18,11.972519
65340,18408803.18,11.97284309
65355,18408803.18,11.97316527
65370,18408803.18,11.97348553
65385,18408803.18,11.97380387
65400,18408803.18,11.9741203
65415,18408803.18,11.97443481
65430,18408803.18,11.97474741
65445,18408803.18,11.97505809
65460,18408803.18,11.97536685
65475,18408803.18,11.97567369
65490,18408803.18,11.97597862
65505,18408803.18,11.97628163
65520,18408803.18,11.97658272
65535,18408803.18,11.9768819
65550,18408803.18,11.97717915
65565,18408803.18,11.97747449
65580,18408803.18,11.97776791
65595,18408803.18,11.97805942
65610,18408803.18,11.978349
65625,18408803.18,11.97863666
65640,18408803.18,11.97892241
65655,18408803.18,11.97920624
65670,18408803.18,11.97948815
65685,18408803.18,11.97976814
65700,18408803.18,11.98004621
65715,18408803.18,11.98032236
65730,18408803.18,11.98059659
65745,18408803.18,11.9808689
65760,18408803.18,11.98113929
65775,18408803.18,11.98140776
65790,18408803.18,11.98167432
65805,18408803.18,11.98193895
65820,18408803.18,11.98220166
65835,18408803.18,11.98246245
65850,18408803.18,11.98272132
65865,18408803.18,11.98297827
65880,18408803.18,11.9832333
65895,18408803.18,11.98348641
65910,18408803.18,11.98373759
65925,18408803.18,11.98398686
65940,18408803.18,11.9842342
65955,18408803.18,11.98447963
65970,18408803.18,11.98472313
65985,18408803.18,11.98496471
66000,18408803.18,11.98520437
66015,18408803.18,11.9854421
66030,18408803.18,11.98567792
66045,18408803.18,11.98591181
66060,18408803.18,11.98614378
66075,18408803.18,11.98637383
66090,18408803.18,11.98660195
66105,18408803.18,11.98682815
66120,18408803.18,11.98705243
66135,18408803.18,11.98727479
66150,18408803.18,11.98749523
66165,18408803.18,11.98771374
66180,18408803.18,11.98793032
66195,18408803.18,11.98814499
66210,18408803.18,11.98835773
66225,18408803.18,11.98856855
66240,18408803.18,11.98877744
66255,18408803.18,11.98898442
66270,18408803.18,11.98918946
66285,18408803.18,11.98939259
66300,18408803.18,11.98959379
66315,18408803.18,11.98979306
66330,18408803.18,11.98999041
66345,18408803.18,11.99018584
66360,18408803.18,11.99037935
66375,18408803.18,11.99057092
66390,18408803.18,11.99076058
66405,18408803.18,11.99094831
66420,18408803.18,11.99113411
66435,18408803.18,11.99131799
66450,18408803.18,11.99149995
66465,18408803.18,11.99167998
66480,18408803.18,11.99185809
66495,18408803.18,11.99203427
66510,18408803.18,11.99220852
66525,18408803.18,11.99238085
66540,18408803.18,11.99255126
66555,18408803.18,11.99271974
66570,18408803.18,11.99288629
66585,18408803.18,11.99305092
66600,18408803.18,11.99321362
66615,18408803.18,11.9933744
66630,18408803.18,11.99353325
66645,18408803.18,11.99369018
66660,18408803.18,11.99384518
66675,18408803.18,11.99399825
66690,18408803.18,11.9941494
66705,18408803.18,11.99429862
66720,18408803.18,11.99444591
66735,18408803.18,11.99459128
66750,18408803.18,11.99473472
66765,18408803.18,11.99487624
66780,18408803.18,11.99501583
66795,18408803.18,11.99515349
66810,18408803.18,11.99528923
66825,18408803.18,11.99542303
66840,18408803.18,11.99555492
66855,18408803.18,11.99568487
66870,18408803.18,11.9958129
66885,18408803.18,11.995939
66900,18408803.18,11.99606318
66915,18408803.18,11.99618542
66930,18408803.18,11.99630574
66945,18408803.18,11.99642414
66960,18408803.18,11.9965406
66975,18408803.18,11.99665514
66990,18408803.18,11.99676775
67005,18408803.18,11.99687843
67020,18408803.18,11.99698719
67035,18408803.18,11.99709402
67050,18408803.18,11.99719892
67065,18408803.18,11.99730189
67080,18408803.18,11.99740294
67095,18408803.18,11.99750205
67110,18408803.18,11.99759924
67125,18408803.18,11.99769451
67140,18408803.18,11.99778784
67155,18408803.18,11.99787925
67170,18408803.18,11.99796872
67185,18408803.18,11.99805627
67200,18408803.18,11.9981419
67215,18408803.18,11.99822559
67230,18408803.18,11.99830735
67245,18408803.18,11.99838719
67260,18408803.18,11.9984651
67275,18408803.18,11.99854108
67290,18408803.18,11.99861513
67305,18408803.18,11.99868726
67320,18408803.18,11.99875745
67335,18408803.18,11.99882572
67350,18408803.18,11.99889206
67365,18408803.18,11.99895647
67380,18408803.18,11.99901895
67395,18408803.18,11.99907951
67410,18408803.18,11.99913813
67425,18408803.18,11.99919483
67440,18408803.18,11.9992496
67455,18408803.18,11.99930244
67470,18408803.18,11.99935335
67485,18408803.18,11.99940233
67500,18408803.18,11.99944938
67515,18408803.18,11.9994945
67530,18408803.18,11.9995377
67545,18408803.18,11.99957897
67560,18408803.18,11.9996183
67575,18408803.18,11.99965571
67590,18408803.18,11.99969119
67605,18408803.18,11.99972474
67620,18408803.18,11.99975637
67635,18408803.18,11.99978606
67650,18408803.18,11.99981383
67665,18408803.18,11.99983966
67680,18408803.18,11.99986357
67695,18408803.18,11.99988555
67710,18408803.18,11.99990559
67725,18408803.18,11.99992371
67740,18408803.18,11.99993991
67755,18408803.18,11.99995417
67770,18408803.18,11.9999665
67785,18408803.18,11.9999769
67800,18408803.18,11.99998538
67815,18408803.18,11.99999193
67830,18408803.18,11.99999654
67845,18408803.18,11.99999923
67860,18408803.18,11.99999999
67875,18408803.18,11.99999882
67890,18408803.18,11.99999572
67905,18408803.18,11.99999069
67920,18408803.18,11.99998373
67935,18408803.18,11.99997485
67950,18408803.18,11.99996403
67965,18408803.18,11.99995129
67980,18408803.18,11.99993662
67995,18408803.18,11.99992001
68010,18408803.18,11.99990148
68025,18408803.18,11.99988102
68040,18408803.18,11.99985863
68055,18408803.18,11.99983432
68070,18408803.18,11.99980807
68085,18408803.18,11.99977989
68100,18408803.18,11.99974979
68115,18408803.18,11.99971776
68130,18408803.18,11.99968379
68145,18408803.18,11.9996479
68160,18408803.18,11.99961008
68175,18408803.18,11.99957033
68190,18408803.18,11.99952865
68205,18408803.18,11.99948505
68220,18408803.18,11.99943951
68235,18408803.18,11.99939205
68250,18408803.18,11.99934266
68265,18408803.18,11.99929133
68280,18408803.18,11.99923808
68295,18408803.18,11.99918291
68310,18408803.18,11.9991258
68325,18408803.18,11.99906676
68340,18408803.18,11.9990058
68355,18408803.18,11.9989429
68370,18408803.18,11.99887808
68385,18408803.18,11.99881133
68400,18408803.18,11.99874265
68415,17449299.54,11.99867205
68430,17744641.38,11.99859951
68445,17744641.38,11.99852505
68460,17744641.38,11.99844866
68475,17744641.38,11.99837034
68490,17744641.38,11.99829009
68505,17744641.38,11.99820791
68520,17744641.38,11.99812381
68535,17744641.38,11.99803777
68550,17744641.38,11.99794981
68565,17744641.38,11.99785992
68580,17744641.38,11.99776811
68595,17744641.38,11.99767436
68610,17744641.38,11.99757869
68625,17744641.38,11.99748109
68640,17744641.38,11.99738156
68655,17744641.38,11.9972801
68670,17744641.38,11.99717672
68685,17744641.38,11.99707141
68700,17744641.38,11.99696417
68715,17744641.38,11.996855
68730,17744641.38,11.99674391
68745,17744641.38,11.99663089
68760,17744641.38,11.99651594
68775,17744641.38,11.99639906
68790,17744641.38,11.99628026
68805,17744641.38,11.99615953
68820,17744641.38,11.99603687
68835,17744641.38,11.99591228
68850,17744641.38,11.99578577
68865,17744641.38,11.99565733
68880,17744641.38,11.99552697
68895,17744641.38,11.99539467
68910,17744641.38,11.99526045
68925,17744641.38,11.99512431
68940,17744641.38,11.99498623
68955,17744641.38,11.99484623
68970,17744641.38,11.99470431
68985,17744641.38,11.99456046
69000,17744641.38,11.99441468
69015,17744641.38,11.99426697
69030,17744641.38,11.99411734
69045,17744641.38,11.99396578
69060,17744641.38,11.9938123
69075,17744641.38,11.99365689
69090,17744641.38,11.99349955
69105,17744641.38,11.99334029
69120,17744641.38,11.9931791
69135,17744641.38,11.99301599
69150,17744641.38,11.99285095
69165,16810693.55,11.99268399
69180,18115260.3,11.9925151
69195,18115260.3,11.99234428
69210,18115260.3,11.99217154
69225,18115260.3,11.99199687
69240,18115260.3,11.99182028
69255,18115260.3,11.99164177
69270,18115260.3,11.99146133
69285,18115260.3,11.99127896
69300,18115260.3,11.99109467
69315,18115260.3,11.99090845
69330,18115260.3,11.99072031
69345,18115260.3,11.99053025
69360,18115260.3,11.99033826
69375,18115260.3,11.99014435
69390,18115260.3,11.98994851
69405,18115260.3,11.98975075
69420,18115260.3,11.98955106
69435,18115260.3,11.98934945
69450,18115260.3,11.98914592
69465,18115260.3,11.98894046
69480,18115260.3,11.98873308
69495,18115260.3,11.98852377
69510,18115260.3,11.98831255
69525,18115260.3,11.98809939
69540,18115260.3,11.98788432
69555,18115260.3,11.98766732
69570,18115260.3,11.9874484
69585,18115260.3,11.98722755
69600,18115260.3,11.98700479
69615,18115260.3,11.9867801
69630,18115260.3,11.98655349
69645,18115260.3,11.98632495
69660,18115260.3,11.98609449
69675,18115260.3,11.98586211
69690,18115260.3,11.98562781
69705,18115260.3,11.98539159
69720,18115260.3,11.98515344
69735,18115260.3,11.98491337
69750,18115260.3,11.98467138
69765,18115260.3,11.98442747
69780,18115260.3,11.98418164
69795,18115260.3,11.98393389
69810,18115260.3,11.98368421
69825,18358074.45,11.98343262
69840,18358074.45,11.9831791
69855,18358074.45,11.98292366
69870,18358074.45,11.9826663
69885,18358074.45,11.98240702
69900,18358074.45,11.98214582
69915,18358074.45,11.9818827
69930,18358074.45,11.98161766
69945,18358074.45,11.9813507
69960,18358074.45,11.98108182
69975,18358074.45,11.98081102
69990,18358074.45,11.98053829
70005,18358074.45,11.98026365
70020,18358074.45,11.97998709
70035,18358074.45,11.97970862
70050,18358074.45,11.97942822
70065,18252939.06,11.9791459
70080,18252939.06,11.97886166
70095,18252939.06,11.97857551
70110,18252939.06,11.97828743
70125,18252939.06,11.97799744
70140,18252939.06,11.97770553
70155,18252939.06,11.9774117
70170,18252939.06,11.97711595
70185,18252939.06,11.97681829
70200,18252939.06,11.9765187
70215,18252939.06,11.9762172
70230,18252939.06,11.97591379
70245,18252939.06,11.97560845
70260,18252939.06,11.9753012
70275,18252939.06,11.97499203
70290,18252939.06,11.97468094
70305,18252939.06,11.97436794
70320,18252939.06,11.97405301
70335,18252939.06,11.97373618
70350,18252939.06,11.97341742
70365,18252939.06,11.97309675
70380,18252939.06,11.97277417
70395,18252939.06,11.97244967
70410,18252939.06,11.97212325
70425,18252939.06,11.97179492
70440,18252939.06,11.97146467
70455,18252939.06,11.97113251
70470,18252939.06,11.97079843
70485,18252939.06,11.97046243
70500,18252939.06,11.97012453
70515,18252939.06,11.9697847
70530,18252939.06,11.96944297
70545,18252939.06,11.96909931
70560,18252939.06,11.96875375
70575,18252939.06,11.96840627
70590,18252939.06,11.96805687
70605,18252939.06,11.96770557
70620,18252939.06,11.96735235
70635,18252939.06,11.96699721
70650,18252939.06,11.96664017
70665,18252939.06,11.96628121
70680,18252939.06,11.96592033
70695,18252939.06,11.96555755
70710,18252939.06,11.96519285
70725,18252939.06,11.96482624
70740,18252939.06,11.96445772
70755,18252939.06,11.96408729
70770,18252939.06,11.96371494
70785,18252939.06,11.96334068
70800,18252939.06,11.96296452
70815,18252939.06,11.96258644
70830,18252939.06,11.96220645
70845,18252939.06,11.96182455
70860,18252939.06,11.96144073
70875,18252939.06,11.96105501
70890,18252939.06,11.96066738
70905,18252939.06,11.96027784
70920,18252939.06,11.95988639
70935,18252939.06,11.95949302
70950,18252939.06,11.95909775
70965,18252939.06,11.95870057
70980,18252939.06,11.95830148
70995,18252939.06,11.95790048
71010,18252939.06,11.95749758
71025,18252939.06,11.95709276
71040,18252939.06,11.95668604
71055,18252939.06,11.9562774
71070,18252939.06,11.95586686
71085,18252939.06,11.95545441
71100,18252939.06,11.95504006
71115,18252939.06,11.9546238
71130,18252939.06,11.95420563
71145,18252939.06,11.95378555
71160,18252939.06,11.95336357
71175,18252939.06,11.95293968
71190,18252939.06,11.95251388
71205,18252939.06,11.95208618
71220,18252939.06,11.95165657
71235,18252939.06,11.95122505
71250,18252939.06,11.95079163
71265,18252939.06,11.95035631
71280,18252939.06,11.94991908
71295,18252939.06,11.94947994
71310,18252939.06,11.94903891
71325,18252939.06,11.94859596
71340,18252939.06,11.94815111
71355,18252939.06,11.94770436
71370,18252939.06,11.9472557
71385,18252939.06,11.94680515
71400,18252939.06,11.94635268
71415,18252939.06,11.94589832
71430,18252939.06,11.94544205
71445,18252939.06,11.94498388
71460,18252939.06,11.9445238
71475,18252939.06,11.94406183
71490,18252939.06,11.94359795
71505,18252939.06,11.94313217
71520,18252939.06,11.94266448
71535,18252939.06,11.9421949
71550,18252939.06,11.94172342
71565,18252939.06,11.94125003
71580,18252939.06,11.94077475
71595,18252939.06,11.94029756
71610,18252939.06,11.93981847
71625,18252939.06,11.93933749
71640,18252939.06,11.9388546
71655,18252939.06,11.93836981
71670,18252939.06,11.93788313
71685,18252939.06,11.93739454
71700,18252939.06,11.93690406
71715,18252939.06,11.93641168
71730,18252939.06,11.9359174
71745,18252939.06,11.93542122
71760,18252939.06,11.93492315
71775,18252939.06,11.93442317
71790,18252939.06,11.9339213
71805,18252939.06,11.93341753
71820,18252939.06,11.93291187
71835,18252939.06,11.93240431
71850,18252939.06,11.93189485
71865,18252939.06,11.93138349
71880,18252939.06,11.93087024
71895,18252939.06,11.9303551
71910,18252939.06,11.92983806
71925,18252939.06,11.92931912
71940,18252939.06,11.92879829
71955,18252939.06,11.92827556
71970,18252939.06,11.92775094
71985,18252939.06,11.92722443
72000,18252939.06,11.92669602
72015,18252939.06,11.92616572
72030,17164564.36,11.92563352
72045,17164564.36,11.92509943
72060,17164564.36,11.92456345
72075,17164564.36,11.92402558
72090,17164564.36,11.92348581
72105,17164564.36,11.92294415
72120,17164564.36,11.9224006
72135,17164564.36,11.92185516
72150,17164564.36,11.92130782
72165,17164564.36,11.9207586
72180,17164564.36,11.92020748
72195,17164564.36,11.91965448
72210,17164564.36,11.91909958
72225,17164564.36,11.9185428
72240,17164564.36,11.91798412
72255,17164564.36,11.91742355
72270,17164564.36,11.9168611
72285,17164564.36,11.91629676
72300,17164564.36,11.91573052
72315,17164564.36,11.9151624
72330,17164564.36,11.91459239
72345,17164564.36,11.9140205
72360,17164564.36,11.91344671
72375,17164564.36,11.91287104
72390,17164564.36,11.91229348
72405,17164564.36,11.91171404
72420,17164564.36,11.91113271
72435,17164564.36,11.91054949
72450,17164564.36,11.90996439
72465,17164564.36,11.9093774
72480,17164564.36,11.90878852
72495,17164564.36,11.90819776
72510,17164564.36,11.90760512
72525,17164564.36,11.90701059
72540,17164564.36,11.90641418
72555,17164564.36,11.90581588
72570,17164564.36,11.9052157
72585,17164564.36,11.90461364
72600,17164564.36,11.90400969
72615,17164564.36,11.90340386
72630,17164564.36,11.90279615
72645,17164564.36,11.90218656
72660,17164564.36,11.90157508
72675,17164564.36,11.90096172
72690,17164564.36,11.90034649
72705,17164564.36,11.89972937
72720,17164564.36,11.89911037
72735,17164564.36,11.89848949
72750,17164564.36,11.89786673
72765,17164564.36,11.89724209
72780,17164564.36,11.89661557
72795,17164564.36,11.89598717
72810,17164564.36,11.89535689
72825,17164564.36,11.89472473
72840,17164564.36,11.8940907
72855,17164564.36,11.89345479
72870,17164564.36,11.892817
72885,17164564.36,11.89217733
72900,17164564.36,11.89153578
72915,17164564.36,11.89089236
72930,17164564.36,11.89024707
72945,17164564.36,11.88959989
72960,17164564.36,11.88895084
72975,17164564.36,11.88829992
72990,17164564.36,11.88764712
73005,17164564.36,11.88699244
73020,17164564.36,11.88633589
73035,17164564.36,11.88567747
73050,17164564.36,11.88501717
73065,17164564.36,11.884355
73080,17164564.36,11.88369096
73095,17164564.36,11.88302504
73110,17164564.36,11.88235725
73125,17164564.36,11.88168759
73140,17164564.36,11.88101605
73155,17164564.36,11.88034265
73170,17164564.36,11.87966737
73185,17164564.36,11.87899022
73200,17164564.36,11.87831121
73215,17164564.36,11.87763032
73230,17164564.36,11.87694756
73245,17164564.36,11.87626293
73260,17164564.36,11.87557643
73275,17164564.36,11.87488806
73290,17164564.36,11.87419783
73305,17164564.36,11.87350573
73320,17164564.36,11.87281175
73335,17164564.36,11.87211591
73350,17164564.36,11.87141821
73365,17164564.36,11.87071863
73380,17164564.36,11.87001719
73395,17164564.36,11.86931389
73410,17164564.36,11.86860871
73425,17164564.36,11.86790167
73440,17164564.36,11.86719277
73455,17164564.36,11.866482
73470,17164564.36,11.86576937
73485,17164564.36,11.86505487
73500,17164564.36,11.86433851
73515,17164564.36,11.86362028
73530,17164564.36,11.86290019
73545,17164564.36,11.86217824
73560,17164564.36,11.86145443
73575,17164564.36,11.86072875
73590,17164564.36,11.86000122
73605,17164564.36,11.85927182
73620,17164564.36,11.85854056
73635,17164564.36,11.85780743
73650,17164564.36,11.85707245
73665,17164564.36,11.85633561
73680,17164564.36,11.85559691
73695,17164564.36,11.85485635
73710,17164564.36,11.85411393
73725,17164564.36,11.85336965
73740,17164564.36,11.85262351
73755,17164564.36,11.85187552
73770,17164564.36,11.85112566
73785,17164564.36,11.85037395
73800,17164564.36,11.84962039
73815,17164564.36,11.84886496
73830,17164564.36,11.84810769
73845,17164564.36,11.84734855
73860,17164564.36,11.84658756
73875,17164564.36,11.84582471
73890,17164564.36,11.84506001
73905,17164564.36,11.84429346
73920,17164564.36,11.84352505
73935,17164564.36,11.84275479
73950,17164564.36,11.84198268
73965,17164564.36,11.84120871
73980,17164564.36,11.84043289
73995,17164564.36,11.83965521
74010,17164564.36,11.83887569
74025,17164564.36,11.83809432
74040,17164564.36,11.83731109
74055,17164564.36,11.83652601
74070,17164564.36,11.83573909
74085,17164564.36,11.83495031
74100,17164564.36,11.83415968
74115,17164564.36,11.83336721
74130,17164564.36,11.83257288
74145,17164564.36,11.83177671
74160,17164564.36,11.83097869
74175,17164564.36,11.83017882
74190,17164564.36,11.82937711
74205,17164564.36,11.82857355
74220,17164564.36,11.82776814
74235,17164564.36,11.82696089
74250,17164564.36,11.82615179
74265,17164564.36,11.82534084
74280,17164564.36,11.82452805
74295,17164564.36,11.82371342
74310,17164564.36,11.82289694
74325,17164564.36,11.82207862
74340,17164564.36,11.82125846
74355,17164564.36,11.82043645
74370,17164564.36,11.8196126
74385,17164564.36,11.81878691
74400,17164564.36,11.81795937
74415,17164564.36,11.81713
74430,17164564.36,11.81629879
74445,17164564.36,11.81546573
74460,17164564.36,11.81463083
74475,17164564.36,11.8137941
74490,17164564.36,11.81295552
74505,17164564.36,11.81211511
74520,17164564.36,11.81127286
74535,17164564.36,11.81042877
74550,17164564.36,11.80958284
74565,17164564.36,11.80873508
74580,17164564.36,11.80788548
74595,17164564.36,11.80703404
74610,17164564.36,11.80618076
74625,17164564.36,11.80532565
74640,17164564.36,11.80446871
74655,17164564.36,11.80360993
74670,17164564.36,11.80274932
74685,17164564.36,11.80188687
74700,17164564.36,11.80102259
74715,17164564.36,11.80015648
74730,17164564.36,11.79928853
74745,17164564.36,11.79841875
74760,17164564.36,11.79754714
74775,17164564.36,11.7966737
74790,17164564.36,11.79579843
74805,17164564.36,11.79492132
74820,17164564.36,11.79404239
74835,17164564.36,11.79316163
74850,17164564.36,11.79227903
74865,17164564.36,11.79139461
74880,17164564.36,11.79050836
74895,17164564.36,11.78962029
74910,17164564.36,11.78873038
74925,17164564.36,11.78783865
74940,17164564.36,11.78694509
74955,17164564.36,11.7860497
74970,17164564.36,11.78515249
74985,17164564.36,11.78425346
75000,17164564.36,11.78335259
75015,17164564.36,11.78244991
75030,17164564.36,11.7815454
75045,17164564.36,11.78063907
75060,17164564.36,11.77973091
75075,17164564.36,11.77882093
75090,17164564.36,11.77790913
75105,17164564.36,11.7769955
75120,17164564.36,11.77608006
75135,17164564.36,11.77516279
75150,17164564.36,11.7742437
75165,17164564.36,11.7733228
75180,17164564.36,11.77240007
75195,17164564.36,11.77147552
75210,17164564.36,11.77054916
75225,17164564.36,11.76962097
75240,17164564.36,11.76869097
75255,17164564.36,11.76775915
75270,17164564.36,11.76682552
75285,17164564.36,11.76589007
75300,17164564.36,11.7649528
75315,17164564.36,11.76401371
75330,17164564.36,11.76307281
75345,17164564.36,11.7621301
75360,17164564.36,11.76118557
75375,17164564.36,11.76023923
75390,17164564.36,11.75929107
75405,17164564.36,11.75834111
75420,17164564.36,11.75738933
75435,17164564.36,11.75643573
75450,17164564.36,11.75548033
75465,17164564.36,11.75452311
75480,17164564.36,11.75356409
75495,17164564.36,11.75260325
75510,17164564.36,11.7516406
75525,17164564.36,11.75067615
75540,17164564.36,11.74970988
75555,17164564.36,11.74874181
75570,17164564.36,11.74777193
75585,17164564.36,11.74680024
75600,17164564.36,11.74582675
75615,17164564.36,11.74485145
75630,17164564.36,11.74387434
75645,17164564.36,11.74289543
75660,17164564.36,11.74191471
75675,17164564.36,11.74093219
75690,17164564.36,11.73994786
75705,17164564.36,11.73896173
75720,17164564.36,11.7379738
75735,17164564.36,11.73698407
75750,17164564.36,11.73599253
75765,17164564.36,11.73499919
75780,17164564.36,11.73400405
75795,17164564.36,11.73300711
75810,17164564.36,11.73200836
75825,17164564.36,11.73100782
75840,17164564.36,11.73000548
75855,17164564.36,11.72900134
75870,17164564.36,11.72799541
75885,17164564.36,11.72698767
75900,17164564.36,11.72597814
75915,17164564.36,11.72496681
75930,17164564.36,11.72395368
75945,17164564.36,11.72293876
75960,17164564.36,11.72192204
75975,17164564.36,11.72090353
75990,17164564.36,11.71988322
76005,17164564.36,11.71886112
76020,17164564.36,11.71783723
76035,17164564.36,11.71681154
76050,17164564.36,11.71578406
76065,17164564.36,11.71475479
76080,17164564.36,11.71372373
76095,17164564.36,11.71269087
76110,17164564.36,11.71165623
76125,17164564.36,11.71061979
76140,17164564.36,11.70958157
76155,17164564.36,11.70854156
76170,17164564.36,11.70749976
76185,17164564.36,11.70645617
76200,17164564.36,11.70541079
76215,17164564.36,11.70436363
76230,17164564.36,11.70331468
76245,17164564.36,11.70226394
76260,17164564.36,11.70121142
76275,17164564.36,11.70015711
76290,17164564.36,11.69910102
76305,17164564.36,11.69804315
76320,17164564.36,11.69698349
76335,17164564.36,11.69592205
76350,17164564.36,11.69485883
76365,17164564.36,11.69379382
76380,17164564.36,11.69272704
76395,17164564.36,11.69165847
76410,17164564.36,11.69058812
76425,17164564.36,11.68951599
76440,17164564.36,11.68844209
76455,17164564.36,11.6873664
76470,17164564.36,11.68628894
76485,17164564.36,11.6852097
76500,17164564.36,11.68412868
76515,17164564.36,11.68304588
76530,17164564.36,11.68196131
76545,17164564.36,11.68087496
76560,17164564.36,11.67978684
76575,17164564.36,11.67869695
76590,17164564.36,11.67760527
76605,17164564.36,11.67651183
76620,17164564.36,11.67541661
76635,17164564.36,11.67431962
76650,17164564.36,11.67322086
76665,17164564.36,11.67212033
76680,17164564.36,11.67101802
76695,17164564.36,11.66991395
76710,17164564.36,11.66880811
76725,17164564.36,11.66770049
76740,17164564.36,11.66659111
76755,17164564.36,11.66547996
76770,17164564.36,11.66436704
76785,17164564.36,11.66325236
76800,17164564.36,11.6621359
76815,17164564.36,11.66101768
76830,17164564.36,11.6598977
76845,17164564.36,11.65877595
76860,17164564.36,11.65765244
76875,17164564.36,11.65652716
76890,17164564.36,11.65540012
76905,17164564.36,11.65427132
76920,17164564.36,11.65314075
76935,17164564.36,11.65200843
76950,17164564.36,11.65087434
76965,17164564.36,11.64973849
76980,17164564.36,11.64860088
76995,17164564.36,11.64746151
77010,17164564.36,11.64632038
77025,17164564.36,11.6451775
77040,17164564.36,11.64403285
77055,17164564.36,11.64288645
77070,17164564.36,11.64173829
77085,17164564.36,11.64058838
77100,17164564.36,11.63943671
77115,17164564.36,11.63828328
77130,17164564.36,11.6371281
77145,17164564.36,11.63597117
77160,17164564.36,11.63481248
77175,17164564.36,11.63365204
77190,17164564.36,11.63248985
77205,17164564.36,11.63132591
77220,17164564.36,11.63016021
77235,17164564.36,11.62899276
77250,17164564.36,11.62782357
77265,17164564.36,11.62665262
77280,17164564.36,11.62547993
77295,17164564.36,11.62430548
77310,17164564.36,11.62312929
77325,17164564.36,11.62195136
77340,17164564.36,11.62077167
77355,17164564.36,11.61959024
77370,17164564.36,11.61840706
77385,17164564.36,11.61722214
77400,17164564.36,11.61603547
77415,17164564.36,11.61484706
77430,17164564.36,11.61365691
77445,17164564.36,11.61246502
77460,17164564.36,11.61127138
77475,17164564.36,11.610076
77490,17164564.36,11.60887888
77505,17164564.36,11.60768002
77520,17164564.36,11.60647942
77535,17164564.36,11.60527708
77550,17164564.36,11.604073
77565,17164564.36,11.60286718
77580,17164564.36,11.60165963
77595,17164564.36,11.60045034
77610,17164564.36,11.59923931
77625,17164564.36,11.59802655
77640,17164564.36,11.59681205
77655,17164564.36,11.59559581
77670,17164564.36,11.59437785
77685,17164564.36,11.59315815
77700,17164564.36,11.59193671
77715,17164564.36,11.59071355
77730,17164564.36,11.58948865
77745,17164564.36,11.58826202
77760,17164564.36,11.58703367
77775,17164564.36,11.58580358
77790,17164564.36,11.58457176
77805,17164564.36,11.58333821
77820,17164564.36,11.58210294
77835,17164564.36,11.58086594
77850,17164564.36,11.57962721
77865,17164564.36,11.57838675
77880,17164564.36,11.57714457
77895,17164564.36,11.57590067
77910,17164564.36,11.57465504
77925,17164564.36,11.57340768
77940,17164564.36,11.57215861
77955,17164564.36,11.57090781
77970,17164564.36,11.56965528
77985,17164564.36,11.56840104
78000,17164564.36,11.56714508
78015,17164564.36,11.56588739
78030,17164564.36,11.56462799
78045,17164564.36,11.56336686
78060,17164564.36,11.56210402
78075,17164564.36,11.56083946
78090,17164564.36,11.55957318
78105,17164564.36,11.55830519
78120,17164564.36,11.55703548
78135,17164564.36,11.55576406
78150,17164564.36,11.55449092
78165,17164564.36,11.55321606
78180,17164564.36,11.55193949
78195,17164564.36,11.55066121
78210,17164564.36,11.54938122
78225,17164564.36,11.54809952
78240,17164564.36,11.5468161
78255,17164564.36,11.54553098
78270,17164564.36,11.54424414
78285,17164564.36,11.54295559
78300,17164564.36,11.54166534
78315,17164564.36,11.54037338
78330,17164564.36,11.53907971
78345,17164564.36,11.53778433
78360,17164564.36,11.53648725
78375,17164564.36,11.53518847
78390,17164564.36,11.53388797
78405,17164564.36,11.53258578
78420,17164564.36,11.53128188
78435,17164564.36,11.52997627
78450,17164564.36,11.52866897
78465,17164564.36,11.52735996
78480,17164564.36,11.52604925
78495,17164564.36,11.52473684
78510,17164564.36,11.52342274
78525,17164564.36,11.52210693
78540,17164564.36,11.52078942
78555,17164564.36,11.51947022
78570,17164564.36,11.51814932
78585,17164564.36,11.51682672
78600,17164564.36,11.51550243
78615,17164564.36,11.51417644
78630,17164564.36,11.51284875
78645,17164564.36,11.51151937
78660,17164564.36,11.5101883
78675,17164564.36,11.50885554
78690,17164564.36,11.50752108
78705,17206987.54,11.50618493
78720,17206987.54,11.5048471
78735,17206987.54,11.50350757
78750,17206987.54,11.50216635
78765,17206987.54,11.50082344
78780,17206987.54,11.49947884
78795,17206987.54,11.49813256
78810,17206987.54,11.49678459
78825,17206987.54,11.49543493
78840,17206987.54,11.49408359
78855,17206987.54,11.49273056
78870,17206987.54,11.49137585
78885,17206987.54,11.49001946
78900,17206987.54,11.48866138
78915,17206987.54,11.48730162
78930,17206987.54,11.48594017
78945,17206987.54,11.48457705
78960,17206987.54,11.48321224
78975,17206987.54,11.48184576
78990,17206987.54,11.4804776
79005,17206987.54,11.47910775
79020,17206987.54,11.47773624
79035,17206987.54,11.47636304
79050,17206987.54,11.47498817
79065,17206987.54,11.47361162
79080,17206987.54,11.47223339
79095,17206987.54,11.47085349
79110,17206987.54,11.46947192
79125,17206987.54,11.46808867
79140,17206987.54,11.46670376
79155,17206987.54,11.46531717
79170,17206987.54,11.46392891
79185,17206987.54,11.46253897
79200,17206987.54,11.46114737
79215,16458948.63,11.4597541
79230,15760909.34,11.45835916
79245,18280335.11,11.45696255
79260,18280335.11,11.45556428
79275,18280335.11,11.45416434
79290,18280335.11,11.45276273
79305,18280335.11,11.45135946
79320,18280335.11,11.44995453
79335,18280335.11,11.44854793
79350,18280335.11,11.44713966
79365,18280335.11,11.44572974
79380,18280335.11,11.44431815
79395,18280335.11,11.4429049
79410,18280335.11,11.44149
79425,18280335.11,11.44007343
79440,18280335.11,11.4386552
79455,18280335.11,11.43723532
79470,18280335.11,11.43581377
79485,18280335.11,11.43439057
79500,18280335.11,11.43296572
79515,18280335.11,11.43153921
79530,18280335.11,11.43011104
79545,18280335.11,11.42868122
79560,18280335.11,11.42724975
79575,18280335.11,11.42581662
79590,18280335.11,11.42438184
79605,18280335.11,11.42294541
79620,18280335.11,11.42150733
79635,18280335.11,11.4200676
79650,18280335.11,11.41862622
79665,18280335.11,11.41718319
79680,18280335.11,11.41573851
79695,18280335.11,11.41429219
79710,18280335.11,11.41284421
79725,18280335.11,11.4113946
79740,18280335.11,11.40994334
79755,18280335.11,11.40849043
79770,18280335.11,11.40703588
79785,18280335.11,11.40557969
79800,18280335.11,11.40412185
79815,18280335.11,11.40266237
79830,18280335.11,11.40120126
79845,18280335.11,11.3997385
79860,18280335.11,11.3982741
79875,18280335.11,11.39680806
79890,18280335.11,11.39534039
79905,18280335.11,11.39387108
79920,18280335.11,11.39240013
79935,18280335.11,11.39092754
79950,18280335.11,11.38945332
79965,18280335.11,11.38797747
79980,18280335.11,11.38649998
79995,18280335.11,11.38502086
80010,18280335.11,11.3835401
80025,18280335.11,11.38205772
80040,18280335.11,11.3805737
80055,18280335.11,11.37908805
80070,18280335.11,11.37760078
80085,18280335.11,11.37611187
80100,18280335.11,11.37462134
80115,18280335.11,11.37312917
80130,18280335.11,11.37163539
80145,18280335.11,11.37013997
80160,18280335.11,11.36864293
80175,18280335.11,11.36714427
80190,18280335.11,11.36564398
80205,18280335.11,11.36414207
80220,18280335.11,11.36263854
80235,18280335.11,11.36113338
80250,18280335.11,11.35962661
80265,18280335.11,11.35811821
80280,18280335.11,11.3566082
80295,18280335.11,11.35509656
80310,18280335.11,11.35358331
80325,18280335.11,11.35206844
80340,18280335.11,11.35055196
80355,18280335.11,11.34903385
80370,18280335.11,11.34751414
80385,18280335.11,11.34599281
80400,18280335.11,11.34446986
80415,18280335.11,11.3429453
80430,18280335.11,11.34141913
80445,18280335.11,11.33989135
80460,18280335.11,11.33836196
80475,18280335.11,11.33683096
80490,18280335.11,11.33529835
80505,18280335.11,11.33376413
80520,18280335.11,11.3322283
80535,18280335.11,11.33069087
80550,18280335.11,11.32915183
80565,18280335.11,11.32761118
80580,18280335.11,11.32606893
80595,18280335.11,11.32452508
80610,18280335.11,11.32297962
80625,18280335.11,11.32143256
80640,18280335.11,11.3198839
80655,18280335.11,11.31833363
80670,18280335.11,11.31678177
80685,18280335.11,11.31522831
80700,18280335.11,11.31367325
80715,18280335.11,11.31211659
80730,18280335.11,11.31055833
80745,18280335.11,11.30899848
80760,18280335.11,11.30743703
80775,18280335.11,11.30587398
80790,18280335.11,11.30430934
80805,18280335.11,11.30274311
80820,18280335.11,11.30117529
80835,18280335.11,11.29960587
80850,18280335.11,11.29803486
80865,18280335.11,11.29646226
80880,18280335.11,11.29488807
80895,18280335.11,11.2933123
80910,18280335.11,11.29173493
80925,18280335.11,11.29015598
80940,18280335.11,11.28857544
80955,18280335.11,11.28699331
80970,18280335.11,11.2854096
80985,18280335.11,11.28382431
81000,18280335.11,11.28223743
81015,18280335.11,11.28064897
81030,18280335.11,11.27905892
81045,18007377.47,11.2774673
81060,18007377.47,11.27587409
81075,18007377.47,11.27427931
81090,18007377.47,11.27268294
81105,18007377.47,11.271085
81120,18007377.47,11.26948548
81135,18007377.47,11.26788438
81150,18007377.47,11.26628171
81165,16924325.41,11.26467746
81180,17805625.35,11.26307164
81195,17805625.35,11.26146424
81210,17805625.35,11.25985527
81225,17805625.35,11.25824473
81240,17805625.35,11.25663262
81255,17805625.35,11.25501894
81270,17805625.35,11.25340369
81285,17805625.35,11.25178686
81300,17805625.35,11.25016847
81315,17805625.35,11.24854852
81330,17805625.35,11.24692699
81345,17805625.35,11.2453039
81360,17805625.35,11.24367925
81375,17805625.35,11.24205303
81390,17805625.35,11.24042525
81405,17805625.35,11.2387959
81420,17805625.35,11.237165
81435,17805625.35,11.23553253
81450,17805625.35,11.2338985
81465,17805625.35,11.23226291
81480,17805625.35,11.23062576
81495,17805625.35,11.22898706
81510,17805625.35,11.2273468
81525,17805625.35,11.22570498
81540,17805625.35,11.22406161
81555,17805625.35,11.22241668
81570,17805625.35,11.22077019
81585,17805625.35,11.21912216
81600,17805625.35,11.21747257
81615,17805625.35,11.21582143
81630,17805625.35,11.21416874
81645,17805625.35,11.2125145
81660,17805625.35,11.21085871
81675,17805625.35,11.20920137
81690,17805625.35,11.20754248
81705,17805625.35,11.20588205
81720,17805625.35,11.20422007
81735,17805625.35,11.20255654
81750,17805625.35,11.20089148
81765,17805625.35,11.19922486
81780,17805625.35,11.19755671
81795,17805625.35,11.19588701
81810,17882811.38,11.19421577
81825,17882811.38,11.19254299
81840,17882811.38,11.19086867
81855,17882811.38,11.18919282
81870,17882811.38,11.18751542
81885,17882811.38,11.18583649
81900,17882811.38,11.18415602
81915,17882811.38,11.18247401
81930,17882811.38,11.18079047
81945,17882811.38,11.1791054
81960,17882811.38,11.17741879
81975,17882811.38,11.17573066
81990,17882811.38,11.17404099
82005,17882811.38,11.17234978
82020,17882811.38,11.17065705
82035,17882811.38,11.16896279
82050,17882811.38,11.16726701
82065,17882811.38,11.16556969
82080,17882811.38,11.16387085
82095,17882811.38,11.16217048
82110,17882811.38,11.16046859
82125,17882811.38,11.15876517
82140,17882811.38,11.15706023
82155,17882811.38,11.15535377
82170,17882811.38,11.15364578
82185,17882811.38,11.15193628
82200,17882811.38,11.15022525
82215,17882811.38,11.14851271
82230,17882811.38,11.14679864
82245,17882811.38,11.14508306
82260,17882811.38,11.14336596
82275,17882811.38,11.14164735
82290,17882811.38,11.13992722
82305,17882811.38,11.13820558
82320,17882811.38,11.13648242
82335,17882811.38,11.13475776
82350,17882811.38,11.13303158
82365,17882811.38,11.13130388
82380,17882811.38,11.12957468
82395,17882811.38,11.12784397
82410,17882811.38,11.12611175
82425,17882811.38,11.12437803
82440,17882811.38,11.12264279
82455,17882811.38,11.12090605
82470,17882811.38,11.11916781
82485,17882811.38,11.11742806
82500,17882811.38,11.11568681
82515,17882811.38,11.11394406
82530,17882811.38,11.1121998
82545,17882811.38,11.11045404
82560,17882811.38,11.10870679
82575,17882811.38,11.10695803
82590,17882811.38,11.10520777
82605,17882811.38,11.10345602
82620,17882811.38,11.10170277
82635,17882811.38,11.09994803
82650,17882811.38,11.09819179
82665,17882811.38,11.09643406
82680,17882811.38,11.09467483
82695,17882811.38,11.09291411
82710,17882811.38,11.0911519
82725,17882811.38,11.0893882
82740,17882811.38,11.08762301
82755,17882811.38,11.08585633
82770,17882811.38,11.08408816
82785,17882811.38,11.0823185
82800,17882811.38,11.08054736
82815,17882811.38,11.07877473
82830,17882811.38,11.07700062
82845,17882811.38,11.07522502
82860,17882811.38,11.07344794
82875,17882811.38,11.07166938
82890,17882811.38,11.06988934
82905,17882811.38,11.06810781
82920,17882811.38,11.06632481
82935,17882811.38,11.06454033
82950,17882811.38,11.06275437
82965,17882811.38,11.06096693
82980,17882811.38,11.05917802
82995,17882811.38,11.05738763
83010,17882811.38,11.05559577
83025,17882811.38,11.05380243
83040,17882811.38,11.05200762
83055,17882811.38,11.05021134
83070,18081647.8,11.04841359
83085,18081647.8,11.04661437
83100,18081647.8,11.04481368
83115,18081647.8,11.04301152
83130,18081647.8,11.04120789
83145,18081647.8,11.0394028
83160,18081647.8,11.03759624
83175,18081647.8,11.03578821
83190,18081647.8,11.03397872
83205,18081647.8,11.03216777
83220,18081647.8,11.03035536
83235,18081647.8,11.02854148
83250,18081647.8,11.02672615
83265,18081647.8,11.02490935
83280,18081647.8,11.0230911
83295,18081647.8,11.02127139
83310,18081647.8,11.01945022
83325,18081647.8,11.01762759
83340,18081647.8,11.01580351
83355,18081647.8,11.01397798
83370,18081647.8,11.01215099
83385,18081647.8,11.01032255
83400,18081647.8,11.00849265
83415,18081647.8,11.00666131
83430,18081647.8,11.00482852
83445,18081647.8,11.00299428
83460,18081647.8,11.00115858
83475,18081647.8,10.99932145
83490,18081647.8,10.99748286
83505,18081647.8,10.99564283
83520,18081647.8,10.99380136
83535,18081647.8,10.99195844
83550,18081647.8,10.99011408
83565,18081647.8,10.98826827
83580,18081647.8,10.98642103
83595,18081647.8,10.98457234
83610,18081647.8,10.98272222
83625,18081647.8,10.98087066
83640,18081647.8,10.97901766
83655,18081647.8,10.97716322
83670,18081647.8,10.97530735
83685,18081647.8,10.97345004
83700,18081647.8,10.9715913
83715,18081647.8,10.96973113
83730,18081647.8,10.96786952
83745,18081647.8,10.96600648
83760,18081647.8,10.96414201
83775,18081647.8,10.96227612
83790,18081647.8,10.96040879
83805,18081647.8,10.95854004
83820,18081647.8,10.95666986
83835,18081647.8,10.95479825
83850,18081647.8,10.95292522
83865,18081647.8,10.95105076
83880,18081647.8,10.94917488
83895,18081647.8,10.94729758
83910,18081647.8,10.94541886
83925,18081647.8,10.94353872
83940,18081647.8,10.94165716
83955,18081647.8,10.93977418
83970,18081647.8,10.93788978
83985,18081647.8,10.93600396
84000,18081647.8,10.93411673
84015,18081647.8,10.93222809
84030,18081647.8,10.93033803
84045,18081647.8,10.92844655
84060,18081647.8,10.92655367
84075,18081647.8,10.92465937
84090,18081647.8,10.92276366
84105,18081647.8,10.92086655
84120,18081647.8,10.91896802
84135,18081647.8,10.91706809
84150,18081647.8,10.91516675
84165,18081647.8,10.913264
84180,18081647.8,10.91135985
84195,18081647.8,10.9094543
84210,18081647.8,10.90754734
84225,18081647.8,10.90563898
84240,18081647.8,10.90372922
84255,18081647.8,10.90181806
84270,18081647.8,10.89990549
84285,18081647.8,10.89799153
84300,18081647.8,10.89607618
84315,18081647.8,10.89415942
84330,18081647.8,10.89224127
84345,18081647.8,10.89032173
84360,18081647.8,10.88840079
84375,18081647.8,10.88647846
84390,18081647.8,10.88455474
84405,18081647.8,10.88262962
84420,18081647.8,10.88070312
84435,18081647.8,10.87877523
84450,18081647.8,10.87684594
84465,18081647.8,10.87491528
84480,18081647.8,10.87298322
84495,18081647.8,10.87104978
84510,18081647.8,10.86911495
84525,18081647.8,10.86717874
84540,18081647.8,10.86524115
84555,18081647.8,10.86330218
84570,18081647.8,10.86136182
84585,18081647.8,10.85942009
84600,18081647.8,10.85747698
84615,18081647.8,10.85553248
84630,18081647.8,10.85358662
84645,18081647.8,10.85163937
84660,18081647.8,10.84969075
84675,18081647.8,10.84774076
84690,18081647.8,10.84578939
84705,18081647.8,10.84383665
84720,18081647.8,10.84188254
84735,18081647.8,10.83992706
84750,18081647.8,10.8379702
84765,18081647.8,10.83601198
84780,15334504.25,10.8340524
84795,17393462.28,10.83209144
84810,17393462.28,10.83012912
84825,17393462.28,10.82816544
84840,17393462.28,10.82620039
84855,17393462.28,10.82423398
84870,17393462.28,10.8222662
84885,17393462.28,10.82029707
84900,17393462.28,10.81832657
84915,17393462.28,10.81635472
84930,17393462.28,10.81438151
84945,17393462.28,10.81240694
84960,17393462.28,10.81043101
84975,17393462.28,10.80845373
84990,17393462.28,10.80647509
85005,17393462.28,10.8044951
85020,17393462.28,10.80251376
85035,17393462.28,10.80053107
85050,17393462.28,10.79854703
85065,17393462.28,10.79656163
85080,17393462.28,10.79457489
85095,17393462.28,10.7925868
85110,17393462.28,10.79059736
85125,17393462.28,10.78860658
85140,17393462.28,10.78661445
85155,17710783.88,10.78462098
85170,17710783.88,10.78262617
85185,17710783.88,10.78063001
85200,17710783.88,10.77863252
85215,17710783.88,10.77663368
85230,17710783.88,10.77463351
85245,17710783.88,10.77263199
85260,17710783.88,10.77062914
85275,17710783.88,10.76862495
85290,17710783.88,10.76661943
85305,17710783.88,10.76461258
85320,17710783.88,10.76260439
85335,17710783.88,10.76059486
85350,17710783.88,10.75858401
85365,17710783.88,10.75657183
85380,17710783.88,10.75455831
85395,17710783.88,10.75254347
85410,17710783.88,10.7505273
85425,17710783.88,10.74850981
85440,17710783.88,10.74649099
85455,17710783.88,10.74447084
85470,17710783.88,10.74244938
85485,17710783.88,10.74042658
85500,17710783.88,10.73840247
85515,17710783.88,10.73637704
85530,17710783.88,10.73435028
85545,17710783.88,10.73232221
85560,17710783.88,10.73029282
85575,17710783.88,10.72826212
85590,17710783.88,10.7262301
85605,17710783.88,10.72419676
85620,17710783.88,10.72216211
85635,17710783.88,10.72012615
85650,17710783.88,10.71808887
85665,17710783.88,10.71605029
85680,17710783.88,10.71401039
85695,17710783.88,10.71196919
85710,17710783.88,10.70992667
85725,17710783.88,10.70788286
85740,17710783.88,10.70583773
85755,17710783.88,10.7037913
85770,17710783.88,10.70174357
85785,17710783.88,10.69969453
85800,17710783.88,10.69764419
85815,17710783.88,10.69559255
85830,17710783.88,10.69353961
85845,17710783.88,10.69148537
85860,17710783.88,10.68942984
85875,17710783.88,10.687373
85890,17710783.88,10.68531488
85905,17710783.88,10.68325545
85920,17710783.88,10.68119473
85935,17710783.88,10.67913272
85950,17710783.88,10.67706942
85965,17710783.88,10.67500482
85980,17710783.88,10.67293894
85995,17710783.88,10.67087177
86010,17710783.88,10.6688033
86025,17710783.88,10.66673356
86040,17710783.88,10.66466252
86055,17710783.88,10.6625902
86070,17710783.88,10.6605166
86085,17710783.88,10.65844171
86100,17710783.88,10.65636554
86115,17710783.88,10.65428809
86130,17710783.88,10.65220936
86145,17710783.88,10.65012935
86160,17710783.88,10.64804807
86175,17710783.88,10.6459655
86190,17710783.88,10.64388166
86205,17710783.88,10.64179655
86220,17710783.88,10.63971016
86235,17710783.88,10.6376225
86250,17710783.88,10.63553356
86265,17710783.88,10.63344336
86280,17710783.88,10.63135188
86295,17710783.88,10.62925914
86310,17710783.88,10.62716513
86325,17710783.88,10.62506985
86340,17710783.88,10.6229733
86355,17710783.88,10.62087549
86370,17710783.88,10.61877642
86385,17710783.88,10.61667608
86400,17710783.88,10.61457448
