#1
double table(5761,  3) # time power_W OA_Wetbulb_Temp_C

0	10025487.85	4.00000
15	10025487.85	4.00000
30	10025487.85	4.00000
45	10025487.85	4.00001
60	10025487.85	4.00002
75	10025487.85	4.00002
90	10025487.85	4.00003
105	10025487.85	4.00005
120	10025487.85	4.00006
135	10025487.85	4.00008
150	10025487.85	4.00010
165	10025487.85	4.00012
180	10025487.85	4.00014
195	10025487.85	4.00016
210	10025487.85	4.00019
225	10025487.85	4.00022
240	10025487.85	4.00025
255	10025487.85	4.00028
270	10025487.85	4.00031
285	10025487.85	4.00035
300	10025487.85	4.00039
315	10025487.85	4.00043
330	10025487.85	4.00047
345	10025487.85	4.00051
360	10025487.85	4.00056
375	10025487.85	4.00060
390	10025487.85	4.00065
405	10025487.85	4.00070
420	10025487.85	4.00076
435	10025487.85	4.00081
450	10025487.85	4.00087
465	10025487.85	4.00093
480	10025487.85	4.00099
495	10025487.85	4.00105
510	10025487.85	4.00111
525	10025487.85	4.00118
540	10025487.85	4.00125
555	10025487.85	4.00132
570	10025487.85	4.00139
585	10025487.85	4.00147
600	10025487.85	4.00154
615	10025487.85	4.00162
630	10025487.85	4.00170
645	10025487.85	4.00178
660	10025487.85	4.00187
675	10025487.85	4.00195
690	10025487.85	4.00204
705	10025487.85	4.00213
720	10025487.85	4.00222
735	10025487.85	4.00232
750	10025487.85	4.00241
765	14014113.61	4.00251
780	14014113.61	4.00261
795	14014113.61	4.00271
810	14014113.61	4.00281
825	14014113.61	4.00292
840	14014113.61	4.00302
855	14014113.61	4.00313
870	14014113.61	4.00324
885	14014113.61	4.00336
900	14014113.61	4.00347
915	14014113.61	4.00359
930	14014113.61	4.00371
945	14014113.61	4.00383
960	14014113.61	4.00395
975	14014113.61	4.00407
990	14014113.61	4.00420
1005	14014113.61	4.00433
1020	14014113.61	4.00446
1035	14014113.61	4.00459
1050	14014113.61	4.00473
1065	14014113.61	4.00486
1080	14014113.61	4.00500
1095	14014113.61	4.00514
1110	14014113.61	4.00528
1125	14014113.61	4.00542
1140	14014113.61	4.00557
1155	14014113.61	4.00572
1170	14014113.61	4.00587
1185	14014113.61	4.00602
1200	14014113.61	4.00617
1215	14014113.61	4.00633
1230	14014113.61	4.00648
1245	14014113.61	4.00664
1260	14014113.61	4.00680
1275	14014113.61	4.00697
1290	14014113.61	4.00713
1305	14014113.61	4.00730
1320	14014113.61	4.00747
1335	14014113.61	4.00764
1350	14014113.61	4.00781
1365	14014113.61	4.00798
1380	14014113.61	4.00816
1395	14014113.61	4.00834
1410	14014113.61	4.00852
1425	14014113.61	4.00870
1440	14070537.6	4.00889
1455	14070537.6	4.00907
1470	14070537.6	4.00926
1485	14070537.6	4.00945
1500	14070537.6	4.00964
1515	14070537.6	4.00983
1530	14070537.6	4.01003
1545	14070537.6	4.01023
1560	14070537.6	4.01043
1575	14070537.6	4.01063
1590	14070537.6	4.01083
1605	14070537.6	4.01104
1620	14070537.6	4.01124
1635	14070537.6	4.01145
1650	14070537.6	4.01166
1665	14070537.6	4.01188
1680	14070537.6	4.01209
1695	14070537.6	4.01231
1710	14070537.6	4.01253
1725	14070537.6	4.01275
1740	14070537.6	4.01297
1755	14070537.6	4.01320
1770	14070537.6	4.01342
1785	14070537.6	4.01365
1800	14070537.6	4.01388
1815	14070537.6	4.01411
1830	14070537.6	4.01435
1845	14070537.6	4.01458
1860	14070537.6	4.01482
1875	14070537.6	4.01506
1890	14070537.6	4.01530
1905	14070537.6	4.01555
1920	14070537.6	4.01579
1935	14070537.6	4.01604
1950	14070537.6	4.01629
1965	17474224.34	4.01654
1980	17474224.34	4.01679
1995	17474224.34	4.01705
2010	17474224.34	4.01731
2025	17474224.34	4.01757
2040	17474224.34	4.01783
2055	17474224.34	4.01809
2070	17474224.34	4.01835
2085	17474224.34	4.01862
2100	17474224.34	4.01889
2115	17474224.34	4.01916
2130	17474224.34	4.01943
2145	17474224.34	4.01971
2160	17474224.34	4.01998
2175	17474224.34	4.02026
2190	17474224.34	4.02054
2205	17474224.34	4.02082
2220	17474224.34	4.02111
2235	17474224.34	4.02139
2250	17474224.34	4.02168
2265	17474224.34	4.02197
2280	17474224.34	4.02226
2295	17474224.34	4.02256
2310	17474224.34	4.02285
2325	17474224.34	4.02315
2340	17474224.34	4.02345
2355	17474224.34	4.02375
2370	17474224.34	4.02405
2385	17474224.34	4.02436
2400	17474224.34	4.02467
2415	17474224.34	4.02497
2430	17474224.34	4.02529
2445	17474224.34	4.02560
2460	17474224.34	4.02591
2475	17474224.34	4.02623
2490	19305777.73	4.02655
2505	19305777.73	4.02687
2520	19305777.73	4.02719
2535	19305777.73	4.02752
2550	19305777.73	4.02784
2565	19305777.73	4.02817
2580	19305777.73	4.02850
2595	19305777.73	4.02883
2610	19305777.73	4.02917
2625	19305777.73	4.02950
2640	19305777.73	4.02984
2655	19305777.73	4.03018
2670	19305777.73	4.03052
2685	19305777.73	4.03086
2700	19305777.73	4.03121
2715	19305777.73	4.03156
2730	19305777.73	4.03191
2745	19305777.73	4.03226
2760	19305777.73	4.03261
2775	19305777.73	4.03296
2790	19305777.73	4.03332
2805	19305777.73	4.03368
2820	19305777.73	4.03404
2835	19305777.73	4.03440
2850	19305777.73	4.03477
2865	19305777.73	4.03513
2880	19305777.73	4.03550
2895	19305777.73	4.03587
2910	19305777.73	4.03625
2925	19305777.73	4.03662
2940	19305777.73	4.03700
2955	19305777.73	4.03737
2970	19305777.73	4.03775
2985	19305777.73	4.03813
3000	19305777.73	4.03852
3015	19305777.73	4.03890
3030	19305777.73	4.03929
3045	19305777.73	4.03968
3060	19305777.73	4.04007
3075	19305777.73	4.04046
3090	19305777.73	4.04086
3105	19305777.73	4.04126
3120	19305777.73	4.04166
3135	19305777.73	4.04206
3150	19305777.73	4.04246
3165	19305777.73	4.04286
3180	19305777.73	4.04327
3195	19305777.73	4.04368
3210	19305777.73	4.04409
3225	19305777.73	4.04450
3240	19305777.73	4.04492
3255	19305777.73	4.04533
3270	19305777.73	4.04575
3285	19305777.73	4.04617
3300	19305777.73	4.04659
3315	19305777.73	4.04702
3330	19305777.73	4.04744
3345	19305777.73	4.04787
3360	19305777.73	4.04830
3375	19305777.73	4.04873
3390	19305777.73	4.04916
3405	19305777.73	4.04960
3420	19305777.73	4.05003
3435	19305777.73	4.05047
3450	19305777.73	4.05091
3465	19305777.73	4.05136
3480	19305777.73	4.05180
3495	19305777.73	4.05225
3510	19305777.73	4.05270
3525	19305777.73	4.05315
3540	19305777.73	4.05360
3555	19305777.73	4.05405
3570	19305777.73	4.05451
3585	19305777.73	4.05497
3600	19305777.73	4.05543
3615	19305777.73	4.05589
3630	19305777.73	4.05635
3645	19305777.73	4.05682
3660	19305777.73	4.05729
3675	19305777.73	4.05775
3690	19305777.73	4.05823
3705	19305777.73	4.05870
3720	19305777.73	4.05917
3735	19305777.73	4.05965
3750	19305777.73	4.06013
3765	19305777.73	4.06061
3780	19305777.73	4.06109
3795	19305777.73	4.06158
3810	19305777.73	4.06206
3825	19305777.73	4.06255
3840	19305777.73	4.06304
3855	19305777.73	4.06354
3870	19305777.73	4.06403
3885	19305777.73	4.06453
3900	19305777.73	4.06502
3915	19305777.73	4.06552
3930	19305777.73	4.06603
3945	19305777.73	4.06653
3960	19305777.73	4.06703
3975	19305777.73	4.06754
3990	19305777.73	4.06805
4005	19305777.73	4.06856
4020	19305777.73	4.06907
4035	19305777.73	4.06959
4050	19305777.73	4.07011
4065	19305777.73	4.07063
4080	19305777.73	4.07115
4095	19305777.73	4.07167
4110	19305777.73	4.07219
4125	19305777.73	4.07272
4140	19305777.73	4.07325
4155	19305777.73	4.07378
4170	19305777.73	4.07431
4185	19305777.73	4.07484
4200	19305777.73	4.07538
4215	19305777.73	4.07592
4230	19305777.73	4.07646
4245	19305777.73	4.07700
4260	19305777.73	4.07754
4275	19305777.73	4.07809
4290	19305777.73	4.07863
4305	19305777.73	4.07918
4320	19305777.73	4.07973
4335	19305777.73	4.08029
4350	19305777.73	4.08084
4365	19305777.73	4.08140
4380	19305777.73	4.08196
4395	19305777.73	4.08252
4410	19305777.73	4.08308
4425	19305777.73	4.08364
4440	19305777.73	4.08421
4455	19305777.73	4.08478
4470	19305777.73	4.08535
4485	19305777.73	4.08592
4500	19305777.73	4.08649
4515	19305777.73	4.08707
4530	19305777.73	4.08764
4545	19305777.73	4.08822
4560	19305777.73	4.08881
4575	19305777.73	4.08939
4590	19305777.73	4.08997
4605	19305777.73	4.09056
4620	19305777.73	4.09115
4635	19305777.73	4.09174
4650	19305777.73	4.09233
4665	19305777.73	4.09293
4680	19305777.73	4.09352
4695	19305777.73	4.09412
4710	19305777.73	4.09472
4725	19305777.73	4.09532
4740	19305777.73	4.09593
4755	19305777.73	4.09653
4770	19305777.73	4.09714
4785	19305777.73	4.09775
4800	19305777.73	4.09836
4815	19305777.73	4.09897
4830	19305777.73	4.09959
4845	19305777.73	4.10020
4860	19305777.73	4.10082
4875	19305777.73	4.10144
4890	19305777.73	4.10207
4905	19305777.73	4.10269
4920	19305777.73	4.10332
4935	19305777.73	4.10395
4950	19305777.73	4.10458
4965	19305777.73	4.10521
4980	19305777.73	4.10584
4995	19305777.73	4.10648
5010	19305777.73	4.10711
5025	19305777.73	4.10775
5040	19305777.73	4.10840
5055	19305777.73	4.10904
5070	19305777.73	4.10968
5085	19305777.73	4.11033
5100	19305777.73	4.11098
5115	19305777.73	4.11163
5130	19305777.73	4.11228
5145	19305777.73	4.11294
5160	19305777.73	4.11359
5175	19305777.73	4.11425
5190	19305777.73	4.11491
5205	19305777.73	4.11557
5220	19305777.73	4.11624
5235	19305777.73	4.11690
5250	19305777.73	4.11757
5265	19305777.73	4.11824
5280	19305777.73	4.11891
5295	19305777.73	4.11959
5310	19305777.73	4.12026
5325	19305777.73	4.12094
5340	19305777.73	4.12162
5355	19305777.73	4.12230
5370	19305777.73	4.12298
5385	19305777.73	4.12366
5400	19305777.73	4.12435
5415	19305777.73	4.12504
5430	19305777.73	4.12573
5445	19305777.73	4.12642
5460	19305777.73	4.12711
5475	19305777.73	4.12781
5490	19305777.73	4.12851
5505	19305777.73	4.12921
5520	19305777.73	4.12991
5535	19305777.73	4.13061
5550	19305777.73	4.13132
5565	19305777.73	4.13202
5580	19305777.73	4.13273
5595	19305777.73	4.13344
5610	19305777.73	4.13415
5625	19305777.73	4.13487
5640	19305777.73	4.13559
5655	19305777.73	4.13630
5670	19305777.73	4.13702
5685	19305777.73	4.13774
5700	19305777.73	4.13847
5715	19305777.73	4.13919
5730	19305777.73	4.13992
5745	19305777.73	4.14065
5760	19305777.73	4.14138
5775	19305777.73	4.14211
5790	19305777.73	4.14285
5805	19305777.73	4.14359
5820	19305777.73	4.14432
5835	19305777.73	4.14506
5850	19305777.73	4.14581
5865	19305777.73	4.14655
5880	19305777.73	4.14730
5895	19305777.73	4.14804
5910	19305777.73	4.14879
5925	19305777.73	4.14955
5940	19305777.73	4.15030
5955	19305777.73	4.15105
5970	19305777.73	4.15181
5985	19305777.73	4.15257
6000	19305777.73	4.15333
6015	19305777.73	4.15409
6030	19305777.73	4.15486
6045	19305777.73	4.15562
6060	19305777.73	4.15639
6075	19305777.73	4.15716
6090	19305777.73	4.15793
6105	19305777.73	4.15871
6120	19305777.73	4.15948
6135	19305777.73	4.16026
6150	19305777.73	4.16104
6165	19305777.73	4.16182
6180	19305777.73	4.16261
6195	19305777.73	4.16339
6210	19305777.73	4.16418
6225	19305777.73	4.16497
6240	19305777.73	4.16576
6255	19305777.73	4.16655
6270	19305777.73	4.16734
6285	19305777.73	4.16814
6300	19305777.73	4.16894
6315	19305777.73	4.16974
6330	19305777.73	4.17054
6345	19305777.73	4.17134
6360	19305777.73	4.17215
6375	19305777.73	4.17295
6390	19305777.73	4.17376
6405	19305777.73	4.17457
6420	19305777.73	4.17539
6435	19305777.73	4.17620
6450	19305777.73	4.17702
6465	19305777.73	4.17783
6480	19305777.73	4.17865
6495	19305777.73	4.17948
6510	19305777.73	4.18030
6525	19305777.73	4.18113
6540	19305777.73	4.18195
6555	19305777.73	4.18278
6570	19305777.73	4.18361
6585	19305777.73	4.18445
6600	19305777.73	4.18528
6615	19305777.73	4.18612
6630	19305777.73	4.18696
6645	19305777.73	4.18780
6660	19305777.73	4.18864
6675	19305777.73	4.18948
6690	19305777.73	4.19033
6705	19305777.73	4.19117
6720	19305777.73	4.19202
6735	19305777.73	4.19288
6750	19305777.73	4.19373
6765	19305777.73	4.19458
6780	19305777.73	4.19544
6795	19305777.73	4.19630
6810	19305777.73	4.19716
6825	19305777.73	4.19802
6840	19305777.73	4.19889
6855	19305777.73	4.19975
6870	19305777.73	4.20062
6885	19305777.73	4.20149
6900	19305777.73	4.20236
6915	19305777.73	4.20323
6930	19305777.73	4.20411
6945	19305777.73	4.20499
6960	19305777.73	4.20586
6975	19305777.73	4.20674
6990	19305777.73	4.20763
7005	19305777.73	4.20851
7020	19305777.73	4.20940
7035	19305777.73	4.21028
7050	19305777.73	4.21117
7065	19305777.73	4.21207
7080	19305777.73	4.21296
7095	19305777.73	4.21385
7110	19305777.73	4.21475
7125	19305777.73	4.21565
7140	19305777.73	4.21655
7155	19305777.73	4.21745
7170	19305777.73	4.21836
7185	19305777.73	4.21926
7200	19305777.73	4.22017
7215	19305777.73	4.22108
7230	19305777.73	4.22199
7245	19305777.73	4.22291
7260	19305777.73	4.22382
7275	19305777.73	4.22474
7290	19305777.73	4.22566
7305	19305777.73	4.22658
7320	19305777.73	4.22750
7335	19305777.73	4.22843
7350	19305777.73	4.22935
7365	19305777.73	4.23028
7380	19305777.73	4.23121
7395	19305777.73	4.23214
7410	19305777.73	4.23307
7425	19305777.73	4.23401
7440	19305777.73	4.23495
7455	19305777.73	4.23589
7470	19305777.73	4.23683
7485	19305777.73	4.23777
7500	19305777.73	4.23871
7515	19305777.73	4.23966
7530	19305777.73	4.24061
7545	19305777.73	4.24156
7560	19305777.73	4.24251
7575	19305777.73	4.24346
7590	19305777.73	4.24442
7605	19305777.73	4.24537
7620	19305777.73	4.24633
7635	19305777.73	4.24729
7650	19305777.73	4.24826
7665	19305777.73	4.24922
7680	19305777.73	4.25019
7695	19305777.73	4.25115
7710	19305777.73	4.25212
7725	19305777.73	4.25310
7740	19305777.73	4.25407
7755	19305777.73	4.25504
7770	19305777.73	4.25602
7785	19305777.73	4.25700
7800	19305777.73	4.25798
7815	19305777.73	4.25896
7830	19305777.73	4.25995
7845	19305777.73	4.26093
7860	19305777.73	4.26192
7875	19305777.73	4.26291
7890	19305777.73	4.26390
7905	19305777.73	4.26489
7920	19305777.73	4.26589
7935	19305777.73	4.26689
7950	19305777.73	4.26789
7965	19305777.73	4.26889
7980	19305777.73	4.26989
7995	19305777.73	4.27089
8010	19305777.73	4.27190
8025	19305777.73	4.27290
8040	19305777.73	4.27391
8055	19305777.73	4.27493
8070	19305777.73	4.27594
8085	19305777.73	4.27695
8100	19305777.73	4.27797
8115	19305777.73	4.27899
8130	19305777.73	4.28001
8145	19305777.73	4.28103
8160	19305777.73	4.28205
8175	19305777.73	4.28308
8190	19305777.73	4.28411
8205	19305777.73	4.28514
8220	19305777.73	4.28617
8235	19305777.73	4.28720
8250	19305777.73	4.28823
8265	19305777.73	4.28927
8280	19305777.73	4.29031
8295	19305777.73	4.29135
8310	19305777.73	4.29239
8325	19305777.73	4.29343
8340	19305777.73	4.29448
8355	19305777.73	4.29552
8370	19305777.73	4.29657
8385	19305777.73	4.29762
8400	19305777.73	4.29868
8415	19305777.73	4.29973
8430	19305777.73	4.30079
8445	19305777.73	4.30184
8460	19305777.73	4.30290
8475	19305777.73	4.30396
8490	19305777.73	4.30503
8505	19305777.73	4.30609
8520	19305777.73	4.30716
8535	19305777.73	4.30823
8550	19305777.73	4.30930
8565	19305777.73	4.31037
8580	19305777.73	4.31144
8595	19305777.73	4.31252
8610	19305777.73	4.31360
8625	19305777.73	4.31468
8640	19305777.73	4.31576
8655	19305777.73	4.31684
8670	19305777.73	4.31792
8685	19305777.73	4.31901
8700	19305777.73	4.32010
8715	19305777.73	4.32119
8730	19305777.73	4.32228
8745	19305777.73	4.32337
8760	19305777.73	4.32447
8775	19305777.73	4.32556
8790	19305777.73	4.32666
8805	19305777.73	4.32776
8820	19305777.73	4.32886
8835	19305777.73	4.32997
8850	19305777.73	4.33107
8865	19305777.73	4.33218
8880	19305777.73	4.33329
8895	19305777.73	4.33440
8910	19305777.73	4.33551
8925	19305777.73	4.33663
8940	19305777.73	4.33775
8955	19305777.73	4.33886
8970	19305777.73	4.33998
8985	19305777.73	4.34110
9000	19305777.73	4.34223
9015	19305777.73	4.34335
9030	19305777.73	4.34448
9045	19305777.73	4.34561
9060	19305777.73	4.34674
9075	19305777.73	4.34787
9090	19305777.73	4.34900
9105	19305777.73	4.35014
9120	19305777.73	4.35128
9135	19305777.73	4.35242
9150	19305777.73	4.35356
9165	17541452.35	4.35470
9180	17541452.35	4.35585
9195	17541452.35	4.35699
9210	17541452.35	4.35814
9225	17541452.35	4.35929
9240	17541452.35	4.36044
9255	17541452.35	4.36159
9270	17541452.35	4.36275
9285	17541452.35	4.36391
9300	17541452.35	4.36506
9315	17541452.35	4.36622
9330	17541452.35	4.36739
9345	17541452.35	4.36855
9360	17541452.35	4.36972
9375	17541452.35	4.37088
9390	17541452.35	4.37205
9405	17541452.35	4.37322
9420	17541452.35	4.37440
9435	17541452.35	4.37557
9450	17541452.35	4.37675
9465	17541452.35	4.37792
9480	17541452.35	4.37910
9495	17541452.35	4.38028
9510	17541452.35	4.38147
9525	17541452.35	4.38265
9540	17541452.35	4.38384
9555	17541452.35	4.38503
9570	17541452.35	4.38622
9585	17541452.35	4.38741
9600	17541452.35	4.38860
9615	17541452.35	4.38980
9630	17541452.35	4.39099
9645	17541452.35	4.39219
9660	17541452.35	4.39339
9675	17541452.35	4.39459
9690	17541452.35	4.39580
9705	17541452.35	4.39700
9720	17541452.35	4.39821
9735	17541452.35	4.39942
9750	17541452.35	4.40063
9765	17541452.35	4.40184
9780	17541452.35	4.40306
9795	17541452.35	4.40427
9810	17541452.35	4.40549
9825	17541452.35	4.40671
9840	17541452.35	4.40793
9855	17541452.35	4.40916
9870	17541452.35	4.41038
9885	17541452.35	4.41161
9900	17541452.35	4.41284
9915	17541452.35	4.41407
9930	17541452.35	4.41530
9945	17541452.35	4.41653
9960	17541452.35	4.41777
9975	17541452.35	4.41900
9990	17541452.35	4.42024
10005	17541452.35	4.42148
10020	17541452.35	4.42272
10035	17541452.35	4.42397
10050	17541452.35	4.42521
10065	17541452.35	4.42646
10080	17541452.35	4.42771
10095	17541452.35	4.42896
10110	17541452.35	4.43021
10125	17541452.35	4.43147
10140	17541452.35	4.43272
10155	17541452.35	4.43398
10170	17541452.35	4.43524
10185	17541452.35	4.43650
10200	17541452.35	4.43776
10215	17541452.35	4.43903
10230	17541452.35	4.44029
10245	17541452.35	4.44156
10260	17541452.35	4.44283
10275	17541452.35	4.44410
10290	17541452.35	4.44537
10305	17541452.35	4.44665
10320	17541452.35	4.44792
10335	17541452.35	4.44920
10350	17541452.35	4.45048
10365	17541452.35	4.45176
10380	17541452.35	4.45305
10395	17541452.35	4.45433
10410	17541452.35	4.45562
10425	17541452.35	4.45691
10440	17541452.35	4.45820
10455	17541452.35	4.45949
10470	17541452.35	4.46078
10485	17541452.35	4.46208
10500	17541452.35	4.46337
10515	17541452.35	4.46467
10530	17541452.35	4.46597
10545	17541452.35	4.46728
10560	17541452.35	4.46858
10575	17541452.35	4.46988
10590	17541452.35	4.47119
10605	17541452.35	4.47250
10620	17541452.35	4.47381
10635	17541452.35	4.47512
10650	17541452.35	4.47644
10665	17541452.35	4.47775
10680	17541452.35	4.47907
10695	17541452.35	4.48039
10710	17541452.35	4.48171
10725	17541452.35	4.48303
10740	17541452.35	4.48436
10755	17541452.35	4.48568
10770	17541452.35	4.48701
10785	17541452.35	4.48834
10800	17541452.35	4.48967
10815	17541452.35	4.49100
10830	17541452.35	4.49234
10845	17541452.35	4.49367
10860	17541452.35	4.49501
10875	17541452.35	4.49635
10890	17541452.35	4.49769
10905	17541452.35	4.49903
10920	17541452.35	4.50038
10935	17541452.35	4.50172
10950	17541452.35	4.50307
10965	17541452.35	4.50442
10980	17541452.35	4.50577
10995	17541452.35	4.50713
11010	17541452.35	4.50848
11025	17541452.35	4.50984
11040	17541452.35	4.51119
11055	17541452.35	4.51255
11070	17541452.35	4.51391
11085	17541452.35	4.51528
11100	17541452.35	4.51664
11115	17541452.35	4.51801
11130	17541452.35	4.51938
11145	17541452.35	4.52075
11160	17541452.35	4.52212
11175	17541452.35	4.52349
11190	17541452.35	4.52487
11205	17541452.35	4.52624
11220	17541452.35	4.52762
11235	17541452.35	4.52900
11250	17541452.35	4.53038
11265	17541452.35	4.53176
11280	17541452.35	4.53315
11295	17541452.35	4.53453
11310	17541452.35	4.53592
11325	17541452.35	4.53731
11340	17541452.35	4.53870
11355	17541452.35	4.54010
11370	17541452.35	4.54149
11385	17541452.35	4.54289
11400	17541452.35	4.54429
11415	17541452.35	4.54569
11430	17541452.35	4.54709
11445	17541452.35	4.54849
11460	17541452.35	4.54990
11475	17541452.35	4.55130
11490	17541452.35	4.55271
11505	17541452.35	4.55412
11520	17541452.35	4.55553
11535	17541452.35	4.55694
11550	17541452.35	4.55836
11565	17541452.35	4.55978
11580	17541452.35	4.56119
11595	17541452.35	4.56261
11610	17541452.35	4.56403
11625	17541452.35	4.56546
11640	17541452.35	4.56688
11655	17541452.35	4.56831
11670	17541452.35	4.56974
11685	17541452.35	4.57117
11700	17541452.35	4.57260
11715	17541452.35	4.57403
11730	17541452.35	4.57547
11745	17541452.35	4.57690
11760	17541452.35	4.57834
11775	17541452.35	4.57978
11790	17541452.35	4.58122
11805	17541452.35	4.58266
11820	17541452.35	4.58411
11835	17541452.35	4.58555
11850	17541452.35	4.58700
11865	17541452.35	4.58845
11880	17541452.35	4.58990
11895	17541452.35	4.59135
11910	17541452.35	4.59281
11925	17541452.35	4.59427
11940	17541452.35	4.59572
11955	17541452.35	4.59718
11970	17541452.35	4.59864
11985	17541452.35	4.60011
12000	17541452.35	4.60157
12015	17541452.35	4.60304
12030	17541452.35	4.60450
12045	17541452.35	4.60597
12060	17541452.35	4.60744
12075	17541452.35	4.60892
12090	17541452.35	4.61039
12105	17541452.35	4.61187
12120	17541452.35	4.61334
12135	17541452.35	4.61482
12150	17541452.35	4.61630
12165	17541452.35	4.61778
12180	17541452.35	4.61927
12195	17541452.35	4.62075
12210	17541452.35	4.62224
12225	17541452.35	4.62373
12240	17541452.35	4.62522
12255	17541452.35	4.62671
12270	17541452.35	4.62821
12285	17541452.35	4.62970
12300	17541452.35	4.63120
12315	17541452.35	4.63270
12330	17541452.35	4.63420
12345	17541452.35	4.63570
12360	17541452.35	4.63720
12375	17541452.35	4.63871
12390	17541452.35	4.64021
12405	17541452.35	4.64172
12420	17541452.35	4.64323
12435	17541452.35	4.64474
12450	17541452.35	4.64626
12465	17541452.35	4.64777
12480	17541452.35	4.64929
12495	17541452.35	4.65080
12510	17541452.35	4.65232
12525	17541452.35	4.65384
12540	17541452.35	4.65537
12555	17541452.35	4.65689
12570	17541452.35	4.65842
12585	17541452.35	4.65995
12600	17541452.35	4.66147
12615	17541452.35	4.66301
12630	17541452.35	4.66454
12645	17541452.35	4.66607
12660	17541452.35	4.66761
12675	17541452.35	4.66915
12690	17541452.35	4.67068
12705	17541452.35	4.67222
12720	17541452.35	4.67377
12735	17541452.35	4.67531
12750	17541452.35	4.67686
12765	17541452.35	4.67840
12780	17541452.35	4.67995
12795	17541452.35	4.68150
12810	17541452.35	4.68305
12825	17541452.35	4.68461
12840	17541452.35	4.68616
12855	17541452.35	4.68772
12870	17541452.35	4.68928
12885	17541452.35	4.69084
12900	17541452.35	4.69240
12915	17541452.35	4.69396
12930	17541452.35	4.69552
12945	17541452.35	4.69709
12960	17541452.35	4.69866
12975	17541452.35	4.70023
12990	17541452.35	4.70180
13005	17541452.35	4.70337
13020	17541452.35	4.70494
13035	17541452.35	4.70652
13050	17541452.35	4.70810
13065	17541452.35	4.70968
13080	17541452.35	4.71126
13095	17541452.35	4.71284
13110	17541452.35	4.71442
13125	17541452.35	4.71601
13140	17541452.35	4.71759
13155	17541452.35	4.71918
13170	17541452.35	4.72077
13185	17541452.35	4.72236
13200	17541452.35	4.72396
13215	17541452.35	4.72555
13230	17541452.35	4.72715
13245	17541452.35	4.72874
13260	17541452.35	4.73034
13275	17541452.35	4.73194
13290	17541452.35	4.73355
13305	17541452.35	4.73515
13320	17541452.35	4.73676
13335	17541452.35	4.73836
13350	17541452.35	4.73997
13365	17541452.35	4.74158
13380	17541452.35	4.74320
13395	17541452.35	4.74481
13410	17541452.35	4.74642
13425	17541452.35	4.74804
13440	17541452.35	4.74966
13455	17541452.35	4.75128
13470	17541452.35	4.75290
13485	17541452.35	4.75452
13500	17541452.35	4.75615
13515	17541452.35	4.75777
13530	17541452.35	4.75940
13545	17541452.35	4.76103
13560	17541452.35	4.76266
13575	17541452.35	4.76429
13590	17541452.35	4.76593
13605	17541452.35	4.76756
13620	17541452.35	4.76920
13635	17541452.35	4.77084
13650	17541452.35	4.77248
13665	17541452.35	4.77412
13680	17541452.35	4.77576
13695	17541452.35	4.77741
13710	17541452.35	4.77905
13725	17541452.35	4.78070
13740	17541452.35	4.78235
13755	17541452.35	4.78400
13770	17541452.35	4.78566
13785	17541452.35	4.78731
13800	17541452.35	4.78896
13815	17541452.35	4.79062
13830	17541452.35	4.79228
13845	17541452.35	4.79394
13860	17541452.35	4.79560
13875	17541452.35	4.79727
13890	17541452.35	4.79893
13905	17541452.35	4.80060
13920	17541452.35	4.80227
13935	17541452.35	4.80393
13950	17541452.35	4.80561
13965	17541452.35	4.80728
13980	17541452.35	4.80895
13995	17541452.35	4.81063
14010	17541452.35	4.81231
14025	17541452.35	4.81398
14040	17541452.35	4.81566
14055	17541452.35	4.81735
14070	17541452.35	4.81903
14085	17541452.35	4.82071
14100	17541452.35	4.82240
14115	17541452.35	4.82409
14130	17541452.35	4.82578
14145	17541452.35	4.82747
14160	17541452.35	4.82916
14175	17541452.35	4.83086
14190	17541452.35	4.83255
14205	17541452.35	4.83425
14220	17541452.35	4.83595
14235	17541452.35	4.83765
14250	17541452.35	4.83935
14265	17541452.35	4.84105
14280	17541452.35	4.84276
14295	17541452.35	4.84446
14310	17541452.35	4.84617
14325	17541452.35	4.84788
14340	17541452.35	4.84959
14355	17541452.35	4.85130
14370	17541452.35	4.85302
14385	17541452.35	4.85473
14400	17541452.35	4.85645
14415	17541452.35	4.85817
14430	17541452.35	4.85989
14445	17541452.35	4.86161
14460	17541452.35	4.86333
14475	17541452.35	4.86506
14490	17541452.35	4.86678
14505	17541452.35	4.86851
14520	17541452.35	4.87024
14535	17541452.35	4.87197
14550	17541452.35	4.87370
14565	17541452.35	4.87544
14580	17541452.35	4.87717
14595	17541452.35	4.87891
14610	17541452.35	4.88065
14625	17541452.35	4.88239
14640	17541452.35	4.88413
14655	17541452.35	4.88587
14670	17541452.35	4.88761
14685	17541452.35	4.88936
14700	17541452.35	4.89111
14715	17541452.35	4.89286
14730	17541452.35	4.89461
14745	17541452.35	4.89636
14760	17541452.35	4.89811
14775	17541452.35	4.89986
14790	17541452.35	4.90162
14805	17541452.35	4.90338
14820	17541452.35	4.90514
14835	17541452.35	4.90690
14850	17541452.35	4.90866
14865	17541452.35	4.91042
14880	17541452.35	4.91219
14895	17541452.35	4.91396
14910	17541452.35	4.91572
14925	17541452.35	4.91749
14940	17541452.35	4.91926
14955	17541452.35	4.92104
14970	17541452.35	4.92281
14985	17541452.35	4.92459
15000	17541452.35	4.92636
15015	17541452.35	4.92814
15030	17541452.35	4.92992
15045	17541452.35	4.93170
15060	17541452.35	4.93349
15075	17541452.35	4.93527
15090	17541452.35	4.93706
15105	17541452.35	4.93884
15120	17541452.35	4.94063
15135	17541452.35	4.94242
15150	17541452.35	4.94421
15165	17541452.35	4.94601
15180	17541452.35	4.94780
15195	17541452.35	4.94960
15210	17541452.35	4.95139
15225	17541452.35	4.95319
15240	17541452.35	4.95499
15255	17541452.35	4.95680
15270	17541452.35	4.95860
15285	17541452.35	4.96040
15300	17541452.35	4.96221
15315	17541452.35	4.96402
15330	17541452.35	4.96583
15345	17541452.35	4.96764
15360	17541452.35	4.96945
15375	17541452.35	4.97127
15390	17541452.35	4.97308
15405	17541452.35	4.97490
15420	17541452.35	4.97672
15435	17541452.35	4.97853
15450	17541452.35	4.98036
15465	17541452.35	4.98218
15480	17541452.35	4.98400
15495	17541452.35	4.98583
15510	17541452.35	4.98765
15525	17541452.35	4.98948
15540	17541452.35	4.99131
15555	17541452.35	4.99314
15570	17541452.35	4.99498
15585	17541452.35	4.99681
15600	17541452.35	4.99865
15615	17541452.35	5.00048
15630	17541452.35	5.00232
15645	17541452.35	5.00416
15660	17541452.35	5.00600
15675	17541452.35	5.00785
15690	17541452.35	5.00969
15705	17541452.35	5.01153
15720	17541452.35	5.01338
15735	17541452.35	5.01523
15750	17541452.35	5.01708
15765	17541452.35	5.01893
15780	17541452.35	5.02078
15795	17541452.35	5.02264
15810	17541452.35	5.02449
15825	17541452.35	5.02635
15840	17541452.35	5.02821
15855	17541452.35	5.03007
15870	17541452.35	5.03193
15885	17541452.35	5.03379
15900	17541452.35	5.03566
15915	17541452.35	5.03752
15930	17541452.35	5.03939
15945	17541452.35	5.04126
15960	17541452.35	5.04313
15975	17541452.35	5.04500
15990	17541452.35	5.04688
16005	17541452.35	5.04875
16020	17541452.35	5.05063
16035	17541452.35	5.05250
16050	17541452.35	5.05438
16065	17541452.35	5.05626
16080	17541452.35	5.05814
16095	17541452.35	5.06003
16110	17541452.35	5.06191
16125	17541452.35	5.06379
16140	17541452.35	5.06568
16155	17541452.35	5.06757
16170	17541452.35	5.06946
16185	17541452.35	5.07135
16200	17541452.35	5.07324
16215	17541452.35	5.07514
16230	17541452.35	5.07703
16245	17541452.35	5.07893
16260	17541452.35	5.08083
16275	17541452.35	5.08273
16290	17541452.35	5.08463
16305	17541452.35	5.08653
16320	17541452.35	5.08844
16335	17541452.35	5.09034
16350	17541452.35	5.09225
16365	17541452.35	5.09416
16380	17541452.35	5.09607
16395	17541452.35	5.09798
16410	17541452.35	5.09989
16425	17541452.35	5.10180
16440	17541452.35	5.10372
16455	17541452.35	5.10564
16470	17541452.35	5.10755
16485	17541452.35	5.10947
16500	17541452.35	5.11139
16515	17541452.35	5.11332
16530	17541452.35	5.11524
16545	17541452.35	5.11717
16560	17541452.35	5.11909
16575	17541452.35	5.12102
16590	17541452.35	5.12295
16605	17541452.35	5.12488
16620	17541452.35	5.12681
16635	17541452.35	5.12874
16650	17541452.35	5.13068
16665	17541452.35	5.13261
16680	17541452.35	5.13455
16695	17541452.35	5.13649
16710	17541452.35	5.13843
16725	17541452.35	5.14037
16740	17541452.35	5.14232
16755	17541452.35	5.14426
16770	17541452.35	5.14621
16785	17541452.35	5.14815
16800	17541452.35	5.15010
16815	17541452.35	5.15205
16830	17541452.35	5.15400
16845	17541452.35	5.15596
16860	17541452.35	5.15791
16875	17541452.35	5.15986
16890	17541452.35	5.16182
16905	17541452.35	5.16378
16920	17541452.35	5.16574
16935	17541452.35	5.16770
16950	17541452.35	5.16966
16965	17541452.35	5.17163
16980	17541452.35	5.17359
16995	17541452.35	5.17556
17010	17541452.35	5.17752
17025	17541452.35	5.17949
17040	17541452.35	5.18146
17055	17541452.35	5.18344
17070	17541452.35	5.18541
17085	17541452.35	5.18738
17100	17541452.35	5.18936
17115	17541452.35	5.19134
17130	17541452.35	5.19331
17145	17541452.35	5.19529
17160	17541452.35	5.19728
17175	17541452.35	5.19926
17190	17541452.35	5.20124
17205	17541452.35	5.20323
17220	17541452.35	5.20521
17235	17541452.35	5.20720
17250	17541452.35	5.20919
17265	17541452.35	5.21118
17280	17541452.35	5.21317
17295	17541452.35	5.21517
17310	17541452.35	5.21716
17325	17541452.35	5.21916
17340	17541452.35	5.22115
17355	17541452.35	5.22315
17370	17541452.35	5.22515
17385	17541452.35	5.22715
17400	17541452.35	5.22916
17415	17541452.35	5.23116
17430	17541452.35	5.23317
17445	17541452.35	5.23517
17460	17541452.35	5.23718
17475	17541452.35	5.23919
17490	17541452.35	5.24120
17505	17541452.35	5.24321
17520	17541452.35	5.24523
17535	17541452.35	5.24724
17550	17541452.35	5.24926
17565	17541452.35	5.25128
17580	17541452.35	5.25329
17595	17541452.35	5.25531
17610	17541452.35	5.25734
17625	17541452.35	5.25936
17640	17541452.35	5.26138
17655	17541452.35	5.26341
17670	17541452.35	5.26543
17685	17541452.35	5.26746
17700	17541452.35	5.26949
17715	17541452.35	5.27152
17730	17541452.35	5.27355
17745	17541452.35	5.27559
17760	17541452.35	5.27762
17775	17541452.35	5.27966
17790	17541452.35	5.28169
17805	17541452.35	5.28373
17820	17541452.35	5.28577
17835	17541452.35	5.28781
17850	17541452.35	5.28986
17865	17541452.35	5.29190
17880	17541452.35	5.29394
17895	17541452.35	5.29599
17910	17541452.35	5.29804
17925	17541452.35	5.30009
17940	17541452.35	5.30214
17955	17541452.35	5.30419
17970	17541452.35	5.30624
17985	17541452.35	5.30830
18000	17541452.35	5.31035
18015	17541452.35	5.31241
18030	17541452.35	5.31447
18045	17541452.35	5.31652
18060	17541452.35	5.31859
18075	17541452.35	5.32065
18090	17541452.35	5.32271
18105	17541452.35	5.32478
18120	17541452.35	5.32684
18135	17541452.35	5.32891
18150	17541452.35	5.33098
18165	17541452.35	5.33305
18180	17541452.35	5.33512
18195	17541452.35	5.33719
18210	17541452.35	5.33926
18225	17541452.35	5.34134
18240	17541452.35	5.34341
18255	17541452.35	5.34549
18270	17541452.35	5.34757
18285	17541452.35	5.34965
18300	17541452.35	5.35173
18315	17541452.35	5.35381
18330	17541452.35	5.35590
18345	17541452.35	5.35798
18360	17541452.35	5.36007
18375	17541452.35	5.36215
18390	17541452.35	5.36424
18405	17541452.35	5.36633
18420	17541452.35	5.36843
18435	17541452.35	5.37052
18450	17541452.35	5.37261
18465	17541452.35	5.37471
18480	17541452.35	5.37680
18495	17541452.35	5.37890
18510	17541452.35	5.38100
18525	17541452.35	5.38310
18540	17541452.35	5.38520
18555	17541452.35	5.38730
18570	17541452.35	5.38941
18585	17541452.35	5.39151
18600	17541452.35	5.39362
18615	17541452.35	5.39573
18630	17541452.35	5.39784
18645	17541452.35	5.39995
18660	17541452.35	5.40206
18675	17541452.35	5.40417
18690	17541452.35	5.40629
18705	17541452.35	5.40840
18720	17541452.35	5.41052
18735	17541452.35	5.41263
18750	17541452.35	5.41475
18765	17541452.35	5.41687
18780	17541452.35	5.41900
18795	17541452.35	5.42112
18810	17541452.35	5.42324
18825	17541452.35	5.42537
18840	17541452.35	5.42749
18855	17541452.35	5.42962
18870	17541452.35	5.43175
18885	17541452.35	5.43388
18900	17541452.35	5.43601
18915	17541452.35	5.43815
18930	17541452.35	5.44028
18945	17541452.35	5.44241
18960	17541452.35	5.44455
18975	17541452.35	5.44669
18990	17541452.35	5.44883
19005	17541452.35	5.45097
19020	17541452.35	5.45311
19035	17541452.35	5.45525
19050	17541452.35	5.45739
19065	17541452.35	5.45954
19080	17541452.35	5.46169
19095	17541452.35	5.46383
19110	17541452.35	5.46598
19125	17541452.35	5.46813
19140	17541452.35	5.47028
19155	17541452.35	5.47244
19170	17541452.35	5.47459
19185	17541452.35	5.47674
19200	17541452.35	5.47890
19215	17541452.35	5.48106
19230	17541452.35	5.48322
19245	17541452.35	5.48538
19260	17541452.35	5.48754
19275	17541452.35	5.48970
19290	17541452.35	5.49186
19305	17541452.35	5.49403
19320	17541452.35	5.49619
19335	17541452.35	5.49836
19350	17541452.35	5.50053
19365	17541452.35	5.50270
19380	17541452.35	5.50487
19395	17541452.35	5.50704
19410	17541452.35	5.50921
19425	17541452.35	5.51138
19440	17541452.35	5.51356
19455	17541452.35	5.51574
19470	17541452.35	5.51791
19485	17541452.35	5.52009
19500	17541452.35	5.52227
19515	17541452.35	5.52445
19530	17541452.35	5.52664
19545	17541452.35	5.52882
19560	17541452.35	5.53101
19575	17541452.35	5.53319
19590	17541452.35	5.53538
19605	17541452.35	5.53757
19620	17541452.35	5.53976
19635	17541452.35	5.54195
19650	17541452.35	5.54414
19665	17541452.35	5.54633
19680	17541452.35	5.54853
19695	17541452.35	5.55072
19710	17541452.35	5.55292
19725	17541452.35	5.55512
19740	17541452.35	5.55732
19755	17541452.35	5.55952
19770	17541452.35	5.56172
19785	17541452.35	5.56392
19800	17541452.35	5.56612
19815	17541452.35	5.56833
19830	17541452.35	5.57054
19845	17541452.35	5.57274
19860	17541452.35	5.57495
19875	17541452.35	5.57716
19890	17541452.35	5.57937
19905	17541452.35	5.58158
19920	17541452.35	5.58380
19935	17541452.35	5.58601
19950	17541452.35	5.58823
19965	17541452.35	5.59044
19980	17541452.35	5.59266
19995	17541452.35	5.59488
20010	17541452.35	5.59710
20025	17541452.35	5.59932
20040	17541452.35	5.60154
20055	17541452.35	5.60377
20070	17541452.35	5.60599
20085	17541452.35	5.60822
20100	17541452.35	5.61045
20115	17541452.35	5.61267
20130	17541452.35	5.61490
20145	17541452.35	5.61713
20160	17541452.35	5.61937
20175	17541452.35	5.62160
20190	17541452.35	5.62383
20205	17541452.35	5.62607
20220	17541452.35	5.62830
20235	17541452.35	5.63054
20250	17541452.35	5.63278
20265	17541452.35	5.63502
20280	17541452.35	5.63726
20295	17541452.35	5.63950
20310	17541452.35	5.64175
20325	17541452.35	5.64399
20340	17541452.35	5.64623
20355	17541452.35	5.64848
20370	17541452.35	5.65073
20385	17541452.35	5.65298
20400	17541452.35	5.65523
20415	17541452.35	5.65748
20430	17541452.35	5.65973
20445	17541452.35	5.66198
20460	17541452.35	5.66424
20475	17541452.35	5.66649
20490	17541452.35	5.66875
20505	17541452.35	5.67101
20520	17541452.35	5.67327
20535	17541452.35	5.67553
20550	17541452.35	5.67779
20565	17541452.35	5.68005
20580	17541452.35	5.68231
20595	17541452.35	5.68458
20610	17541452.35	5.68684
20625	17541452.35	5.68911
20640	17541452.35	5.69138
20655	17541452.35	5.69365
20670	17541452.35	5.69592
20685	17541452.35	5.69819
20700	17541452.35	5.70046
20715	17541452.35	5.70274
20730	17541452.35	5.70501
20745	17541452.35	5.70729
20760	17541452.35	5.70956
20775	17541452.35	5.71184
20790	17541452.35	5.71412
20805	17541452.35	5.71640
20820	17541452.35	5.71868
20835	17541452.35	5.72096
20850	17541452.35	5.72325
20865	17541452.35	5.72553
20880	17541452.35	5.72782
20895	17541452.35	5.73010
20910	17541452.35	5.73239
20925	17541452.35	5.73468
20940	17541452.35	5.73697
20955	17541452.35	5.73926
20970	17541452.35	5.74155
20985	17541452.35	5.74385
21000	17541452.35	5.74614
21015	17541452.35	5.74844
21030	17541452.35	5.75073
21045	17541452.35	5.75303
21060	17541452.35	5.75533
21075	17541452.35	5.75763
21090	17541452.35	5.75993
21105	17541452.35	5.76223
21120	17541452.35	5.76453
21135	17541452.35	5.76684
21150	17541452.35	5.76914
21165	17541452.35	5.77145
21180	17541452.35	5.77376
21195	17541452.35	5.77606
21210	17541452.35	5.77837
21225	17541452.35	5.78068
21240	17541452.35	5.78300
21255	17541452.35	5.78531
21270	17541452.35	5.78762
21285	17541452.35	5.78994
21300	17541452.35	5.79225
21315	17541452.35	5.79457
21330	17541452.35	5.79689
21345	17541452.35	5.79921
21360	17541452.35	5.80153
21375	17541452.35	5.80385
21390	17541452.35	5.80617
21405	17541452.35	5.80849
21420	17541452.35	5.81082
21435	17541452.35	5.81314
21450	17541452.35	5.81547
21465	17541452.35	5.81780
21480	17541452.35	5.82012
21495	17541452.35	5.82245
21510	17541452.35	5.82479
21525	17541452.35	5.82712
21540	17541452.35	5.82945
21555	17541452.35	5.83178
21570	17541452.35	5.83412
21585	17541452.35	5.83645
21600	15664101.49	5.83879
21615	17216409.74	5.84113
21630	17216409.74	5.84347
21645	17216409.74	5.84581
21660	17216409.74	5.84815
21675	17216409.74	5.85049
21690	17216409.74	5.85283
21705	17216409.74	5.85518
21720	17216409.74	5.85752
21735	17216409.74	5.85987
21750	17216409.74	5.86222
21765	17216409.74	5.86457
21780	17216409.74	5.86691
21795	17216409.74	5.86926
21810	17216409.74	5.87162
21825	17216409.74	5.87397
21840	17216409.74	5.87632
21855	17216409.74	5.87868
21870	17216409.74	5.88103
21885	17216409.74	5.88339
21900	17216409.74	5.88575
21915	17216409.74	5.88810
21930	17216409.74	5.89046
21945	17216409.74	5.89282
21960	17216409.74	5.89519
21975	17216409.74	5.89755
21990	17216409.74	5.89991
22005	17216409.74	5.90228
22020	17216409.74	5.90464
22035	17216409.74	5.90701
22050	17216409.74	5.90938
22065	17216409.74	5.91175
22080	17216409.74	5.91412
22095	17216409.74	5.91649
22110	17216409.74	5.91886
22125	17216409.74	5.92123
22140	17216409.74	5.92360
22155	17216409.74	5.92598
22170	17216409.74	5.92835
22185	17216409.74	5.93073
22200	17216409.74	5.93311
22215	17216409.74	5.93549
22230	17216409.74	5.93787
22245	17216409.74	5.94025
22260	17216409.74	5.94263
22275	17216409.74	5.94501
22290	17216409.74	5.94740
22305	17216409.74	5.94978
22320	17216409.74	5.95217
22335	17216409.74	5.95455
22350	17216409.74	5.95694
22365	17216409.74	5.95933
22380	17216409.74	5.96172
22395	17216409.74	5.96411
22410	17216409.74	5.96650
22425	17216409.74	5.96889
22440	17216409.74	5.97129
22455	17216409.74	5.97368
22470	17216409.74	5.97608
22485	17216409.74	5.97847
22500	17216409.74	5.98087
22515	17216409.74	5.98327
22530	17216409.74	5.98567
22545	17216409.74	5.98807
22560	17216409.74	5.99047
22575	17216409.74	5.99287
22590	17216409.74	5.99528
22605	17216409.74	5.99768
22620	17216409.74	6.00009
22635	17216409.74	6.00249
22650	17216409.74	6.00490
22665	17216409.74	6.00731
22680	17216409.74	6.00972
22695	17216409.74	6.01213
22710	17216409.74	6.01454
22725	17216409.74	6.01695
22740	17216409.74	6.01936
22755	17216409.74	6.02178
22770	17216409.74	6.02419
22785	17216409.74	6.02661
22800	17216409.74	6.02902
22815	17216409.74	6.03144
22830	17216409.74	6.03386
22845	17216409.74	6.03628
22860	17216409.74	6.03870
22875	17216409.74	6.04112
22890	17216409.74	6.04354
22905	17216409.74	6.04597
22920	17216409.74	6.04839
22935	17216409.74	6.05082
22950	17216409.74	6.05324
22965	17216409.74	6.05567
22980	17216409.74	6.05810
22995	17216409.74	6.06053
23010	17216409.74	6.06296
23025	17216409.74	6.06539
23040	17216409.74	6.06782
23055	17216409.74	6.07025
23070	17216409.74	6.07268
23085	17216409.74	6.07512
23100	17216409.74	6.07755
23115	17216409.74	6.07999
23130	17216409.74	6.08243
23145	17216409.74	6.08487
23160	17216409.74	6.08731
23175	17216409.74	6.08975
23190	17216409.74	6.09219
23205	17216409.74	6.09463
23220	17216409.74	6.09707
23235	17216409.74	6.09951
23250	17216409.74	6.10196
23265	17216409.74	6.10441
23280	17216409.74	6.10685
23295	17216409.74	6.10930
23310	17216409.74	6.11175
23325	17216409.74	6.11420
23340	17216409.74	6.11665
23355	17216409.74	6.11910
23370	17216409.74	6.12155
23385	17216409.74	6.12400
23400	17216409.74	6.12646
23415	17216409.74	6.12891
23430	17216409.74	6.13137
23445	17216409.74	6.13382
23460	17216409.74	6.13628
23475	17216409.74	6.13874
23490	17216409.74	6.14120
23505	17216409.74	6.14366
23520	17216409.74	6.14612
23535	17216409.74	6.14858
23550	17216409.74	6.15104
23565	17216409.74	6.15351
23580	17216409.74	6.15597
23595	17216409.74	6.15844
23610	17216409.74	6.16090
23625	17216409.74	6.16337
23640	17216409.74	6.16584
23655	17216409.74	6.16831
23670	17216409.74	6.17078
23685	17216409.74	6.17325
23700	17216409.74	6.17572
23715	17216409.74	6.17819
23730	17216409.74	6.18067
23745	17216409.74	6.18314
23760	17216409.74	6.18562
23775	17216409.74	6.18809
23790	17216409.74	6.19057
23805	17216409.74	6.19305
23820	17216409.74	6.19552
23835	17216409.74	6.19800
23850	17216409.74	6.20048
23865	17216409.74	6.20297
23880	17216409.74	6.20545
23895	17216409.74	6.20793
23910	17216409.74	6.21041
23925	17216409.74	6.21290
23940	17216409.74	6.21539
23955	17216409.74	6.21787
23970	17216409.74	6.22036
23985	17216409.74	6.22285
24000	17216409.74	6.22534
24015	17216409.74	6.22783
24030	17216409.74	6.23032
24045	17216409.74	6.23281
24060	17216409.74	6.23530
24075	17216409.74	6.23779
24090	15384856.35	6.24029
24105	16245803.75	6.24278
24120	16245803.75	6.24528
24135	16245803.75	6.24778
24150	16245803.75	6.25027
24165	16245803.75	6.25277
24180	16245803.75	6.25527
24195	16245803.75	6.25777
24210	16245803.75	6.26027
24225	16245803.75	6.26277
24240	16245803.75	6.26528
24255	16245803.75	6.26778
24270	16245803.75	6.27028
24285	16245803.75	6.27279
24300	16245803.75	6.27529
24315	16245803.75	6.27780
24330	16245803.75	6.28031
24345	16245803.75	6.28282
24360	16245803.75	6.28533
24375	16245803.75	6.28784
24390	16245803.75	6.29035
24405	16245803.75	6.29286
24420	16245803.75	6.29537
24435	16245803.75	6.29788
24450	16245803.75	6.30040
24465	16245803.75	6.30291
24480	16245803.75	6.30543
24495	16245803.75	6.30795
24510	16245803.75	6.31046
24525	16245803.75	6.31298
24540	16245803.75	6.31550
24555	16245803.75	6.31802
24570	16245803.75	6.32054
24585	16245803.75	6.32306
24600	16245803.75	6.32558
24615	16245803.75	6.32811
24630	16245803.75	6.33063
24645	16245803.75	6.33316
24660	16245803.75	6.33568
24675	16245803.75	6.33821
24690	16245803.75	6.34074
24705	16245803.75	6.34326
24720	16245803.75	6.34579
24735	16245803.75	6.34832
24750	16245803.75	6.35085
24765	16245803.75	6.35338
24780	16245803.75	6.35591
24795	16245803.75	6.35845
24810	16245803.75	6.36098
24825	16245803.75	6.36352
24840	16245803.75	6.36605
24855	16245803.75	6.36859
24870	16245803.75	6.37112
24885	16245803.75	6.37366
24900	16245803.75	6.37620
24915	16245803.75	6.37874
24930	16245803.75	6.38128
24945	16245803.75	6.38382
24960	16245803.75	6.38636
24975	16245803.75	6.38890
24990	16245803.75	6.39144
25005	16245803.75	6.39399
25020	16245803.75	6.39653
25035	16245803.75	6.39908
25050	16245803.75	6.40162
25065	16245803.75	6.40417
25080	16245803.75	6.40672
25095	16245803.75	6.40927
25110	16245803.75	6.41181
25125	16245803.75	6.41436
25140	16245803.75	6.41692
25155	16245803.75	6.41947
25170	16245803.75	6.42202
25185	16245803.75	6.42457
25200	14802146.04	6.42713
25215	15974855.15	6.42968
25230	15974855.15	6.43223
25245	15974855.15	6.43479
25260	15974855.15	6.43735
25275	15974855.15	6.43990
25290	15974855.15	6.44246
25305	15974855.15	6.44502
25320	15974855.15	6.44758
25335	15974855.15	6.45014
25350	15974855.15	6.45270
25365	15974855.15	6.45527
25380	15974855.15	6.45783
25395	15974855.15	6.46039
25410	15974855.15	6.46296
25425	15974855.15	6.46552
25440	15974855.15	6.46809
25455	15974855.15	6.47065
25470	15974855.15	6.47322
25485	15974855.15	6.47579
25500	15974855.15	6.47836
25515	15974855.15	6.48092
25530	15974855.15	6.48349
25545	15974855.15	6.48607
25560	15974855.15	6.48864
25575	15974855.15	6.49121
25590	15974855.15	6.49378
25605	15974855.15	6.49636
25620	15974855.15	6.49893
25635	15974855.15	6.50151
25650	15974855.15	6.50408
25665	15974855.15	6.50666
25680	15974855.15	6.50924
25695	15974855.15	6.51181
25710	15974855.15	6.51439
25725	15974855.15	6.51697
25740	15974855.15	6.51955
25755	15974855.15	6.52213
25770	15974855.15	6.52471
25785	15974855.15	6.52730
25800	15974855.15	6.52988
25815	15974855.15	6.53246
25830	15974855.15	6.53505
25845	15974855.15	6.53763
25860	15974855.15	6.54022
25875	15974855.15	6.54281
25890	15974855.15	6.54539
25905	15974855.15	6.54798
25920	15974855.15	6.55057
25935	15974855.15	6.55316
25950	15974855.15	6.55575
25965	15974855.15	6.55834
25980	15974855.15	6.56093
25995	15974855.15	6.56352
26010	15974855.15	6.56612
26025	15974855.15	6.56871
26040	15974855.15	6.57130
26055	15974855.15	6.57390
26070	15974855.15	6.57649
26085	15974855.15	6.57909
26100	15974855.15	6.58169
26115	15974855.15	6.58428
26130	15974855.15	6.58688
26145	15974855.15	6.58948
26160	15974855.15	6.59208
26175	15974855.15	6.59468
26190	15974855.15	6.59728
26205	15974855.15	6.59988
26220	15974855.15	6.60249
26235	15974855.15	6.60509
26250	15974855.15	6.60769
26265	15974855.15	6.61030
26280	15974855.15	6.61290
26295	15974855.15	6.61551
26310	15974855.15	6.61812
26325	15974855.15	6.62072
26340	15974855.15	6.62333
26355	15974855.15	6.62594
26370	15974855.15	6.62855
26385	15974855.15	6.63116
26400	15974855.15	6.63377
26415	15974855.15	6.63638
26430	15974855.15	6.63899
26445	15974855.15	6.64160
26460	15974855.15	6.64422
26475	15974855.15	6.64683
26490	15974855.15	6.64944
26505	15974855.15	6.65206
26520	15974855.15	6.65467
26535	15974855.15	6.65729
26550	15974855.15	6.65991
26565	15974855.15	6.66253
26580	15974855.15	6.66514
26595	15974855.15	6.66776
26610	15974855.15	6.67038
26625	15974855.15	6.67300
26640	15918431.16	6.67562
26655	15918431.16	6.67824
26670	15918431.16	6.68087
26685	15918431.16	6.68349
26700	15918431.16	6.68611
26715	15918431.16	6.68874
26730	15918431.16	6.69136
26745	15918431.16	6.69399
26760	15918431.16	6.69661
26775	15918431.16	6.69924
26790	15918431.16	6.70187
26805	15918431.16	6.70449
26820	15918431.16	6.70712
26835	15918431.16	6.70975
26850	15918431.16	6.71238
26865	15918431.16	6.71501
26880	15918431.16	6.71764
26895	15918431.16	6.72027
26910	15918431.16	6.72291
26925	15918431.16	6.72554
26940	15918431.16	6.72817
26955	15918431.16	6.73081
26970	15918431.16	6.73344
26985	15918431.16	6.73607
27000	15918431.16	6.73871
27015	15918431.16	6.74135
27030	15918431.16	6.74398
27045	16818868.99	6.74662
27060	16818868.99	6.74926
27075	16818868.99	6.75190
27090	16818868.99	6.75454
27105	16818868.99	6.75718
27120	16818868.99	6.75982
27135	16818868.99	6.76246
27150	16818868.99	6.76510
27165	16818868.99	6.76774
27180	16818868.99	6.77039
27195	16818868.99	6.77303
27210	16818868.99	6.77567
27225	16818868.99	6.77832
27240	16818868.99	6.78096
27255	16818868.99	6.78361
27270	16818868.99	6.78626
27285	16818868.99	6.78890
27300	16818868.99	6.79155
27315	16818868.99	6.79420
27330	16818868.99	6.79685
27345	16818868.99	6.79950
27360	16818868.99	6.80215
27375	16818868.99	6.80480
27390	16818868.99	6.80745
27405	16818868.99	6.81010
27420	16818868.99	6.81275
27435	16818868.99	6.81541
27450	16818868.99	6.81806
27465	16818868.99	6.82071
27480	16818868.99	6.82337
27495	16818868.99	6.82602
27510	16818868.99	6.82868
27525	16818868.99	6.83134
27540	16818868.99	6.83399
27555	16818868.99	6.83665
27570	16818868.99	6.83931
27585	16818868.99	6.84197
27600	16818868.99	6.84463
27615	16818868.99	6.84729
27630	16818868.99	6.84995
27645	16818868.99	6.85261
27660	16818868.99	6.85527
27675	16818868.99	6.85793
27690	16818868.99	6.86059
27705	16818868.99	6.86326
27720	16818868.99	6.86592
27735	16818868.99	6.86858
27750	16818868.99	6.87125
27765	16818868.99	6.87391
27780	16818868.99	6.87658
27795	16818868.99	6.87924
27810	16818868.99	6.88191
27825	16818868.99	6.88458
27840	16818868.99	6.88725
27855	16818868.99	6.88992
27870	16818868.99	6.89258
27885	16818868.99	6.89525
27900	16818868.99	6.89792
27915	16818868.99	6.90059
27930	16818868.99	6.90327
27945	16818868.99	6.90594
27960	16818868.99	6.90861
27975	16818868.99	6.91128
27990	16818868.99	6.91395
28005	16818868.99	6.91663
28020	16818868.99	6.91930
28035	16818868.99	6.92198
28050	16818868.99	6.92465
28065	16818868.99	6.92733
28080	16818868.99	6.93000
28095	16818868.99	6.93268
28110	16818868.99	6.93536
28125	16818868.99	6.93804
28140	16818868.99	6.94072
28155	16818868.99	6.94339
28170	16818868.99	6.94607
28185	16818868.99	6.94875
28200	16818868.99	6.95143
28215	16818868.99	6.95411
28230	16818868.99	6.95680
28245	16818868.99	6.95948
28260	16818868.99	6.96216
28275	16818868.99	6.96484
28290	16818868.99	6.96753
28305	16818868.99	6.97021
28320	16818868.99	6.97289
28335	16818868.99	6.97558
28350	16818868.99	6.97826
28365	16818868.99	6.98095
28380	16818868.99	6.98364
28395	16818868.99	6.98632
28410	16818868.99	6.98901
28425	16818868.99	6.99170
28440	16818868.99	6.99439
28455	16818868.99	6.99708
28470	16818868.99	6.99977
28485	16818868.99	7.00246
28500	16818868.99	7.00515
28515	16818868.99	7.00784
28530	16818868.99	7.01053
28545	16818868.99	7.01322
28560	16818868.99	7.01591
28575	16818868.99	7.01860
28590	16818868.99	7.02130
28605	16818868.99	7.02399
28620	16818868.99	7.02668
28635	16818868.99	7.02938
28650	16818868.99	7.03207
28665	16818868.99	7.03477
28680	16818868.99	7.03747
28695	16818868.99	7.04016
28710	16818868.99	7.04286
28725	16818868.99	7.04556
28740	16818868.99	7.04825
28755	16818868.99	7.05095
28770	16818868.99	7.05365
28785	16818868.99	7.05635
28800	16818868.99	7.05905
28815	16818868.99	7.06175
28830	16818868.99	7.06445
28845	16818868.99	7.06715
28860	16818868.99	7.06985
28875	16818868.99	7.07255
28890	16818868.99	7.07526
28905	16818868.99	7.07796
28920	16818868.99	7.08066
28935	16818868.99	7.08337
28950	16818868.99	7.08607
28965	16818868.99	7.08877
28980	16818868.99	7.09148
28995	16818868.99	7.09419
29010	16818868.99	7.09689
29025	16818868.99	7.09960
29040	16818868.99	7.10230
29055	16818868.99	7.10501
29070	16818868.99	7.10772
29085	16818868.99	7.11043
29100	16818868.99	7.11314
29115	16818868.99	7.11584
29130	16818868.99	7.11855
29145	16818868.99	7.12126
29160	16818868.99	7.12397
29175	16818868.99	7.12668
29190	16818868.99	7.12939
29205	16818868.99	7.13211
29220	16818868.99	7.13482
29235	16818868.99	7.13753
29250	16818868.99	7.14024
29265	16818868.99	7.14296
29280	16818868.99	7.14567
29295	16818868.99	7.14838
29310	16818868.99	7.15110
29325	16818868.99	7.15381
29340	16818868.99	7.15653
29355	16818868.99	7.15924
29370	16818868.99	7.16196
29385	16818868.99	7.16468
29400	16818868.99	7.16739
29415	16818868.99	7.17011
29430	16818868.99	7.17283
29445	16818868.99	7.17554
29460	16818868.99	7.17826
29475	16818868.99	7.18098
29490	16818868.99	7.18370
29505	16818868.99	7.18642
29520	16818868.99	7.18914
29535	16818868.99	7.19186
29550	16818868.99	7.19458
29565	16818868.99	7.19730
29580	16818868.99	7.20002
29595	16818868.99	7.20275
29610	16818868.99	7.20547
29625	16818868.99	7.20819
29640	16818868.99	7.21091
29655	16818868.99	7.21364
29670	16818868.99	7.21636
29685	16818868.99	7.21908
29700	16818868.99	7.22181
29715	16818868.99	7.22453
29730	16818868.99	7.22726
29745	16818868.99	7.22998
29760	16818868.99	7.23271
29775	16818868.99	7.23544
29790	16818868.99	7.23816
29805	16818868.99	7.24089
29820	16818868.99	7.24362
29835	16818868.99	7.24635
29850	16818868.99	7.24907
29865	16818868.99	7.25180
29880	16818868.99	7.25453
29895	16818868.99	7.25726
29910	16818868.99	7.25999
29925	16818868.99	7.26272
29940	16818868.99	7.26545
29955	16818868.99	7.26818
29970	16818868.99	7.27091
29985	16818868.99	7.27364
30000	16818868.99	7.27638
30015	16818868.99	7.27911
30030	16818868.99	7.28184
30045	16818868.99	7.28457
30060	16818868.99	7.28731
30075	16818868.99	7.29004
30090	16818868.99	7.29277
30105	16818868.99	7.29551
30120	16818868.99	7.29824
30135	16818868.99	7.30098
30150	16818868.99	7.30371
30165	16818868.99	7.30645
30180	16818868.99	7.30918
30195	16818868.99	7.31192
30210	16818868.99	7.31466
30225	16818868.99	7.31739
30240	16818868.99	7.32013
30255	16818868.99	7.32287
30270	16818868.99	7.32561
30285	16818868.99	7.32834
30300	16818868.99	7.33108
30315	16818868.99	7.33382
30330	16818868.99	7.33656
30345	16818868.99	7.33930
30360	16818868.99	7.34204
30375	16818868.99	7.34478
30390	16818868.99	7.34752
30405	16818868.99	7.35026
30420	16818868.99	7.35300
30435	16818868.99	7.35574
30450	16818868.99	7.35849
30465	16818868.99	7.36123
30480	16818868.99	7.36397
30495	16818868.99	7.36671
30510	16818868.99	7.36946
30525	16818868.99	7.37220
30540	16818868.99	7.37494
30555	16818868.99	7.37769
30570	16818868.99	7.38043
30585	16818868.99	7.38317
30600	16818868.99	7.38592
30615	16818868.99	7.38866
30630	16818868.99	7.39141
30645	16818868.99	7.39416
30660	16818868.99	7.39690
30675	16818868.99	7.39965
30690	16818868.99	7.40239
30705	16818868.99	7.40514
30720	16818868.99	7.40789
30735	16818868.99	7.41063
30750	16818868.99	7.41338
30765	16818868.99	7.41613
30780	16818868.99	7.41888
30795	16824544.88	7.42163
30810	16824544.88	7.42438
30825	16824544.88	7.42712
30840	16824544.88	7.42987
30855	16824544.88	7.43262
30870	16824544.88	7.43537
30885	16824544.88	7.43812
30900	16824544.88	7.44087
30915	16824544.88	7.44362
30930	16824544.88	7.44638
30945	16824544.88	7.44913
30960	16824544.88	7.45188
30975	16824544.88	7.45463
30990	16824544.88	7.45738
31005	16824544.88	7.46013
31020	16824544.88	7.46289
31035	16824544.88	7.46564
31050	16824544.88	7.46839
31065	16824544.88	7.47115
31080	16824544.88	7.47390
31095	16824544.88	7.47665
31110	16824544.88	7.47941
31125	16824544.88	7.48216
31140	16824544.88	7.48492
31155	16824544.88	7.48767
31170	16824544.88	7.49043
31185	16824544.88	7.49318
31200	16824544.88	7.49594
31215	16824544.88	7.49869
31230	16824544.88	7.50145
31245	16824544.88	7.50420
31260	16824544.88	7.50696
31275	16824544.88	7.50972
31290	16824544.88	7.51247
31305	16824544.88	7.51523
31320	16824544.88	7.51799
31335	16824544.88	7.52075
31350	16824544.88	7.52350
31365	16824544.88	7.52626
31380	16824544.88	7.52902
31395	16824544.88	7.53178
31410	16824544.88	7.53454
31425	16824544.88	7.53730
31440	16824544.88	7.54006
31455	16824544.88	7.54282
31470	16824544.88	7.54558
31485	16824544.88	7.54834
31500	16824544.88	7.55110
31515	16824544.88	7.55386
31530	16824544.88	7.55662
31545	16824544.88	7.55938
31560	16824544.88	7.56214
31575	16824544.88	7.56490
31590	16824544.88	7.56766
31605	16824544.88	7.57042
31620	16824544.88	7.57318
31635	16824544.88	7.57595
31650	16824544.88	7.57871
31665	16824544.88	7.58147
31680	16824544.88	7.58423
31695	16824544.88	7.58700
31710	16824544.88	7.58976
31725	16824544.88	7.59252
31740	16824544.88	7.59529
31755	16824544.88	7.59805
31770	16824544.88	7.60081
31785	16824544.88	7.60358
31800	16824544.88	7.60634
31815	16824544.88	7.60911
31830	16824544.88	7.61187
31845	16824544.88	7.61464
31860	16824544.88	7.61740
31875	16824544.88	7.62017
31890	16824544.88	7.62293
31905	16824544.88	7.62570
31920	16824544.88	7.62846
31935	16824544.88	7.63123
31950	16824544.88	7.63399
31965	16824544.88	7.63676
31980	16824544.88	7.63953
31995	16824544.88	7.64229
32010	16824544.88	7.64506
32025	16824544.88	7.64783
32040	16824544.88	7.65059
32055	16824544.88	7.65336
32070	16824544.88	7.65613
32085	16824544.88	7.65890
32100	16824544.88	7.66166
32115	16824544.88	7.66443
32130	16824544.88	7.66720
32145	16824544.88	7.66997
32160	16824544.88	7.67274
32175	16824544.88	7.67551
32190	16824544.88	7.67827
32205	16824544.88	7.68104
32220	16824544.88	7.68381
32235	16824544.88	7.68658
32250	16824544.88	7.68935
32265	16824544.88	7.69212
32280	16824544.88	7.69489
32295	16824544.88	7.69766
32310	16824544.88	7.70043
32325	16824544.88	7.70320
32340	16824544.88	7.70597
32355	16824544.88	7.70874
32370	16824544.88	7.71151
32385	16824544.88	7.71428
32400	16824544.88	7.71705
32415	16824544.88	7.71982
32430	16824544.88	7.72259
32445	16824544.88	7.72536
32460	16824544.88	7.72814
32475	16824544.88	7.73091
32490	16824544.88	7.73368
32505	16824544.88	7.73645
32520	16824544.88	7.73922
32535	16824544.88	7.74199
32550	16824544.88	7.74477
32565	16824544.88	7.74754
32580	16824544.88	7.75031
32595	16824544.88	7.75308
32610	16824544.88	7.75586
32625	16824544.88	7.75863
32640	16824544.88	7.76140
32655	16824544.88	7.76417
32670	16824544.88	7.76695
32685	16824544.88	7.76972
32700	16824544.88	7.77249
32715	16824544.88	7.77527
32730	16824544.88	7.77804
32745	16824544.88	7.78081
32760	16824544.88	7.78359
32775	16824544.88	7.78636
32790	16824544.88	7.78913
32805	16824544.88	7.79191
32820	16824544.88	7.79468
32835	16824544.88	7.79746
32850	16824544.88	7.80023
32865	16824544.88	7.80301
32880	16824544.88	7.80578
32895	16824544.88	7.80855
32910	16824544.88	7.81133
32925	16824544.88	7.81410
32940	16824544.88	7.81688
32955	16824544.88	7.81965
32970	16824544.88	7.82243
32985	16824544.88	7.82520
33000	16824544.88	7.82798
33015	16824544.88	7.83075
33030	16824544.88	7.83353
33045	16824544.88	7.83630
33060	16824544.88	7.83908
33075	16824544.88	7.84186
33090	16824544.88	7.84463
33105	16824544.88	7.84741
33120	16824544.88	7.85018
33135	16824544.88	7.85296
33150	16824544.88	7.85573
33165	15940823.71	7.85851
33180	17037937.6	7.86129
33195	17037937.6	7.86406
33210	17037937.6	7.86684
33225	17037937.6	7.86962
33240	17037937.6	7.87239
33255	17037937.6	7.87517
33270	17037937.6	7.87794
33285	17037937.6	7.88072
33300	17037937.6	7.88350
33315	17037937.6	7.88627
33330	17037937.6	7.88905
33345	17037937.6	7.89183
33360	17037937.6	7.89460
33375	17037937.6	7.89738
33390	17037937.6	7.90016
33405	17037937.6	7.90294
33420	17037937.6	7.90571
33435	17037937.6	7.90849
33450	17037937.6	7.91127
33465	17037937.6	7.91404
33480	17037937.6	7.91682
33495	17037937.6	7.91960
33510	17037937.6	7.92238
33525	17037937.6	7.92515
33540	17037937.6	7.92793
33555	17037937.6	7.93071
33570	17037937.6	7.93348
33585	17037937.6	7.93626
33600	17037937.6	7.93904
33615	17037937.6	7.94182
33630	17037937.6	7.94459
33645	17037937.6	7.94737
33660	17037937.6	7.95015
33675	17037937.6	7.95293
33690	17037937.6	7.95570
33705	17037937.6	7.95848
33720	17037937.6	7.96126
33735	17037937.6	7.96404
33750	17037937.6	7.96682
33765	17037937.6	7.96959
33780	17037937.6	7.97237
33795	17037937.6	7.97515
33810	17037937.6	7.97793
33825	17037937.6	7.98070
33840	17037937.6	7.98348
33855	17037937.6	7.98626
33870	17037937.6	7.98904
33885	17037937.6	7.99181
33900	17037937.6	7.99459
33915	17037937.6	7.99737
33930	17037937.6	8.00015
33945	17037937.6	8.00293
33960	17037937.6	8.00570
33975	17037937.6	8.00848
33990	17037937.6	8.01126
34005	17037937.6	8.01404
34020	17037937.6	8.01681
34035	17037937.6	8.01959
34050	17037937.6	8.02237
34065	17037937.6	8.02515
34080	17037937.6	8.02793
34095	17037937.6	8.03070
34110	17037937.6	8.03348
34125	17037937.6	8.03626
34140	17037937.6	8.03904
34155	17037937.6	8.04181
34170	17037937.6	8.04459
34185	17037937.6	8.04737
34200	17037937.6	8.05015
34215	17037937.6	8.05292
34230	17037937.6	8.05570
34245	17037937.6	8.05848
34260	17037937.6	8.06126
34275	17037937.6	8.06403
34290	17037937.6	8.06681
34305	17037937.6	8.06959
34320	17037937.6	8.07237
34335	17037937.6	8.07514
34350	17037937.6	8.07792
34365	17037937.6	8.08070
34380	17037937.6	8.08348
34395	17037937.6	8.08625
34410	17037937.6	8.08903
34425	17037937.6	8.09181
34440	17037937.6	8.09458
34455	17037937.6	8.09736
34470	17037937.6	8.10014
34485	17037937.6	8.10291
34500	17037937.6	8.10569
34515	17037937.6	8.10847
34530	17037937.6	8.11124
34545	17037937.6	8.11402
34560	17037937.6	8.11680
34575	17037937.6	8.11957
34590	17037937.6	8.12235
34605	17037937.6	8.12513
34620	17037937.6	8.12790
34635	17037937.6	8.13068
34650	17037937.6	8.13346
34665	17037937.6	8.13623
34680	17037937.6	8.13901
34695	17037937.6	8.14178
34710	17037937.6	8.14456
34725	17037937.6	8.14734
34740	17037937.6	8.15011
34755	17037937.6	8.15289
34770	17037937.6	8.15566
34785	17037937.6	8.15844
34800	17037937.6	8.16122
34815	17037937.6	8.16399
34830	17037937.6	8.16677
34845	17037937.6	8.16954
34860	17037937.6	8.17232
34875	17037937.6	8.17509
34890	17037937.6	8.17787
34905	17037937.6	8.18064
34920	17037937.6	8.18342
34935	17037937.6	8.18619
34950	17037937.6	8.18897
34965	17037937.6	8.19174
34980	17037937.6	8.19452
34995	17037937.6	8.19729
35010	17037937.6	8.20006
35025	17037937.6	8.20284
35040	17037937.6	8.20561
35055	17037937.6	8.20839
35070	17037937.6	8.21116
35085	17037937.6	8.21393
35100	17037937.6	8.21671
35115	17037937.6	8.21948
35130	17037937.6	8.22226
35145	17037937.6	8.22503
35160	17037937.6	8.22780
35175	17037937.6	8.23058
35190	17037937.6	8.23335
35205	17037937.6	8.23612
35220	17037937.6	8.23889
35235	17037937.6	8.24167
35250	17037937.6	8.24444
35265	17037937.6	8.24721
35280	17037937.6	8.24999
35295	17037937.6	8.25276
35310	17037937.6	8.25553
35325	17037937.6	8.25830
35340	17037937.6	8.26107
35355	17037937.6	8.26385
35370	17037937.6	8.26662
35385	17037937.6	8.26939
35400	17037937.6	8.27216
35415	17037937.6	8.27493
35430	17037937.6	8.27770
35445	17037937.6	8.28047
35460	17037937.6	8.28324
35475	17037937.6	8.28601
35490	17037937.6	8.28879
35505	17037937.6	8.29156
35520	17037937.6	8.29433
35535	17037937.6	8.29710
35550	17037937.6	8.29987
35565	17037937.6	8.30264
35580	17037937.6	8.30541
35595	17037937.6	8.30818
35610	17037937.6	8.31095
35625	17037937.6	8.31371
35640	17037937.6	8.31648
35655	17037937.6	8.31925
35670	17037937.6	8.32202
35685	17037937.6	8.32479
35700	17037937.6	8.32756
35715	17037937.6	8.33033
35730	17037937.6	8.33310
35745	17037937.6	8.33586
35760	17037937.6	8.33863
35775	17037937.6	8.34140
35790	17037937.6	8.34417
35805	17037937.6	8.34693
35820	17037937.6	8.34970
35835	17037937.6	8.35247
35850	17037937.6	8.35523
35865	17037937.6	8.35800
35880	17037937.6	8.36077
35895	17037937.6	8.36353
35910	17037937.6	8.36630
35925	17037937.6	8.36907
35940	17037937.6	8.37183
35955	17037937.6	8.37460
35970	17037937.6	8.37736
35985	17037937.6	8.38013
36000	17037937.6	8.38289
36015	16498193.03	8.38566
36030	17130924.88	8.38842
36045	17130924.88	8.39119
36060	17130924.88	8.39395
36075	17130924.88	8.39672
36090	17130924.88	8.39948
36105	17130924.88	8.40224
36120	17130924.88	8.40501
36135	17130924.88	8.40777
36150	17130924.88	8.41053
36165	17130924.88	8.41330
36180	17130924.88	8.41606
36195	17130924.88	8.41882
36210	17130924.88	8.42159
36225	17130924.88	8.42435
36240	17130924.88	8.42711
36255	17130924.88	8.42987
36270	17130924.88	8.43263
36285	17130924.88	8.43539
36300	17130924.88	8.43816
36315	17130924.88	8.44092
36330	17130924.88	8.44368
36345	17130924.88	8.44644
36360	17130924.88	8.44920
36375	17130924.88	8.45196
36390	17130924.88	8.45472
36405	17130924.88	8.45748
36420	17130924.88	8.46024
36435	17130924.88	8.46300
36450	17130924.88	8.46576
36465	17130924.88	8.46851
36480	17130924.88	8.47127
36495	17130924.88	8.47403
36510	17130924.88	8.47679
36525	17130924.88	8.47955
36540	17130924.88	8.48230
36555	17130924.88	8.48506
36570	17130924.88	8.48782
36585	17130924.88	8.49058
36600	17130924.88	8.49333
36615	17130924.88	8.49609
36630	17130924.88	8.49885
36645	17130924.88	8.50160
36660	17130924.88	8.50436
36675	17130924.88	8.50711
36690	17130924.88	8.50987
36705	17130924.88	8.51262
36720	17130924.88	8.51538
36735	17130924.88	8.51813
36750	17130924.88	8.52089
36765	17130924.88	8.52364
36780	17130924.88	8.52639
36795	17130924.88	8.52915
36810	17130924.88	8.53190
36825	17130924.88	8.53465
36840	17130924.88	8.53741
36855	17130924.88	8.54016
36870	17130924.88	8.54291
36885	17130924.88	8.54566
36900	17130924.88	8.54842
36915	17130924.88	8.55117
36930	17130924.88	8.55392
36945	17130924.88	8.55667
36960	17130924.88	8.55942
36975	17130924.88	8.56217
36990	17130924.88	8.56492
37005	17130924.88	8.56767
37020	17130924.88	8.57042
37035	17130924.88	8.57317
37050	17130924.88	8.57592
37065	17130924.88	8.57867
37080	17130924.88	8.58141
37095	17130924.88	8.58416
37110	17130924.88	8.58691
37125	17130924.88	8.58966
37140	17130924.88	8.59241
37155	17130924.88	8.59515
37170	17130924.88	8.59790
37185	17130924.88	8.60065
37200	17130924.88	8.60339
37215	17130924.88	8.60614
37230	17130924.88	8.60888
37245	17130924.88	8.61163
37260	17130924.88	8.61437
37275	17130924.88	8.61712
37290	17130924.88	8.61986
37305	17130924.88	8.62261
37320	17130924.88	8.62535
37335	17130924.88	8.62809
37350	17130924.88	8.63084
37365	17130924.88	8.63358
37380	17130924.88	8.63632
37395	17130924.88	8.63906
37410	17130924.88	8.64181
37425	17130924.88	8.64455
37440	17130924.88	8.64729
37455	17130924.88	8.65003
37470	17130924.88	8.65277
37485	17130924.88	8.65551
37500	17130924.88	8.65825
37515	17130924.88	8.66099
37530	17130924.88	8.66373
37545	17130924.88	8.66647
37560	17130924.88	8.66921
37575	17130924.88	8.67195
37590	17130924.88	8.67469
37605	17130924.88	8.67742
37620	17130924.88	8.68016
37635	17130924.88	8.68290
37650	17130924.88	8.68563
37665	17130924.88	8.68837
37680	17130924.88	8.69111
37695	17130924.88	8.69384
37710	17130924.88	8.69658
37725	17130924.88	8.69931
37740	17130924.88	8.70205
37755	17130924.88	8.70478
37770	17130924.88	8.70752
37785	17130924.88	8.71025
37800	17130924.88	8.71298
37815	17130924.88	8.71572
37830	17130924.88	8.71845
37845	17130924.88	8.72118
37860	17130924.88	8.72391
37875	17130924.88	8.72665
37890	17130924.88	8.72938
37905	17130924.88	8.73211
37920	17130924.88	8.73484
37935	17130924.88	8.73757
37950	17130924.88	8.74030
37965	17130924.88	8.74303
37980	17130924.88	8.74576
37995	17130924.88	8.74849
38010	17130924.88	8.75122
38025	17130924.88	8.75394
38040	17130924.88	8.75667
38055	17130924.88	8.75940
38070	17130924.88	8.76213
38085	17130924.88	8.76485
38100	17130924.88	8.76758
38115	17130924.88	8.77031
38130	17130924.88	8.77303
38145	17130924.88	8.77576
38160	17130924.88	8.77848
38175	17130924.88	8.78121
38190	17130924.88	8.78393
38205	17130924.88	8.78665
38220	17130924.88	8.78938
38235	17130924.88	8.79210
38250	17130924.88	8.79482
38265	17130924.88	8.79754
38280	17130924.88	8.80027
38295	17130924.88	8.80299
38310	17130924.88	8.80571
38325	17130924.88	8.80843
38340	17130924.88	8.81115
38355	17130924.88	8.81387
38370	17130924.88	8.81659
38385	17130924.88	8.81931
38400	17130924.88	8.82203
38415	17130924.88	8.82475
38430	17130924.88	8.82746
38445	17130924.88	8.83018
38460	17130924.88	8.83290
38475	17130924.88	8.83561
38490	17130924.88	8.83833
38505	17130924.88	8.84105
38520	17130924.88	8.84376
38535	17130924.88	8.84648
38550	17130924.88	8.84919
38565	17130924.88	8.85191
38580	17130924.88	8.85462
38595	17130924.88	8.85733
38610	17130924.88	8.86005
38625	17130924.88	8.86276
38640	17130924.88	8.86547
38655	17130924.88	8.86818
38670	17130924.88	8.87089
38685	17130924.88	8.87361
38700	17130924.88	8.87632
38715	17130924.88	8.87903
38730	17130924.88	8.88174
38745	17130924.88	8.88444
38760	17130924.88	8.88715
38775	17130924.88	8.88986
38790	17130924.88	8.89257
38805	17130924.88	8.89528
38820	17130924.88	8.89798
38835	17130924.88	8.90069
38850	17130924.88	8.90340
38865	17130924.88	8.90610
38880	17130924.88	8.90881
38895	17130924.88	8.91151
38910	17130924.88	8.91422
38925	17130924.88	8.91692
38940	17130924.88	8.91963
38955	17130924.88	8.92233
38970	17130924.88	8.92503
38985	17130924.88	8.92773
39000	17130924.88	8.93044
39015	17130924.88	8.93314
39030	17130924.88	8.93584
39045	17130924.88	8.93854
39060	17130924.88	8.94124
39075	17130924.88	8.94394
39090	17130924.88	8.94664
39105	17130924.88	8.94934
39120	17130924.88	8.95203
39135	17130924.88	8.95473
39150	17130924.88	8.95743
39165	17130924.88	8.96013
39180	17130924.88	8.96282
39195	17130924.88	8.96552
39210	17130924.88	8.96821
39225	17130924.88	8.97091
39240	17130924.88	8.97360
39255	17130924.88	8.97630
39270	17130924.88	8.97899
39285	17130924.88	8.98168
39300	17130924.88	8.98438
39315	17130924.88	8.98707
39330	17130924.88	8.98976
39345	17130924.88	8.99245
39360	17130924.88	8.99514
39375	17130924.88	8.99783
39390	17130924.88	9.00052
39405	17130924.88	9.00321
39420	17130924.88	9.00590
39435	17130924.88	9.00859
39450	17130924.88	9.01128
39465	17130924.88	9.01396
39480	17130924.88	9.01665
39495	17130924.88	9.01934
39510	17130924.88	9.02202
39525	17130924.88	9.02471
39540	17130924.88	9.02739
39555	17130924.88	9.03008
39570	17130924.88	9.03276
39585	17130924.88	9.03544
39600	17130924.88	9.03813
39615	17130924.88	9.04081
39630	17130924.88	9.04349
39645	17130924.88	9.04617
39660	17130924.88	9.04885
39675	17130924.88	9.05153
39690	17130924.88	9.05421
39705	17130924.88	9.05689
39720	17130924.88	9.05957
39735	17130924.88	9.06225
39750	17130924.88	9.06493
39765	17130924.88	9.06760
39780	17130924.88	9.07028
39795	17130924.88	9.07296
39810	17130924.88	9.07563
39825	17130924.88	9.07831
39840	17130924.88	9.08098
39855	17130924.88	9.08366
39870	17130924.88	9.08633
39885	17130924.88	9.08900
39900	17130924.88	9.09168
39915	17130924.88	9.09435
39930	17130924.88	9.09702
39945	17130924.88	9.09969
39960	17130924.88	9.10236
39975	17130924.88	9.10503
39990	17130924.88	9.10770
40005	17130924.88	9.11037
40020	17130924.88	9.11304
40035	17130924.88	9.11571
40050	17130924.88	9.11837
40065	17130924.88	9.12104
40080	17130924.88	9.12371
40095	17130924.88	9.12637
40110	17130924.88	9.12904
40125	17130924.88	9.13170
40140	17130924.88	9.13436
40155	17130924.88	9.13703
40170	17130924.88	9.13969
40185	17130924.88	9.14235
40200	17130924.88	9.14502
40215	17130924.88	9.14768
40230	17130924.88	9.15034
40245	17130924.88	9.15300
40260	17130924.88	9.15566
40275	17130924.88	9.15832
40290	17130924.88	9.16097
40305	17130924.88	9.16363
40320	17130924.88	9.16629
40335	17130924.88	9.16895
40350	17130924.88	9.17160
40365	17130924.88	9.17426
40380	17130924.88	9.17691
40395	17130924.88	9.17957
40410	17130924.88	9.18222
40425	17130924.88	9.18488
40440	17130924.88	9.18753
40455	17130924.88	9.19018
40470	17130924.88	9.19283
40485	17130924.88	9.19548
40500	17130924.88	9.19813
40515	17130924.88	9.20078
40530	17130924.88	9.20343
40545	17130924.88	9.20608
40560	17130924.88	9.20873
40575	17130924.88	9.21138
40590	17130924.88	9.21403
40605	17130924.88	9.21667
40620	17130924.88	9.21932
40635	17130924.88	9.22196
40650	17130924.88	9.22461
40665	17130924.88	9.22725
40680	17130924.88	9.22989
40695	17130924.88	9.23254
40710	17130924.88	9.23518
40725	17130924.88	9.23782
40740	17130924.88	9.24046
40755	17130924.88	9.24310
40770	17130924.88	9.24574
40785	17130924.88	9.24838
40800	17130924.88	9.25102
40815	17130924.88	9.25366
40830	17130924.88	9.25630
40845	17130924.88	9.25893
40860	17130924.88	9.26157
40875	17130924.88	9.26421
40890	17130924.88	9.26684
40905	17130924.88	9.26948
40920	17130924.88	9.27211
40935	17130924.88	9.27474
40950	17130924.88	9.27738
40965	17130924.88	9.28001
40980	17130924.88	9.28264
40995	17130924.88	9.28527
41010	17130924.88	9.28790
41025	17130924.88	9.29053
41040	17130924.88	9.29316
41055	17130924.88	9.29579
41070	17130924.88	9.29841
41085	17130924.88	9.30104
41100	17130924.88	9.30367
41115	17130924.88	9.30629
41130	17130924.88	9.30892
41145	17130924.88	9.31154
41160	17130924.88	9.31417
41175	17130924.88	9.31679
41190	17130924.88	9.31941
41205	17130924.88	9.32203
41220	17130924.88	9.32466
41235	17130924.88	9.32728
41250	17130924.88	9.32990
41265	17130924.88	9.33252
41280	17130924.88	9.33514
41295	17130924.88	9.33775
41310	17130924.88	9.34037
41325	17130924.88	9.34299
41340	17130924.88	9.34560
41355	17130924.88	9.34822
41370	17130924.88	9.35083
41385	17130924.88	9.35345
41400	17130924.88	9.35606
41415	17130924.88	9.35868
41430	17130924.88	9.36129
41445	17130924.88	9.36390
41460	17130924.88	9.36651
41475	17130924.88	9.36912
41490	17130924.88	9.37173
41505	17130924.88	9.37434
41520	17130924.88	9.37695
41535	17130924.88	9.37956
41550	17130924.88	9.38216
41565	19694935.9	9.38477
41580	19894690.4	9.38737
41595	19894690.4	9.38998
41610	19894690.4	9.39258
41625	19894690.4	9.39519
41640	19894690.4	9.39779
41655	19894690.4	9.40039
41670	19894690.4	9.40299
41685	19894690.4	9.40560
41700	19894690.4	9.40820
41715	19894690.4	9.41080
41730	19894690.4	9.41339
41745	19894690.4	9.41599
41760	19894690.4	9.41859
41775	19894690.4	9.42119
41790	19894690.4	9.42378
41805	19894690.4	9.42638
41820	19894690.4	9.42897
41835	19894690.4	9.43157
41850	19894690.4	9.43416
41865	19894690.4	9.43675
41880	19894690.4	9.43935
41895	19894690.4	9.44194
41910	19894690.4	9.44453
41925	19894690.4	9.44712
41940	19894690.4	9.44971
41955	19894690.4	9.45230
41970	19894690.4	9.45488
41985	19894690.4	9.45747
42000	19894690.4	9.46006
42015	19894690.4	9.46264
42030	19894690.4	9.46523
42045	19894690.4	9.46781
42060	19894690.4	9.47040
42075	19894690.4	9.47298
42090	19894690.4	9.47556
42105	19894690.4	9.47814
42120	19894690.4	9.48072
42135	19894690.4	9.48330
42150	19894690.4	9.48588
42165	19894690.4	9.48846
42180	19894690.4	9.49104
42195	19894690.4	9.49362
42210	19894690.4	9.49619
42225	19894690.4	9.49877
42240	19894690.4	9.50134
42255	19894690.4	9.50392
42270	19894690.4	9.50649
42285	19894690.4	9.50906
42300	19894690.4	9.51164
42315	19894690.4	9.51421
42330	19894690.4	9.51678
42345	19894690.4	9.51935
42360	19894690.4	9.52192
42375	19894690.4	9.52449
42390	19894690.4	9.52705
42405	19894690.4	9.52962
42420	19894690.4	9.53219
42435	19894690.4	9.53475
42450	19894690.4	9.53732
42465	19894690.4	9.53988
42480	19894690.4	9.54245
42495	19894690.4	9.54501
42510	19894690.4	9.54757
42525	19894690.4	9.55013
42540	19894690.4	9.55269
42555	19894690.4	9.55525
42570	19894690.4	9.55781
42585	19894690.4	9.56037
42600	19894690.4	9.56293
42615	19894690.4	9.56548
42630	19894690.4	9.56804
42645	19894690.4	9.57059
42660	19894690.4	9.57315
42675	19894690.4	9.57570
42690	19894690.4	9.57825
42705	19894690.4	9.58081
42720	19894690.4	9.58336
42735	19894690.4	9.58591
42750	19894690.4	9.58846
42765	19894690.4	9.59101
42780	19894690.4	9.59355
42795	19894690.4	9.59610
42810	19894690.4	9.59865
42825	19894690.4	9.60119
42840	19894690.4	9.60374
42855	19894690.4	9.60628
42870	19894690.4	9.60883
42885	19894690.4	9.61137
42900	19894690.4	9.61391
42915	19894690.4	9.61645
42930	19894690.4	9.61899
42945	19894690.4	9.62153
42960	19894690.4	9.62407
42975	19894690.4	9.62661
42990	19894690.4	9.62915
43005	19894690.4	9.63168
43020	19894690.4	9.63422
43035	19894690.4	9.63675
43050	19894690.4	9.63929
43065	19894690.4	9.64182
43080	19894690.4	9.64436
43095	19894690.4	9.64689
43110	19894690.4	9.64942
43125	19894690.4	9.65195
43140	19894690.4	9.65448
43155	19894690.4	9.65701
43170	19894690.4	9.65953
43185	19894690.4	9.66206
43200	19894690.4	9.66459
43215	19894690.4	9.66711
43230	19894690.4	9.66964
43245	19894690.4	9.67216
43260	19894690.4	9.67468
43275	19894690.4	9.67721
43290	19894690.4	9.67973
43305	19894690.4	9.68225
43320	19894690.4	9.68477
43335	19894690.4	9.68729
43350	19894690.4	9.68981
43365	19894690.4	9.69232
43380	19894690.4	9.69484
43395	19894690.4	9.69735
43410	19894690.4	9.69987
43425	19894690.4	9.70238
43440	19894690.4	9.70490
43455	19894690.4	9.70741
43470	19894690.4	9.70992
43485	19894690.4	9.71243
43500	19894690.4	9.71494
43515	19894690.4	9.71745
43530	19894690.4	9.71996
43545	19894690.4	9.72247
43560	19894690.4	9.72497
43575	19894690.4	9.72748
43590	19894690.4	9.72998
43605	19894690.4	9.73249
43620	19894690.4	9.73499
43635	19894690.4	9.73749
43650	19894690.4	9.74000
43665	19894690.4	9.74250
43680	19894690.4	9.74500
43695	19894690.4	9.74750
43710	19894690.4	9.74999
43725	19894690.4	9.75249
43740	19894690.4	9.75499
43755	19894690.4	9.75748
43770	19894690.4	9.75998
43785	19894690.4	9.76247
43800	19894690.4	9.76497
43815	19894690.4	9.76746
43830	19894690.4	9.76995
43845	19894690.4	9.77244
43860	19894690.4	9.77493
43875	19894690.4	9.77742
43890	19894690.4	9.77991
43905	19894690.4	9.78239
43920	19894690.4	9.78488
43935	19894690.4	9.78737
43950	19894690.4	9.78985
43965	19894690.4	9.79233
43980	19894690.4	9.79482
43995	19894690.4	9.79730
44010	19894690.4	9.79978
44025	19894690.4	9.80226
44040	19894690.4	9.80474
44055	19894690.4	9.80722
44070	19894690.4	9.80970
44085	19894690.4	9.81217
44100	19894690.4	9.81465
44115	19894690.4	9.81712
44130	19894690.4	9.81960
44145	19894690.4	9.82207
44160	19894690.4	9.82454
44175	19894690.4	9.82701
44190	19894690.4	9.82949
44205	19894690.4	9.83196
44220	19894690.4	9.83442
44235	19894690.4	9.83689
44250	19894690.4	9.83936
44265	19894690.4	9.84183
44280	19894690.4	9.84429
44295	19894690.4	9.84676
44310	19894690.4	9.84922
44325	19894690.4	9.85168
44340	19894690.4	9.85414
44355	19894690.4	9.85660
44370	19894690.4	9.85906
44385	19894690.4	9.86152
44400	19894690.4	9.86398
44415	19894690.4	9.86644
44430	19894690.4	9.86890
44445	19894690.4	9.87135
44460	19894690.4	9.87381
44475	19894690.4	9.87626
44490	19894690.4	9.87871
44505	19894690.4	9.88116
44520	19894690.4	9.88361
44535	19894690.4	9.88606
44550	19894690.4	9.88851
44565	19894690.4	9.89096
44580	19894690.4	9.89341
44595	19894690.4	9.89586
44610	19894690.4	9.89830
44625	19894690.4	9.90075
44640	19894690.4	9.90319
44655	19894690.4	9.90563
44670	19894690.4	9.90807
44685	19894690.4	9.91051
44700	19894690.4	9.91295
44715	19894690.4	9.91539
44730	19894690.4	9.91783
44745	19894690.4	9.92027
44760	19894690.4	9.92271
44775	19894690.4	9.92514
44790	19894690.4	9.92758
44805	19894690.4	9.93001
44820	19894690.4	9.93244
44835	19894690.4	9.93487
44850	19894690.4	9.93730
44865	19999825.79	9.93973
44880	19999825.79	9.94216
44895	19999825.79	9.94459
44910	19999825.79	9.94702
44925	19999825.79	9.94944
44940	19999825.79	9.95187
44955	19999825.79	9.95429
44970	19999825.79	9.95672
44985	19999825.79	9.95914
45000	19999825.79	9.96156
45015	19999825.79	9.96398
45030	19999825.79	9.96640
45045	19999825.79	9.96882
45060	19999825.79	9.97124
45075	19999825.79	9.97365
45090	19999825.79	9.97607
45105	19999825.79	9.97848
45120	19999825.79	9.98090
45135	19999825.79	9.98331
45150	19999825.79	9.98572
45165	19999825.79	9.98813
45180	19999825.79	9.99054
45195	19999825.79	9.99295
45210	19999825.79	9.99536
45225	19999825.79	9.99776
45240	19999825.79	10.00017
45255	19999825.79	10.00258
45270	19999825.79	10.00498
45285	19999825.79	10.00738
45300	19999825.79	10.00979
45315	19999825.79	10.01219
45330	19999825.79	10.01459
45345	19999825.79	10.01699
45360	19999825.79	10.01938
45375	19999825.79	10.02178
45390	19999825.79	10.02418
45405	19999825.79	10.02657
45420	19999825.79	10.02897
45435	19999825.79	10.03136
45450	19999825.79	10.03375
45465	19999825.79	10.03615
45480	19999825.79	10.03854
45495	19999825.79	10.04093
45510	19999825.79	10.04331
45525	19999825.79	10.04570
45540	19999825.79	10.04809
45555	19999825.79	10.05047
45570	19999825.79	10.05286
45585	19999825.79	10.05524
45600	19999825.79	10.05762
45615	19999825.79	10.06001
45630	19999825.79	10.06239
45645	19999825.79	10.06477
45660	19999825.79	10.06714
45675	19999825.79	10.06952
45690	19999825.79	10.07190
45705	19353618.87	10.07427
45720	20024643.46	10.07665
45735	20024643.46	10.07902
45750	20024643.46	10.08139
45765	20024643.46	10.08377
45780	20024643.46	10.08614
45795	20024643.46	10.08851
45810	20024643.46	10.09088
45825	20024643.46	10.09324
45840	20024643.46	10.09561
45855	20024643.46	10.09797
45870	20024643.46	10.10034
45885	20024643.46	10.10270
45900	20024643.46	10.10507
45915	20024643.46	10.10743
45930	20024643.46	10.10979
45945	20024643.46	10.11215
45960	20024643.46	10.11451
45975	20024643.46	10.11686
45990	20024643.46	10.11922
46005	20024643.46	10.12157
46020	20024643.46	10.12393
46035	20024643.46	10.12628
46050	20024643.46	10.12863
46065	20024643.46	10.13099
46080	20024643.46	10.13334
46095	20024643.46	10.13569
46110	20024643.46	10.13803
46125	20024643.46	10.14038
46140	20024643.46	10.14273
46155	20024643.46	10.14507
46170	20024643.46	10.14742
46185	20024643.46	10.14976
46200	20024643.46	10.15210
46215	20024643.46	10.15444
46230	20024643.46	10.15678
46245	20024643.46	10.15912
46260	20024643.46	10.16146
46275	20024643.46	10.16380
46290	20024643.46	10.16613
46305	20024643.46	10.16847
46320	20024643.46	10.17080
46335	20024643.46	10.17313
46350	20024643.46	10.17546
46365	20024643.46	10.17779
46380	20024643.46	10.18012
46395	20024643.46	10.18245
46410	20024643.46	10.18478
46425	20024643.46	10.18711
46440	20024643.46	10.18943
46455	20024643.46	10.19175
46470	20024643.46	10.19408
46485	20024643.46	10.19640
46500	20024643.46	10.19872
46515	20024643.46	10.20104
46530	20024643.46	10.20336
46545	20024643.46	10.20568
46560	20024643.46	10.20799
46575	20024643.46	10.21031
46590	20024643.46	10.21262
46605	20024643.46	10.21494
46620	20024643.46	10.21725
46635	20024643.46	10.21956
46650	20024643.46	10.22187
46665	20024643.46	10.22418
46680	20024643.46	10.22649
46695	20024643.46	10.22880
46710	20024643.46	10.23110
46725	20024643.46	10.23341
46740	20024643.46	10.23571
46755	20024643.46	10.23802
46770	20024643.46	10.24032
46785	20024643.46	10.24262
46800	20024643.46	10.24492
46815	20024643.46	10.24722
46830	20024643.46	10.24951
46845	20024643.46	10.25181
46860	20024643.46	10.25410
46875	20024643.46	10.25640
46890	20024643.46	10.25869
46905	20024643.46	10.26098
46920	20024643.46	10.26327
46935	20024643.46	10.26556
46950	20024643.46	10.26785
46965	20024643.46	10.27014
46980	20024643.46	10.27243
46995	20024643.46	10.27471
47010	20024643.46	10.27700
47025	20024643.46	10.27928
47040	20024643.46	10.28156
47055	20024643.46	10.28384
47070	20024643.46	10.28612
47085	20024643.46	10.28840
47100	20024643.46	10.29068
47115	20024643.46	10.29296
47130	20024643.46	10.29523
47145	20024643.46	10.29751
47160	20024643.46	10.29978
47175	20024643.46	10.30205
47190	20024643.46	10.30432
47205	20024643.46	10.30659
47220	20024643.46	10.30886
47235	20024643.46	10.31113
47250	20024643.46	10.31340
47265	20024643.46	10.31566
47280	20024643.46	10.31793
47295	20024643.46	10.32019
47310	20024643.46	10.32245
47325	20024643.46	10.32471
47340	20024643.46	10.32697
47355	20024643.46	10.32923
47370	20024643.46	10.33149
47385	20024643.46	10.33375
47400	20024643.46	10.33600
47415	20024643.46	10.33826
47430	20024643.46	10.34051
47445	20024643.46	10.34276
47460	20024643.46	10.34501
47475	20024643.46	10.34726
47490	20024643.46	10.34951
47505	20024643.46	10.35176
47520	20024643.46	10.35400
47535	20024643.46	10.35625
47550	20024643.46	10.35849
47565	20024643.46	10.36074
47580	20024643.46	10.36298
47595	20024643.46	10.36522
47610	20024643.46	10.36746
47625	20024643.46	10.36970
47640	20024643.46	10.37193
47655	20024643.46	10.37417
47670	20024643.46	10.37641
47685	20024643.46	10.37864
47700	20024643.46	10.38087
47715	20024643.46	10.38310
47730	20024643.46	10.38533
47745	20024643.46	10.38756
47760	20024643.46	10.38979
47775	20024643.46	10.39202
47790	20024643.46	10.39424
47805	20024643.46	10.39647
47820	20024643.46	10.39869
47835	20024643.46	10.40091
47850	20024643.46	10.40314
47865	20024643.46	10.40536
47880	20024643.46	10.40757
47895	20024643.46	10.40979
47910	20024643.46	10.41201
47925	20024643.46	10.41422
47940	20024643.46	10.41644
47955	20024643.46	10.41865
47970	20024643.46	10.42086
47985	20024643.46	10.42307
48000	20024643.46	10.42528
48015	20024643.46	10.42749
48030	20024643.46	10.42970
48045	20024643.46	10.43191
48060	20024643.46	10.43411
48075	20024643.46	10.43631
48090	20024643.46	10.43852
48105	20024643.46	10.44072
48120	20024643.46	10.44292
48135	20024643.46	10.44512
48150	20024643.46	10.44731
48165	20024643.46	10.44951
48180	20024643.46	10.45171
48195	20024643.46	10.45390
48210	20024643.46	10.45609
48225	20024643.46	10.45829
48240	20024643.46	10.46048
48255	20024643.46	10.46267
48270	20024643.46	10.46485
48285	20024643.46	10.46704
48300	20024643.46	10.46923
48315	20024643.46	10.47141
48330	20024643.46	10.47360
48345	20024643.46	10.47578
48360	20024643.46	10.47796
48375	20024643.46	10.48014
48390	20024643.46	10.48232
48405	20024643.46	10.48450
48420	20024643.46	10.48667
48435	20024643.46	10.48885
48450	20024643.46	10.49102
48465	20024643.46	10.49319
48480	20024643.46	10.49537
48495	20024643.46	10.49754
48510	20024643.46	10.49970
48525	20024643.46	10.50187
48540	20024643.46	10.50404
48555	20024643.46	10.50621
48570	20024643.46	10.50837
48585	20024643.46	10.51053
48600	20024643.46	10.51269
48615	20024643.46	10.51486
48630	20024643.46	10.51701
48645	20024643.46	10.51917
48660	20024643.46	10.52133
48675	20024643.46	10.52349
48690	20024643.46	10.52564
48705	20024643.46	10.52779
48720	20024643.46	10.52995
48735	20024643.46	10.53210
48750	20024643.46	10.53425
48765	20024643.46	10.53640
48780	20024643.46	10.53854
48795	20018967.56	10.54069
48810	20018967.56	10.54283
48825	20018967.56	10.54498
48840	20018967.56	10.54712
48855	20018967.56	10.54926
48870	20018967.56	10.55140
48885	20018967.56	10.55354
48900	20018967.56	10.55568
48915	20018967.56	10.55781
48930	20018967.56	10.55995
48945	20018967.56	10.56208
48960	20018967.56	10.56421
48975	20018967.56	10.56635
48990	20018967.56	10.56848
49005	20018967.56	10.57060
49020	20018967.56	10.57273
49035	20018967.56	10.57486
49050	20018967.56	10.57698
49065	20018967.56	10.57911
49080	20018967.56	10.58123
49095	20018967.56	10.58335
49110	20018967.56	10.58547
49125	20018967.56	10.58759
49140	20018967.56	10.58971
49155	20018967.56	10.59182
49170	20018967.56	10.59394
49185	20018967.56	10.59605
49200	20018967.56	10.59817
49215	20018967.56	10.60028
49230	20018967.56	10.60239
49245	20018967.56	10.60450
49260	20018967.56	10.60660
49275	20018967.56	10.60871
49290	20018967.56	10.61082
49305	19804227.08	10.61292
49320	19804227.08	10.61502
49335	19804227.08	10.61712
49350	19804227.08	10.61922
49365	19804227.08	10.62132
49380	19804227.08	10.62342
49395	19804227.08	10.62552
49410	19804227.08	10.62761
49425	19804227.08	10.62971
49440	19804227.08	10.63180
49455	19804227.08	10.63389
49470	19804227.08	10.63598
49485	19804227.08	10.63807
49500	19804227.08	10.64015
49515	19804227.08	10.64224
49530	19804227.08	10.64433
49545	19804227.08	10.64641
49560	19804227.08	10.64849
49575	19804227.08	10.65057
49590	19804227.08	10.65265
49605	19804227.08	10.65473
49620	19804227.08	10.65681
49635	19804227.08	10.65888
49650	19804227.08	10.66096
49665	19804227.08	10.66303
49680	19804227.08	10.66510
49695	19804227.08	10.66717
49710	19804227.08	10.66924
49725	19804227.08	10.67131
49740	19804227.08	10.67338
49755	19804227.08	10.67545
49770	19804227.08	10.67751
49785	19804227.08	10.67957
49800	19804227.08	10.68163
49815	19804227.08	10.68369
49830	19804227.08	10.68575
49845	19804227.08	10.68781
49860	19804227.08	10.68987
49875	19804227.08	10.69192
49890	19804227.08	10.69398
49905	19804227.08	10.69603
49920	19804227.08	10.69808
49935	19804227.08	10.70013
49950	19804227.08	10.70218
49965	19804227.08	10.70423
49980	19804227.08	10.70627
49995	19804227.08	10.70832
50010	19804227.08	10.71036
50025	19804227.08	10.71240
50040	19804227.08	10.71445
50055	19804227.08	10.71648
50070	19804227.08	10.71852
50085	19804227.08	10.72056
50100	19804227.08	10.72260
50115	19804227.08	10.72463
50130	19804227.08	10.72666
50145	19804227.08	10.72870
50160	19804227.08	10.73073
50175	19804227.08	10.73275
50190	19804227.08	10.73478
50205	19804227.08	10.73681
50220	19804227.08	10.73883
50235	19804227.08	10.74086
50250	19804227.08	10.74288
50265	19804227.08	10.74490
50280	19804227.08	10.74692
50295	19804227.08	10.74894
50310	19804227.08	10.75096
50325	19804227.08	10.75297
50340	19804227.08	10.75499
50355	19804227.08	10.75700
50370	19804227.08	10.75901
50385	19804227.08	10.76102
50400	19804227.08	10.76303
50415	19326496.85	10.76504
50430	20414871.55	10.76705
50445	20414871.55	10.76905
50460	20414871.55	10.77106
50475	20414871.55	10.77306
50490	20414871.55	10.77506
50505	20414871.55	10.77706
50520	20414871.55	10.77906
50535	20414871.55	10.78106
50550	20414871.55	10.78305
50565	20414871.55	10.78505
50580	20414871.55	10.78704
50595	20414871.55	10.78903
50610	20414871.55	10.79102
50625	20414871.55	10.79301
50640	20414871.55	10.79500
50655	20414871.55	10.79698
50670	20414871.55	10.79897
50685	20414871.55	10.80095
50700	20414871.55	10.80294
50715	20414871.55	10.80492
50730	20414871.55	10.80690
50745	20414871.55	10.80888
50760	20414871.55	10.81085
50775	20414871.55	10.81283
50790	20414871.55	10.81480
50805	20414871.55	10.81678
50820	20414871.55	10.81875
50835	20414871.55	10.82072
50850	20414871.55	10.82269
50865	20414871.55	10.82465
50880	20414871.55	10.82662
50895	20414871.55	10.82858
50910	20414871.55	10.83055
50925	20414871.55	10.83251
50940	20414871.55	10.83447
50955	20414871.55	10.83643
50970	20414871.55	10.83839
50985	20414871.55	10.84034
51000	20414871.55	10.84230
51015	20414871.55	10.84425
51030	20414871.55	10.84621
51045	20414871.55	10.84816
51060	20414871.55	10.85011
51075	20414871.55	10.85205
51090	20414871.55	10.85400
51105	20414871.55	10.85595
51120	20414871.55	10.85789
51135	20414871.55	10.85983
51150	20414871.55	10.86178
51165	18243914.79	10.86372
51180	18243914.79	10.86565
51195	18243914.79	10.86759
51210	18243914.79	10.86953
51225	18243914.79	10.87146
51240	18243914.79	10.87340
51255	18243914.79	10.87533
51270	18243914.79	10.87726
51285	18243914.79	10.87919
51300	18243914.79	10.88111
51315	18243914.79	10.88304
51330	18243914.79	10.88496
51345	18243914.79	10.88689
51360	18243914.79	10.88881
51375	18243914.79	10.89073
51390	18243914.79	10.89265
51405	18243914.79	10.89457
51420	18243914.79	10.89648
51435	18243914.79	10.89840
51450	18243914.79	10.90031
51465	18243914.79	10.90223
51480	18243914.79	10.90414
51495	18243914.79	10.90605
51510	18243914.79	10.90795
51525	18243914.79	10.90986
51540	18243914.79	10.91177
51555	18243914.79	10.91367
51570	18243914.79	10.91557
51585	18243914.79	10.91747
51600	18243914.79	10.91937
51615	18243914.79	10.92127
51630	18243914.79	10.92317
51645	18243914.79	10.92506
51660	18243914.79	10.92696
51675	18243914.79	10.92885
51690	18243914.79	10.93074
51705	18243914.79	10.93263
51720	18243914.79	10.93452
51735	18243914.79	10.93641
51750	18243914.79	10.93829
51765	18243914.79	10.94018
51780	18243914.79	10.94206
51795	18243914.79	10.94394
51810	18243914.79	10.94582
51825	18243914.79	10.94770
51840	18243914.79	10.94957
51855	18243914.79	10.95145
51870	18243914.79	10.95332
51885	18243914.79	10.95520
51900	18243914.79	10.95707
51915	18243914.79	10.95894
51930	18243914.79	10.96081
51945	18243914.79	10.96267
51960	18243914.79	10.96454
51975	18243914.79	10.96640
51990	18243914.79	10.96827
52005	18243914.79	10.97013
52020	18243914.79	10.97199
52035	18243914.79	10.97385
52050	18243914.79	10.97570
52065	18243914.79	10.97756
52080	18243914.79	10.97941
52095	18243914.79	10.98127
52110	18243914.79	10.98312
52125	18243914.79	10.98497
52140	18243914.79	10.98681
52155	18243914.79	10.98866
52170	18243914.79	10.99051
52185	18243914.79	10.99235
52200	18243914.79	10.99419
52215	18243914.79	10.99604
52230	18243914.79	10.99787
52245	17616434.61	10.99971
52260	17616434.61	11.00155
52275	17616434.61	11.00339
52290	17616434.61	11.00522
52305	17616434.61	11.00705
52320	17616434.61	11.00888
52335	17616434.61	11.01071
52350	17616434.61	11.01254
52365	17616434.61	11.01437
52380	17616434.61	11.01619
52395	17616434.61	11.01802
52410	17616434.61	11.01984
52425	17616434.61	11.02166
52440	17616434.61	11.02348
52455	17616434.61	11.02530
52470	17616434.61	11.02711
52485	17616434.61	11.02893
52500	17616434.61	11.03074
52515	17616434.61	11.03255
52530	17616434.61	11.03436
52545	17616434.61	11.03617
52560	17616434.61	11.03798
52575	17616434.61	11.03979
52590	17616434.61	11.04159
52605	17616434.61	11.04340
52620	17616434.61	11.04520
52635	17616434.61	11.04700
52650	17616434.61	11.04880
52665	17616434.61	11.05059
52680	17616434.61	11.05239
52695	17616434.61	11.05418
52710	17616434.61	11.05598
52725	17616434.61	11.05777
52740	17616434.61	11.05956
52755	17616434.61	11.06135
52770	17616434.61	11.06314
52785	17616434.61	11.06492
52800	17616434.61	11.06670
52815	17616434.61	11.06849
52830	17616434.61	11.07027
52845	17616434.61	11.07205
52860	17616434.61	11.07383
52875	17616434.61	11.07560
52890	17616434.61	11.07738
52905	17616434.61	11.07915
52920	17616434.61	11.08093
52935	17616434.61	11.08270
52950	17616434.61	11.08447
52965	17616434.61	11.08623
52980	17616434.61	11.08800
52995	17616434.61	11.08976
53010	17616434.61	11.09153
53025	17616434.61	11.09329
53040	17616434.61	11.09505
53055	17616434.61	11.09681
53070	17616434.61	11.09857
53085	17616434.61	11.10032
53100	17616434.61	11.10208
53115	17616434.61	11.10383
53130	17616434.61	11.10558
53145	17616434.61	11.10733
53160	17616434.61	11.10908
53175	17616434.61	11.11083
53190	17616434.61	11.11257
53205	17616434.61	11.11432
53220	17616434.61	11.11606
53235	17616434.61	11.11780
53250	17616434.61	11.11954
53265	17616434.61	11.12128
53280	17616434.61	11.12301
53295	17616434.61	11.12475
53310	17616434.61	11.12648
53325	17616434.61	11.12821
53340	17616434.61	11.12994
53355	17616434.61	11.13167
53370	17616434.61	11.13340
53385	17616434.61	11.13513
53400	17616434.61	11.13685
53415	17616434.61	11.13857
53430	17616434.61	11.14029
53445	17616434.61	11.14201
53460	17616434.61	11.14373
53475	17616434.61	11.14545
53490	17616434.61	11.14716
53505	17616434.61	11.14888
53520	17616434.61	11.15059
53535	17616434.61	11.15230
53550	17616434.61	11.15401
53565	17616434.61	11.15572
53580	17616434.61	11.15742
53595	17616434.61	11.15913
53610	17616434.61	11.16083
53625	17616434.61	11.16253
53640	17616434.61	11.16423
53655	17616434.61	11.16593
53670	17616434.61	11.16763
53685	17616434.61	11.16932
53700	17616434.61	11.17102
53715	17616434.61	11.17271
53730	17616434.61	11.17440
53745	17616434.61	11.17609
53760	17616434.61	11.17778
53775	17616434.61	11.17946
53790	17616434.61	11.18115
53805	17616434.61	11.18283
53820	17616434.61	11.18451
53835	17616434.61	11.18619
53850	17616434.61	11.18787
53865	17616434.61	11.18955
53880	17616434.61	11.19123
53895	17616434.61	11.19290
53910	17616434.61	11.19457
53925	17616434.61	11.19624
53940	17616434.61	11.19791
53955	17616434.61	11.19958
53970	17616434.61	11.20125
53985	17616434.61	11.20291
54000	17616434.61	11.20457
54015	17616434.61	11.20624
54030	17616434.61	11.20790
54045	17616434.61	11.20955
54060	17616434.61	11.21121
54075	17616434.61	11.21287
54090	17616434.61	11.21452
54105	17616434.61	11.21617
54120	17616434.61	11.21782
54135	17616434.61	11.21947
54150	17616434.61	11.22112
54165	17616434.61	11.22277
54180	17616434.61	11.22441
54195	17616434.61	11.22606
54210	17616434.61	11.22770
54225	17616434.61	11.22934
54240	17616434.61	11.23097
54255	17616434.61	11.23261
54270	17616434.61	11.23425
54285	17616434.61	11.23588
54300	17616434.61	11.23751
54315	17616434.61	11.23914
54330	17616434.61	11.24077
54345	17616434.61	11.24240
54360	17616434.61	11.24403
54375	17616434.61	11.24565
54390	17616434.61	11.24727
54405	17616434.61	11.24889
54420	17616434.61	11.25051
54435	17616434.61	11.25213
54450	17616434.61	11.25375
54465	17616434.61	11.25536
54480	17616434.61	11.25698
54495	17616434.61	11.25859
54510	17616434.61	11.26020
54525	17616434.61	11.26181
54540	17616434.61	11.26341
54555	17616434.61	11.26502
54570	17616434.61	11.26662
54585	17616434.61	11.26823
54600	17616434.61	11.26983
54615	17616434.61	11.27143
54630	17616434.61	11.27302
54645	17616434.61	11.27462
54660	17616434.61	11.27621
54675	17616434.61	11.27781
54690	17616434.61	11.27940
54705	17616434.61	11.28099
54720	17616434.61	11.28258
54735	17616434.61	11.28416
54750	17616434.61	11.28575
54765	17616434.61	11.28733
54780	17616434.61	11.28891
54795	17616434.61	11.29049
54810	17616434.61	11.29207
54825	17616434.61	11.29365
54840	17616434.61	11.29522
54855	17616434.61	11.29680
54870	17616434.61	11.29837
54885	17616434.61	11.29994
54900	17616434.61	11.30151
54915	17616434.61	11.30308
54930	17616434.61	11.30464
54945	17616434.61	11.30621
54960	17616434.61	11.30777
54975	17616434.61	11.30933
54990	17616434.61	11.31089
55005	17616434.61	11.31245
55020	17616434.61	11.31400
55035	17616434.61	11.31556
55050	17616434.61	11.31711
55065	17616434.61	11.31866
55080	17616434.61	11.32021
55095	17616434.61	11.32176
55110	17616434.61	11.32331
55125	17616434.61	11.32485
55140	17616434.61	11.32640
55155	17616434.61	11.32794
55170	17616434.61	11.32948
55185	17616434.61	11.33102
55200	17616434.61	11.33256
55215	17616434.61	11.33409
55230	17616434.61	11.33563
55245	17616434.61	11.33716
55260	17616434.61	11.33869
55275	17616434.61	11.34022
55290	17616434.61	11.34174
55305	17616434.61	11.34327
55320	17616434.61	11.34479
55335	17616434.61	11.34632
55350	17616434.61	11.34784
55365	17616434.61	11.34936
55380	17616434.61	11.35088
55395	17616434.61	11.35239
55410	17616434.61	11.35391
55425	17616434.61	11.35542
55440	17616434.61	11.35693
55455	17616434.61	11.35844
55470	17616434.61	11.35995
55485	17616434.61	11.36145
55500	17616434.61	11.36296
55515	17616434.61	11.36446
55530	17616434.61	11.36596
55545	17616434.61	11.36746
55560	17616434.61	11.36896
55575	17616434.61	11.37046
55590	17616434.61	11.37195
55605	17616434.61	11.37345
55620	17616434.61	11.37494
55635	17616434.61	11.37643
55650	17616434.61	11.37792
55665	17616434.61	11.37940
55680	17616434.61	11.38089
55695	17616434.61	11.38237
55710	17616434.61	11.38386
55725	17616434.61	11.38534
55740	17616434.61	11.38682
55755	17616434.61	11.38829
55770	17616434.61	11.38977
55785	17616434.61	11.39124
55800	17616434.61	11.39271
55815	17616434.61	11.39418
55830	17616434.61	11.39565
55845	17616434.61	11.39712
55860	17616434.61	11.39859
55875	17616434.61	11.40005
55890	17616434.61	11.40151
55905	17616434.61	11.40297
55920	17616434.61	11.40443
55935	17616434.61	11.40589
55950	17616434.61	11.40735
55965	17616434.61	11.40880
55980	17616434.61	11.41025
55995	17616434.61	11.41170
56010	17616434.61	11.41315
56025	17616434.61	11.41460
56040	17616434.61	11.41605
56055	17616434.61	11.41749
56070	17616434.61	11.41893
56085	17616434.61	11.42037
56100	17616434.61	11.42181
56115	17616434.61	11.42325
56130	17616434.61	11.42469
56145	17616434.61	11.42612
56160	17616434.61	11.42756
56175	17616434.61	11.42899
56190	17616434.61	11.43042
56205	17616434.61	11.43184
56220	17616434.61	11.43327
56235	17616434.61	11.43469
56250	17616434.61	11.43612
56265	17616434.61	11.43754
56280	17616434.61	11.43896
56295	17616434.61	11.44038
56310	17616434.61	11.44179
56325	17616434.61	11.44321
56340	17616434.61	11.44462
56355	17616434.61	11.44603
56370	17616434.61	11.44744
56385	17616434.61	11.44885
56400	17616434.61	11.45025
56415	17616434.61	11.45166
56430	17616434.61	11.45306
56445	17616434.61	11.45446
56460	17616434.61	11.45586
56475	17616434.61	11.45726
56490	17616434.61	11.45866
56505	17616434.61	11.46005
56520	17616434.61	11.46144
56535	17616434.61	11.46284
56550	17616434.61	11.46422
56565	17616434.61	11.46561
56580	17616434.61	11.46700
56595	17616434.61	11.46838
56610	17616434.61	11.46977
56625	17616434.61	11.47115
56640	17616434.61	11.47253
56655	17616434.61	11.47391
56670	17616434.61	11.47528
56685	17616434.61	11.47666
56700	17616434.61	11.47803
56715	17616434.61	11.47940
56730	17616434.61	11.48077
56745	17616434.61	11.48214
56760	17616434.61	11.48350
56775	17616434.61	11.48487
56790	17616434.61	11.48623
56805	17616434.61	11.48759
56820	17616434.61	11.48895
56835	17616434.61	11.49031
56850	17616434.61	11.49166
56865	17616434.61	11.49302
56880	17616434.61	11.49437
56895	17616434.61	11.49572
56910	17616434.61	11.49707
56925	17616434.61	11.49842
56940	17616434.61	11.49977
56955	17616434.61	11.50111
56970	17616434.61	11.50245
56985	17616434.61	11.50379
57000	17616434.61	11.50513
57015	17616434.61	11.50647
57030	17616434.61	11.50781
57045	17616434.61	11.50914
57060	17616434.61	11.51047
57075	17616434.61	11.51180
57090	17616434.61	11.51313
57105	17616434.61	11.51446
57120	17616434.61	11.51578
57135	17616434.61	11.51711
57150	17616434.61	11.51843
57165	17616434.61	11.51975
57180	17616434.61	11.52107
57195	17616434.61	11.52239
57210	17616434.61	11.52370
57225	17616434.61	11.52502
57240	17616434.61	11.52633
57255	17616434.61	11.52764
57270	17616434.61	11.52895
57285	17616434.61	11.53025
57300	17616434.61	11.53156
57315	17616434.61	11.53286
57330	17616434.61	11.53417
57345	17616434.61	11.53547
57360	17616434.61	11.53676
57375	17616434.61	11.53806
57390	17616434.61	11.53936
57405	17616434.61	11.54065
57420	17616434.61	11.54194
57435	17616434.61	11.54323
57450	17616434.61	11.54452
57465	17616434.61	11.54581
57480	17616434.61	11.54709
57495	17616434.61	11.54837
57510	17616434.61	11.54965
57525	17616434.61	11.55093
57540	17616434.61	11.55221
57555	17616434.61	11.55349
57570	17616434.61	11.55476
57585	17616434.61	11.55604
57600	17616434.61	11.55731
57615	17616434.61	11.55858
57630	17681742.05	11.55984
57645	17681742.05	11.56111
57660	17681742.05	11.56237
57675	17681742.05	11.56364
57690	17681742.05	11.56490
57705	17681742.05	11.56616
57720	17681742.05	11.56741
57735	17681742.05	11.56867
57750	17681742.05	11.56992
57765	17681742.05	11.57117
57780	17681742.05	11.57243
57795	17681742.05	11.57367
57810	17681742.05	11.57492
57825	17681742.05	11.57617
57840	17681742.05	11.57741
57855	17681742.05	11.57865
57870	17681742.05	11.57989
57885	17681742.05	11.58113
57900	17681742.05	11.58237
57915	17681742.05	11.58360
57930	17681742.05	11.58483
57945	17681742.05	11.58607
57960	17681742.05	11.58730
57975	17681742.05	11.58852
57990	17681742.05	11.58975
58005	17681742.05	11.59097
58020	17681742.05	11.59220
58035	17681742.05	11.59342
58050	17681742.05	11.59464
58065	17681742.05	11.59586
58080	17681742.05	11.59707
58095	17681742.05	11.59829
58110	17681742.05	11.59950
58125	17681742.05	11.60071
58140	17681742.05	11.60192
58155	17681742.05	11.60312
58170	17681742.05	11.60433
58185	17681742.05	11.60553
58200	17681742.05	11.60674
58215	17681742.05	11.60794
58230	17681742.05	11.60913
58245	17681742.05	11.61033
58260	17681742.05	11.61153
58275	17681742.05	11.61272
58290	17681742.05	11.61391
58305	17681742.05	11.61510
58320	17681742.05	11.61629
58335	17681742.05	11.61747
58350	17681742.05	11.61866
58365	17681742.05	11.61984
58380	17681742.05	11.62102
58395	17681742.05	11.62220
58410	17681742.05	11.62338
58425	17681742.05	11.62456
58440	17681742.05	11.62573
58455	17681742.05	11.62690
58470	17681742.05	11.62807
58485	17681742.05	11.62924
58500	17681742.05	11.63041
58515	17681742.05	11.63157
58530	17681742.05	11.63274
58545	17681742.05	11.63390
58560	17681742.05	11.63506
58575	17681742.05	11.63622
58590	17681742.05	11.63737
58605	17681742.05	11.63853
58620	17681742.05	11.63968
58635	17681742.05	11.64083
58650	17681742.05	11.64198
58665	17681742.05	11.64313
58680	17681742.05	11.64428
58695	17681742.05	11.64542
58710	17681742.05	11.64656
58725	17681742.05	11.64770
58740	17681742.05	11.64884
58755	17681742.05	11.64998
58770	17681742.05	11.65112
58785	17681742.05	11.65225
58800	17681742.05	11.65338
58815	17681742.05	11.65451
58830	17681742.05	11.65564
58845	17681742.05	11.65677
58860	17681742.05	11.65789
58875	17681742.05	11.65902
58890	17681742.05	11.66014
58905	17681742.05	11.66126
58920	17681742.05	11.66237
58935	17681742.05	11.66349
58950	17681742.05	11.66460
58965	17681742.05	11.66572
58980	17681742.05	11.66683
58995	17681742.05	11.66794
59010	17681742.05	11.66904
59025	17681742.05	11.67015
59040	17681742.05	11.67125
59055	17681742.05	11.67236
59070	17681742.05	11.67346
59085	17681742.05	11.67455
59100	17681742.05	11.67565
59115	17681742.05	11.67675
59130	17681742.05	11.67784
59145	17681742.05	11.67893
59160	17681742.05	11.68002
59175	17681742.05	11.68111
59190	17681742.05	11.68219
59205	17681742.05	11.68328
59220	17681742.05	11.68436
59235	17681742.05	11.68544
59250	17681742.05	11.68652
59265	17681742.05	11.68760
59280	17681742.05	11.68867
59295	17681742.05	11.68974
59310	17681742.05	11.69082
59325	17681742.05	11.69189
59340	17681742.05	11.69295
59355	17681742.05	11.69402
59370	17681742.05	11.69509
59385	17681742.05	11.69615
59400	17681742.05	11.69721
59415	17681742.05	11.69827
59430	17681742.05	11.69933
59445	17681742.05	11.70038
59460	17681742.05	11.70144
59475	17681742.05	11.70249
59490	17681742.05	11.70354
59505	17681742.05	11.70459
59520	17681742.05	11.70563
59535	17681742.05	11.70668
59550	17681742.05	11.70772
59565	17681742.05	11.70876
59580	17681742.05	11.70980
59595	17681742.05	11.71084
59610	17681742.05	11.71188
59625	17681742.05	11.71291
59640	17681742.05	11.71394
59655	17681742.05	11.71497
59670	17681742.05	11.71600
59685	17681742.05	11.71703
59700	17681742.05	11.71806
59715	17681742.05	11.71908
59730	17681742.05	11.72010
59745	17681742.05	11.72112
59760	17681742.05	11.72214
59775	17681742.05	11.72316
59790	17681742.05	11.72417
59805	17681742.05	11.72518
59820	17681742.05	11.72619
59835	17681742.05	11.72720
59850	17681742.05	11.72821
59865	17681742.05	11.72922
59880	17681742.05	11.73022
59895	17681742.05	11.73122
59910	17681742.05	11.73222
59925	17681742.05	11.73322
59940	17681742.05	11.73422
59955	17681742.05	11.73521
59970	17681742.05	11.73620
59985	17681742.05	11.73720
60000	17681742.05	11.73818
60015	17681742.05	11.73917
60030	17681742.05	11.74016
60045	17681742.05	11.74114
60060	17681742.05	11.74212
60075	17681742.05	11.74310
60090	17681742.05	11.74408
60105	17681742.05	11.74506
60120	18711710.67	11.74603
60135	18711710.67	11.74701
60150	18711710.67	11.74798
60165	18711710.67	11.74895
60180	18711710.67	11.74992
60195	18711710.67	11.75088
60210	18711710.67	11.75185
60225	18711710.67	11.75281
60240	18711710.67	11.75377
60255	18711710.67	11.75473
60270	18711710.67	11.75568
60285	18711710.67	11.75664
60300	18711710.67	11.75759
60315	18711710.67	11.75854
60330	18711710.67	11.75949
60345	18711710.67	11.76044
60360	18711710.67	11.76139
60375	18711710.67	11.76233
60390	18711710.67	11.76327
60405	18711710.67	11.76421
60420	18711710.67	11.76515
60435	18711710.67	11.76609
60450	18711710.67	11.76702
60465	18711710.67	11.76796
60480	18711710.67	11.76889
60495	18711710.67	11.76982
60510	18711710.67	11.77075
60525	18711710.67	11.77167
60540	18711710.67	11.77260
60555	18711710.67	11.77352
60570	18711710.67	11.77444
60585	18711710.67	11.77536
60600	18711710.67	11.77628
60615	18711710.67	11.77719
60630	18711710.67	11.77810
60645	18711710.67	11.77902
60660	18711710.67	11.77992
60675	18711710.67	11.78083
60690	18711710.67	11.78174
60705	18711710.67	11.78264
60720	18711710.67	11.78354
60735	18711710.67	11.78445
60750	18711710.67	11.78534
60765	18711710.67	11.78624
60780	18711710.67	11.78714
60795	18711710.67	11.78803
60810	18711710.67	11.78892
60825	18711710.67	11.78981
60840	18711710.67	11.79070
60855	18711710.67	11.79158
60870	18711710.67	11.79247
60885	18711710.67	11.79335
60900	18711710.67	11.79423
60915	18711710.67	11.79511
60930	18711710.67	11.79599
60945	18711710.67	11.79686
60960	18711710.67	11.79773
60975	18711710.67	11.79860
60990	18711710.67	11.79947
61005	18711710.67	11.80034
61020	18711710.67	11.80121
61035	18711710.67	11.80207
61050	18711710.67	11.80293
61065	18711710.67	11.80379
61080	18711710.67	11.80465
61095	18711710.67	11.80551
61110	18711710.67	11.80636
61125	18711710.67	11.80722
61140	18711710.67	11.80807
61155	18711710.67	11.80892
61170	18711710.67	11.80976
61185	18711710.67	11.81061
61200	18711710.67	11.81145
61215	18711710.67	11.81229
61230	18711710.67	11.81313
61245	18711710.67	11.81397
61260	18711710.67	11.81481
61275	18711710.67	11.81564
61290	18711710.67	11.81648
61305	18711710.67	11.81731
61320	18711710.67	11.81814
61335	18711710.67	11.81896
61350	18711710.67	11.81979
61365	18711710.67	11.82061
61380	18711710.67	11.82143
61395	18711710.67	11.82225
61410	18711710.67	11.82307
61425	18711710.67	11.82389
61440	18711710.67	11.82470
61455	18711710.67	11.82551
61470	18711710.67	11.82632
61485	18711710.67	11.82713
61500	18711710.67	11.82794
61515	18711710.67	11.82874
61530	18711710.67	11.82955
61545	18711710.67	11.83035
61560	18711710.67	11.83115
61575	18711710.67	11.83195
61590	18711710.67	11.83274
61605	18711710.67	11.83354
61620	18711710.67	11.83433
61635	18711710.67	11.83512
61650	18711710.67	11.83591
61665	18711710.67	11.83669
61680	18711710.67	11.83748
61695	18711710.67	11.83826
61710	18711710.67	11.83904
61725	18711710.67	11.83982
61740	18711710.67	11.84060
61755	18711710.67	11.84137
61770	18711710.67	11.84215
61785	18711710.67	11.84292
61800	18711710.67	11.84369
61815	18711710.67	11.84446
61830	18711710.67	11.84522
61845	18711710.67	11.84599
61860	18711710.67	11.84675
61875	18711710.67	11.84751
61890	18711710.67	11.84827
61905	18711710.67	11.84903
61920	18711710.67	11.84978
61935	18711710.67	11.85053
61950	18711710.67	11.85129
61965	18711710.67	11.85204
61980	18981734.46	11.85278
61995	18981734.46	11.85353
62010	18981734.46	11.85427
62025	18981734.46	11.85501
62040	18981734.46	11.85575
62055	18981734.46	11.85649
62070	18981734.46	11.85723
62085	18981734.46	11.85796
62100	18981734.46	11.85870
62115	18981734.46	11.85943
62130	18981734.46	11.86016
62145	18981734.46	11.86088
62160	18981734.46	11.86161
62175	18981734.46	11.86233
62190	18981734.46	11.86305
62205	18981734.46	11.86377
62220	18981734.46	11.86449
62235	18981734.46	11.86521
62250	18981734.46	11.86592
62265	18981734.46	11.86663
62280	18981734.46	11.86734
62295	18981734.46	11.86805
62310	18981734.46	11.86876
62325	18981734.46	11.86946
62340	18981734.46	11.87017
62355	18981734.46	11.87087
62370	18981734.46	11.87157
62385	18981734.46	11.87226
62400	18981734.46	11.87296
62415	18981734.46	11.87365
62430	18981734.46	11.87435
62445	18981734.46	11.87503
62460	18981734.46	11.87572
62475	18981734.46	11.87641
62490	18981734.46	11.87709
62505	18981734.46	11.87778
62520	18981734.46	11.87846
62535	18981734.46	11.87913
62550	18981734.46	11.87981
62565	18981734.46	11.88049
62580	18981734.46	11.88116
62595	18981734.46	11.88183
62610	18981734.46	11.88250
62625	18981734.46	11.88317
62640	18981734.46	11.88383
62655	18981734.46	11.88450
62670	18981734.46	11.88516
62685	18981734.46	11.88582
62700	18981734.46	11.88648
62715	18981734.46	11.88713
62730	18981734.46	11.88779
62745	18981734.46	11.88844
62760	18981734.46	11.88909
62775	18981734.46	11.88974
62790	18981734.46	11.89038
62805	18981734.46	11.89103
62820	18981734.46	11.89167
62835	18981734.46	11.89231
62850	18981734.46	11.89295
62865	18981734.46	11.89359
62880	18981734.46	11.89423
62895	18981734.46	11.89486
62910	18981734.46	11.89549
62925	18981734.46	11.89612
62940	18981734.46	11.89675
62955	18981734.46	11.89738
62970	18981734.46	11.89800
62985	18981734.46	11.89862
63000	18981734.46	11.89924
63015	18981734.46	11.89986
63030	18981734.46	11.90048
63045	18981734.46	11.90109
63060	18981734.46	11.90171
63075	18981734.46	11.90232
63090	18981734.46	11.90293
63105	18981734.46	11.90353
63120	18981734.46	11.90414
63135	18981734.46	11.90474
63150	18981734.46	11.90534
63165	15861414.13	11.90594
63180	18408803.18	11.90654
63195	18408803.18	11.90714
63210	18408803.18	11.90773
63225	18408803.18	11.90832
63240	18408803.18	11.90891
63255	18408803.18	11.90950
63270	18408803.18	11.91009
63285	18408803.18	11.91067
63300	18408803.18	11.91126
63315	18408803.18	11.91184
63330	18408803.18	11.91242
63345	18408803.18	11.91299
63360	18408803.18	11.91357
63375	18408803.18	11.91414
63390	18408803.18	11.91471
63405	18408803.18	11.91528
63420	18408803.18	11.91585
63435	18408803.18	11.91642
63450	18408803.18	11.91698
63465	18408803.18	11.91754
63480	18408803.18	11.91810
63495	18408803.18	11.91866
63510	18408803.18	11.91922
63525	18408803.18	11.91977
63540	18408803.18	11.92033
63555	18408803.18	11.92088
63570	18408803.18	11.92142
63585	18408803.18	11.92197
63600	18408803.18	11.92252
63615	18408803.18	11.92306
63630	18408803.18	11.92360
63645	18408803.18	11.92414
63660	18408803.18	11.92468
63675	18408803.18	11.92521
63690	18408803.18	11.92575
63705	18408803.18	11.92628
63720	18408803.18	11.92681
63735	18408803.18	11.92734
63750	18408803.18	11.92786
63765	18408803.18	11.92839
63780	18408803.18	11.92891
63795	18408803.18	11.92943
63810	18408803.18	11.92995
63825	18408803.18	11.93047
63840	18408803.18	11.93098
63855	18408803.18	11.93149
63870	18408803.18	11.93200
63885	18408803.18	11.93251
63900	18408803.18	11.93302
63915	18408803.18	11.93353
63930	18408803.18	11.93403
63945	18408803.18	11.93453
63960	18408803.18	11.93503
63975	18408803.18	11.93553
63990	18408803.18	11.93602
64005	18408803.18	11.93652
64020	18408803.18	11.93701
64035	18408803.18	11.93750
64050	18408803.18	11.93799
64065	18408803.18	11.93847
64080	18408803.18	11.93896
64095	18408803.18	11.93944
64110	18408803.18	11.93992
64125	18408803.18	11.94040
64140	18408803.18	11.94088
64155	18408803.18	11.94135
64170	18408803.18	11.94182
64185	18408803.18	11.94230
64200	18408803.18	11.94276
64215	18408803.18	11.94323
64230	18408803.18	11.94370
64245	18408803.18	11.94416
64260	18408803.18	11.94462
64275	18408803.18	11.94508
64290	18408803.18	11.94554
64305	18408803.18	11.94600
64320	18408803.18	11.94645
64335	18408803.18	11.94690
64350	18408803.18	11.94735
64365	18408803.18	11.94780
64380	18408803.18	11.94825
64395	18408803.18	11.94869
64410	18408803.18	11.94913
64425	18408803.18	11.94957
64440	18408803.18	11.95001
64455	18408803.18	11.95045
64470	18408803.18	11.95088
64485	18408803.18	11.95132
64500	18408803.18	11.95175
64515	18408803.18	11.95218
64530	18408803.18	11.95260
64545	18408803.18	11.95303
64560	18408803.18	11.95345
64575	18408803.18	11.95388
64590	18408803.18	11.95429
64605	18408803.18	11.95471
64620	18408803.18	11.95513
64635	18408803.18	11.95554
64650	18408803.18	11.95595
64665	18408803.18	11.95636
64680	18408803.18	11.95677
64695	18408803.18	11.95718
64710	18408803.18	11.95758
64725	18408803.18	11.95799
64740	18408803.18	11.95839
64755	18408803.18	11.95879
64770	18408803.18	11.95918
64785	18408803.18	11.95958
64800	18408803.18	11.95997
64815	18408803.18	11.96036
64830	18408803.18	11.96075
64845	18408803.18	11.96114
64860	18408803.18	11.96152
64875	18408803.18	11.96191
64890	18408803.18	11.96229
64905	18408803.18	11.96267
64920	18408803.18	11.96304
64935	18408803.18	11.96342
64950	18408803.18	11.96379
64965	18408803.18	11.96417
64980	18408803.18	11.96454
64995	18408803.18	11.96490
65010	18408803.18	11.96527
65025	18408803.18	11.96564
65040	18408803.18	11.96600
65055	18408803.18	11.96636
65070	18408803.18	11.96672
65085	18408803.18	11.96707
65100	18408803.18	11.96743
65115	18408803.18	11.96778
65130	18408803.18	11.96813
65145	18408803.18	11.96848
65160	18408803.18	11.96883
65175	18408803.18	11.96917
65190	18408803.18	11.96952
65205	18408803.18	11.96986
65220	18408803.18	11.97020
65235	18408803.18	11.97053
65250	18408803.18	11.97087
65265	18408803.18	11.97120
65280	18408803.18	11.97154
65295	18408803.18	11.97187
65310	18408803.18	11.97219
65325	18408803.18	11.97252
65340	18408803.18	11.97284
65355	18408803.18	11.97317
65370	18408803.18	11.97349
65385	18408803.18	11.97380
65400	18408803.18	11.97412
65415	18408803.18	11.97443
65430	18408803.18	11.97475
65445	18408803.18	11.97506
65460	18408803.18	11.97537
65475	18408803.18	11.97567
65490	18408803.18	11.97598
65505	18408803.18	11.97628
65520	18408803.18	11.97658
65535	18408803.18	11.97688
65550	18408803.18	11.97718
65565	18408803.18	11.97747
65580	18408803.18	11.97777
65595	18408803.18	11.97806
65610	18408803.18	11.97835
65625	18408803.18	11.97864
65640	18408803.18	11.97892
65655	18408803.18	11.97921
65670	18408803.18	11.97949
65685	18408803.18	11.97977
65700	18408803.18	11.98005
65715	18408803.18	11.98032
65730	18408803.18	11.98060
65745	18408803.18	11.98087
65760	18408803.18	11.98114
65775	18408803.18	11.98141
65790	18408803.18	11.98167
65805	18408803.18	11.98194
65820	18408803.18	11.98220
65835	18408803.18	11.98246
65850	18408803.18	11.98272
65865	18408803.18	11.98298
65880	18408803.18	11.98323
65895	18408803.18	11.98349
65910	18408803.18	11.98374
65925	18408803.18	11.98399
65940	18408803.18	11.98423
65955	18408803.18	11.98448
65970	18408803.18	11.98472
65985	18408803.18	11.98496
66000	18408803.18	11.98520
66015	18408803.18	11.98544
66030	18408803.18	11.98568
66045	18408803.18	11.98591
66060	18408803.18	11.98614
66075	18408803.18	11.98637
66090	18408803.18	11.98660
66105	18408803.18	11.98683
66120	18408803.18	11.98705
66135	18408803.18	11.98727
66150	18408803.18	11.98750
66165	18408803.18	11.98771
66180	18408803.18	11.98793
66195	18408803.18	11.98814
66210	18408803.18	11.98836
66225	18408803.18	11.98857
66240	18408803.18	11.98878
66255	18408803.18	11.98898
66270	18408803.18	11.98919
66285	18408803.18	11.98939
66300	18408803.18	11.98959
66315	18408803.18	11.98979
66330	18408803.18	11.98999
66345	18408803.18	11.99019
66360	18408803.18	11.99038
66375	18408803.18	11.99057
66390	18408803.18	11.99076
66405	18408803.18	11.99095
66420	18408803.18	11.99113
66435	18408803.18	11.99132
66450	18408803.18	11.99150
66465	18408803.18	11.99168
66480	18408803.18	11.99186
66495	18408803.18	11.99203
66510	18408803.18	11.99221
66525	18408803.18	11.99238
66540	18408803.18	11.99255
66555	18408803.18	11.99272
66570	18408803.18	11.99289
66585	18408803.18	11.99305
66600	18408803.18	11.99321
66615	18408803.18	11.99337
66630	18408803.18	11.99353
66645	18408803.18	11.99369
66660	18408803.18	11.99385
66675	18408803.18	11.99400
66690	18408803.18	11.99415
66705	18408803.18	11.99430
66720	18408803.18	11.99445
66735	18408803.18	11.99459
66750	18408803.18	11.99473
66765	18408803.18	11.99488
66780	18408803.18	11.99502
66795	18408803.18	11.99515
66810	18408803.18	11.99529
66825	18408803.18	11.99542
66840	18408803.18	11.99555
66855	18408803.18	11.99568
66870	18408803.18	11.99581
66885	18408803.18	11.99594
66900	18408803.18	11.99606
66915	18408803.18	11.99619
66930	18408803.18	11.99631
66945	18408803.18	11.99642
66960	18408803.18	11.99654
66975	18408803.18	11.99666
66990	18408803.18	11.99677
67005	18408803.18	11.99688
67020	18408803.18	11.99699
67035	18408803.18	11.99709
67050	18408803.18	11.99720
67065	18408803.18	11.99730
67080	18408803.18	11.99740
67095	18408803.18	11.99750
67110	18408803.18	11.99760
67125	18408803.18	11.99769
67140	18408803.18	11.99779
67155	18408803.18	11.99788
67170	18408803.18	11.99797
67185	18408803.18	11.99806
67200	18408803.18	11.99814
67215	18408803.18	11.99823
67230	18408803.18	11.99831
67245	18408803.18	11.99839
67260	18408803.18	11.99847
67275	18408803.18	11.99854
67290	18408803.18	11.99862
67305	18408803.18	11.99869
67320	18408803.18	11.99876
67335	18408803.18	11.99883
67350	18408803.18	11.99889
67365	18408803.18	11.99896
67380	18408803.18	11.99902
67395	18408803.18	11.99908
67410	18408803.18	11.99914
67425	18408803.18	11.99919
67440	18408803.18	11.99925
67455	18408803.18	11.99930
67470	18408803.18	11.99935
67485	18408803.18	11.99940
67500	18408803.18	11.99945
67515	18408803.18	11.99949
67530	18408803.18	11.99954
67545	18408803.18	11.99958
67560	18408803.18	11.99962
67575	18408803.18	11.99966
67590	18408803.18	11.99969
67605	18408803.18	11.99972
67620	18408803.18	11.99976
67635	18408803.18	11.99979
67650	18408803.18	11.99981
67665	18408803.18	11.99984
67680	18408803.18	11.99986
67695	18408803.18	11.99989
67710	18408803.18	11.99991
67725	18408803.18	11.99992
67740	18408803.18	11.99994
67755	18408803.18	11.99995
67770	18408803.18	11.99997
67785	18408803.18	11.99998
67800	18408803.18	11.99999
67815	18408803.18	11.99999
67830	18408803.18	12.00000
67845	18408803.18	12.00000
67860	18408803.18	12.00000
67875	18408803.18	12.00000
67890	18408803.18	12.00000
67905	18408803.18	11.99999
67920	18408803.18	11.99998
67935	18408803.18	11.99997
67950	18408803.18	11.99996
67965	18408803.18	11.99995
67980	18408803.18	11.99994
67995	18408803.18	11.99992
68010	18408803.18	11.99990
68025	18408803.18	11.99988
68040	18408803.18	11.99986
68055	18408803.18	11.99983
68070	18408803.18	11.99981
68085	18408803.18	11.99978
68100	18408803.18	11.99975
68115	18408803.18	11.99972
68130	18408803.18	11.99968
68145	18408803.18	11.99965
68160	18408803.18	11.99961
68175	18408803.18	11.99957
68190	18408803.18	11.99953
68205	18408803.18	11.99949
68220	18408803.18	11.99944
68235	18408803.18	11.99939
68250	18408803.18	11.99934
68265	18408803.18	11.99929
68280	18408803.18	11.99924
68295	18408803.18	11.99918
68310	18408803.18	11.99913
68325	18408803.18	11.99907
68340	18408803.18	11.99901
68355	18408803.18	11.99894
68370	18408803.18	11.99888
68385	18408803.18	11.99881
68400	18408803.18	11.99874
68415	17449299.54	11.99867
68430	17744641.38	11.99860
68445	17744641.38	11.99853
68460	17744641.38	11.99845
68475	17744641.38	11.99837
68490	17744641.38	11.99829
68505	17744641.38	11.99821
68520	17744641.38	11.99812
68535	17744641.38	11.99804
68550	17744641.38	11.99795
68565	17744641.38	11.99786
68580	17744641.38	11.99777
68595	17744641.38	11.99767
68610	17744641.38	11.99758
68625	17744641.38	11.99748
68640	17744641.38	11.99738
68655	17744641.38	11.99728
68670	17744641.38	11.99718
68685	17744641.38	11.99707
68700	17744641.38	11.99696
68715	17744641.38	11.99686
68730	17744641.38	11.99674
68745	17744641.38	11.99663
68760	17744641.38	11.99652
68775	17744641.38	11.99640
68790	17744641.38	11.99628
68805	17744641.38	11.99616
68820	17744641.38	11.99604
68835	17744641.38	11.99591
68850	17744641.38	11.99579
68865	17744641.38	11.99566
68880	17744641.38	11.99553
68895	17744641.38	11.99539
68910	17744641.38	11.99526
68925	17744641.38	11.99512
68940	17744641.38	11.99499
68955	17744641.38	11.99485
68970	17744641.38	11.99470
68985	17744641.38	11.99456
69000	17744641.38	11.99441
69015	17744641.38	11.99427
69030	17744641.38	11.99412
69045	17744641.38	11.99397
69060	17744641.38	11.99381
69075	17744641.38	11.99366
69090	17744641.38	11.99350
69105	17744641.38	11.99334
69120	17744641.38	11.99318
69135	17744641.38	11.99302
69150	17744641.38	11.99285
69165	16810693.55	11.99268
69180	18115260.3	11.99252
69195	18115260.3	11.99234
69210	18115260.3	11.99217
69225	18115260.3	11.99200
69240	18115260.3	11.99182
69255	18115260.3	11.99164
69270	18115260.3	11.99146
69285	18115260.3	11.99128
69300	18115260.3	11.99109
69315	18115260.3	11.99091
69330	18115260.3	11.99072
69345	18115260.3	11.99053
69360	18115260.3	11.99034
69375	18115260.3	11.99014
69390	18115260.3	11.98995
69405	18115260.3	11.98975
69420	18115260.3	11.98955
69435	18115260.3	11.98935
69450	18115260.3	11.98915
69465	18115260.3	11.98894
69480	18115260.3	11.98873
69495	18115260.3	11.98852
69510	18115260.3	11.98831
69525	18115260.3	11.98810
69540	18115260.3	11.98788
69555	18115260.3	11.98767
69570	18115260.3	11.98745
69585	18115260.3	11.98723
69600	18115260.3	11.98700
69615	18115260.3	11.98678
69630	18115260.3	11.98655
69645	18115260.3	11.98632
69660	18115260.3	11.98609
69675	18115260.3	11.98586
69690	18115260.3	11.98563
69705	18115260.3	11.98539
69720	18115260.3	11.98515
69735	18115260.3	11.98491
69750	18115260.3	11.98467
69765	18115260.3	11.98443
69780	18115260.3	11.98418
69795	18115260.3	11.98393
69810	18115260.3	11.98368
69825	18358074.45	11.98343
69840	18358074.45	11.98318
69855	18358074.45	11.98292
69870	18358074.45	11.98267
69885	18358074.45	11.98241
69900	18358074.45	11.98215
69915	18358074.45	11.98188
69930	18358074.45	11.98162
69945	18358074.45	11.98135
69960	18358074.45	11.98108
69975	18358074.45	11.98081
69990	18358074.45	11.98054
70005	18358074.45	11.98026
70020	18358074.45	11.97999
70035	18358074.45	11.97971
70050	18358074.45	11.97943
70065	18252939.06	11.97915
70080	18252939.06	11.97886
70095	18252939.06	11.97858
70110	18252939.06	11.97829
70125	18252939.06	11.97800
70140	18252939.06	11.97771
70155	18252939.06	11.97741
70170	18252939.06	11.97712
70185	18252939.06	11.97682
70200	18252939.06	11.97652
70215	18252939.06	11.97622
70230	18252939.06	11.97591
70245	18252939.06	11.97561
70260	18252939.06	11.97530
70275	18252939.06	11.97499
70290	18252939.06	11.97468
70305	18252939.06	11.97437
70320	18252939.06	11.97405
70335	18252939.06	11.97374
70350	18252939.06	11.97342
70365	18252939.06	11.97310
70380	18252939.06	11.97277
70395	18252939.06	11.97245
70410	18252939.06	11.97212
70425	18252939.06	11.97179
70440	18252939.06	11.97146
70455	18252939.06	11.97113
70470	18252939.06	11.97080
70485	18252939.06	11.97046
70500	18252939.06	11.97012
70515	18252939.06	11.96978
70530	18252939.06	11.96944
70545	18252939.06	11.96910
70560	18252939.06	11.96875
70575	18252939.06	11.96841
70590	18252939.06	11.96806
70605	18252939.06	11.96771
70620	18252939.06	11.96735
70635	18252939.06	11.96700
70650	18252939.06	11.96664
70665	18252939.06	11.96628
70680	18252939.06	11.96592
70695	18252939.06	11.96556
70710	18252939.06	11.96519
70725	18252939.06	11.96483
70740	18252939.06	11.96446
70755	18252939.06	11.96409
70770	18252939.06	11.96371
70785	18252939.06	11.96334
70800	18252939.06	11.96296
70815	18252939.06	11.96259
70830	18252939.06	11.96221
70845	18252939.06	11.96182
70860	18252939.06	11.96144
70875	18252939.06	11.96106
70890	18252939.06	11.96067
70905	18252939.06	11.96028
70920	18252939.06	11.95989
70935	18252939.06	11.95949
70950	18252939.06	11.95910
70965	18252939.06	11.95870
70980	18252939.06	11.95830
70995	18252939.06	11.95790
71010	18252939.06	11.95750
71025	18252939.06	11.95709
71040	18252939.06	11.95669
71055	18252939.06	11.95628
71070	18252939.06	11.95587
71085	18252939.06	11.95545
71100	18252939.06	11.95504
71115	18252939.06	11.95462
71130	18252939.06	11.95421
71145	18252939.06	11.95379
71160	18252939.06	11.95336
71175	18252939.06	11.95294
71190	18252939.06	11.95251
71205	18252939.06	11.95209
71220	18252939.06	11.95166
71235	18252939.06	11.95123
71250	18252939.06	11.95079
71265	18252939.06	11.95036
71280	18252939.06	11.94992
71295	18252939.06	11.94948
71310	18252939.06	11.94904
71325	18252939.06	11.94860
71340	18252939.06	11.94815
71355	18252939.06	11.94770
71370	18252939.06	11.94726
71385	18252939.06	11.94681
71400	18252939.06	11.94635
71415	18252939.06	11.94590
71430	18252939.06	11.94544
71445	18252939.06	11.94498
71460	18252939.06	11.94452
71475	18252939.06	11.94406
71490	18252939.06	11.94360
71505	18252939.06	11.94313
71520	18252939.06	11.94266
71535	18252939.06	11.94219
71550	18252939.06	11.94172
71565	18252939.06	11.94125
71580	18252939.06	11.94077
71595	18252939.06	11.94030
71610	18252939.06	11.93982
71625	18252939.06	11.93934
71640	18252939.06	11.93885
71655	18252939.06	11.93837
71670	18252939.06	11.93788
71685	18252939.06	11.93739
71700	18252939.06	11.93690
71715	18252939.06	11.93641
71730	18252939.06	11.93592
71745	18252939.06	11.93542
71760	18252939.06	11.93492
71775	18252939.06	11.93442
71790	18252939.06	11.93392
71805	18252939.06	11.93342
71820	18252939.06	11.93291
71835	18252939.06	11.93240
71850	18252939.06	11.93189
71865	18252939.06	11.93138
71880	18252939.06	11.93087
71895	18252939.06	11.93036
71910	18252939.06	11.92984
71925	18252939.06	11.92932
71940	18252939.06	11.92880
71955	18252939.06	11.92828
71970	18252939.06	11.92775
71985	18252939.06	11.92722
72000	18252939.06	11.92670
72015	18252939.06	11.92617
72030	17164564.36	11.92563
72045	17164564.36	11.92510
72060	17164564.36	11.92456
72075	17164564.36	11.92403
72090	17164564.36	11.92349
72105	17164564.36	11.92294
72120	17164564.36	11.92240
72135	17164564.36	11.92186
72150	17164564.36	11.92131
72165	17164564.36	11.92076
72180	17164564.36	11.92021
72195	17164564.36	11.91965
72210	17164564.36	11.91910
72225	17164564.36	11.91854
72240	17164564.36	11.91798
72255	17164564.36	11.91742
72270	17164564.36	11.91686
72285	17164564.36	11.91630
72300	17164564.36	11.91573
72315	17164564.36	11.91516
72330	17164564.36	11.91459
72345	17164564.36	11.91402
72360	17164564.36	11.91345
72375	17164564.36	11.91287
72390	17164564.36	11.91229
72405	17164564.36	11.91171
72420	17164564.36	11.91113
72435	17164564.36	11.91055
72450	17164564.36	11.90996
72465	17164564.36	11.90938
72480	17164564.36	11.90879
72495	17164564.36	11.90820
72510	17164564.36	11.90761
72525	17164564.36	11.90701
72540	17164564.36	11.90641
72555	17164564.36	11.90582
72570	17164564.36	11.90522
72585	17164564.36	11.90461
72600	17164564.36	11.90401
72615	17164564.36	11.90340
72630	17164564.36	11.90280
72645	17164564.36	11.90219
72660	17164564.36	11.90158
72675	17164564.36	11.90096
72690	17164564.36	11.90035
72705	17164564.36	11.89973
72720	17164564.36	11.89911
72735	17164564.36	11.89849
72750	17164564.36	11.89787
72765	17164564.36	11.89724
72780	17164564.36	11.89662
72795	17164564.36	11.89599
72810	17164564.36	11.89536
72825	17164564.36	11.89472
72840	17164564.36	11.89409
72855	17164564.36	11.89345
72870	17164564.36	11.89282
72885	17164564.36	11.89218
72900	17164564.36	11.89154
72915	17164564.36	11.89089
72930	17164564.36	11.89025
72945	17164564.36	11.88960
72960	17164564.36	11.88895
72975	17164564.36	11.88830
72990	17164564.36	11.88765
73005	17164564.36	11.88699
73020	17164564.36	11.88634
73035	17164564.36	11.88568
73050	17164564.36	11.88502
73065	17164564.36	11.88436
73080	17164564.36	11.88369
73095	17164564.36	11.88303
73110	17164564.36	11.88236
73125	17164564.36	11.88169
73140	17164564.36	11.88102
73155	17164564.36	11.88034
73170	17164564.36	11.87967
73185	17164564.36	11.87899
73200	17164564.36	11.87831
73215	17164564.36	11.87763
73230	17164564.36	11.87695
73245	17164564.36	11.87626
73260	17164564.36	11.87558
73275	17164564.36	11.87489
73290	17164564.36	11.87420
73305	17164564.36	11.87351
73320	17164564.36	11.87281
73335	17164564.36	11.87212
73350	17164564.36	11.87142
73365	17164564.36	11.87072
73380	17164564.36	11.87002
73395	17164564.36	11.86931
73410	17164564.36	11.86861
73425	17164564.36	11.86790
73440	17164564.36	11.86719
73455	17164564.36	11.86648
73470	17164564.36	11.86577
73485	17164564.36	11.86505
73500	17164564.36	11.86434
73515	17164564.36	11.86362
73530	17164564.36	11.86290
73545	17164564.36	11.86218
73560	17164564.36	11.86145
73575	17164564.36	11.86073
73590	17164564.36	11.86000
73605	17164564.36	11.85927
73620	17164564.36	11.85854
73635	17164564.36	11.85781
73650	17164564.36	11.85707
73665	17164564.36	11.85634
73680	17164564.36	11.85560
73695	17164564.36	11.85486
73710	17164564.36	11.85411
73725	17164564.36	11.85337
73740	17164564.36	11.85262
73755	17164564.36	11.85188
73770	17164564.36	11.85113
73785	17164564.36	11.85037
73800	17164564.36	11.84962
73815	17164564.36	11.84886
73830	17164564.36	11.84811
73845	17164564.36	11.84735
73860	17164564.36	11.84659
73875	17164564.36	11.84582
73890	17164564.36	11.84506
73905	17164564.36	11.84429
73920	17164564.36	11.84353
73935	17164564.36	11.84275
73950	17164564.36	11.84198
73965	17164564.36	11.84121
73980	17164564.36	11.84043
73995	17164564.36	11.83966
74010	17164564.36	11.83888
74025	17164564.36	11.83809
74040	17164564.36	11.83731
74055	17164564.36	11.83653
74070	17164564.36	11.83574
74085	17164564.36	11.83495
74100	17164564.36	11.83416
74115	17164564.36	11.83337
74130	17164564.36	11.83257
74145	17164564.36	11.83178
74160	17164564.36	11.83098
74175	17164564.36	11.83018
74190	17164564.36	11.82938
74205	17164564.36	11.82857
74220	17164564.36	11.82777
74235	17164564.36	11.82696
74250	17164564.36	11.82615
74265	17164564.36	11.82534
74280	17164564.36	11.82453
74295	17164564.36	11.82371
74310	17164564.36	11.82290
74325	17164564.36	11.82208
74340	17164564.36	11.82126
74355	17164564.36	11.82044
74370	17164564.36	11.81961
74385	17164564.36	11.81879
74400	17164564.36	11.81796
74415	17164564.36	11.81713
74430	17164564.36	11.81630
74445	17164564.36	11.81547
74460	17164564.36	11.81463
74475	17164564.36	11.81379
74490	17164564.36	11.81296
74505	17164564.36	11.81212
74520	17164564.36	11.81127
74535	17164564.36	11.81043
74550	17164564.36	11.80958
74565	17164564.36	11.80874
74580	17164564.36	11.80789
74595	17164564.36	11.80703
74610	17164564.36	11.80618
74625	17164564.36	11.80533
74640	17164564.36	11.80447
74655	17164564.36	11.80361
74670	17164564.36	11.80275
74685	17164564.36	11.80189
74700	17164564.36	11.80102
74715	17164564.36	11.80016
74730	17164564.36	11.79929
74745	17164564.36	11.79842
74760	17164564.36	11.79755
74775	17164564.36	11.79667
74790	17164564.36	11.79580
74805	17164564.36	11.79492
74820	17164564.36	11.79404
74835	17164564.36	11.79316
74850	17164564.36	11.79228
74865	17164564.36	11.79139
74880	17164564.36	11.79051
74895	17164564.36	11.78962
74910	17164564.36	11.78873
74925	17164564.36	11.78784
74940	17164564.36	11.78695
74955	17164564.36	11.78605
74970	17164564.36	11.78515
74985	17164564.36	11.78425
75000	17164564.36	11.78335
75015	17164564.36	11.78245
75030	17164564.36	11.78155
75045	17164564.36	11.78064
75060	17164564.36	11.77973
75075	17164564.36	11.77882
75090	17164564.36	11.77791
75105	17164564.36	11.77700
75120	17164564.36	11.77608
75135	17164564.36	11.77516
75150	17164564.36	11.77424
75165	17164564.36	11.77332
75180	17164564.36	11.77240
75195	17164564.36	11.77148
75210	17164564.36	11.77055
75225	17164564.36	11.76962
75240	17164564.36	11.76869
75255	17164564.36	11.76776
75270	17164564.36	11.76683
75285	17164564.36	11.76589
75300	17164564.36	11.76495
75315	17164564.36	11.76401
75330	17164564.36	11.76307
75345	17164564.36	11.76213
75360	17164564.36	11.76119
75375	17164564.36	11.76024
75390	17164564.36	11.75929
75405	17164564.36	11.75834
75420	17164564.36	11.75739
75435	17164564.36	11.75644
75450	17164564.36	11.75548
75465	17164564.36	11.75452
75480	17164564.36	11.75356
75495	17164564.36	11.75260
75510	17164564.36	11.75164
75525	17164564.36	11.75068
75540	17164564.36	11.74971
75555	17164564.36	11.74874
75570	17164564.36	11.74777
75585	17164564.36	11.74680
75600	17164564.36	11.74583
75615	17164564.36	11.74485
75630	17164564.36	11.74387
75645	17164564.36	11.74290
75660	17164564.36	11.74191
75675	17164564.36	11.74093
75690	17164564.36	11.73995
75705	17164564.36	11.73896
75720	17164564.36	11.73797
75735	17164564.36	11.73698
75750	17164564.36	11.73599
75765	17164564.36	11.73500
75780	17164564.36	11.73400
75795	17164564.36	11.73301
75810	17164564.36	11.73201
75825	17164564.36	11.73101
75840	17164564.36	11.73001
75855	17164564.36	11.72900
75870	17164564.36	11.72800
75885	17164564.36	11.72699
75900	17164564.36	11.72598
75915	17164564.36	11.72497
75930	17164564.36	11.72395
75945	17164564.36	11.72294
75960	17164564.36	11.72192
75975	17164564.36	11.72090
75990	17164564.36	11.71988
76005	17164564.36	11.71886
76020	17164564.36	11.71784
76035	17164564.36	11.71681
76050	17164564.36	11.71578
76065	17164564.36	11.71475
76080	17164564.36	11.71372
76095	17164564.36	11.71269
76110	17164564.36	11.71166
76125	17164564.36	11.71062
76140	17164564.36	11.70958
76155	17164564.36	11.70854
76170	17164564.36	11.70750
76185	17164564.36	11.70646
76200	17164564.36	11.70541
76215	17164564.36	11.70436
76230	17164564.36	11.70331
76245	17164564.36	11.70226
76260	17164564.36	11.70121
76275	17164564.36	11.70016
76290	17164564.36	11.69910
76305	17164564.36	11.69804
76320	17164564.36	11.69698
76335	17164564.36	11.69592
76350	17164564.36	11.69486
76365	17164564.36	11.69379
76380	17164564.36	11.69273
76395	17164564.36	11.69166
76410	17164564.36	11.69059
76425	17164564.36	11.68952
76440	17164564.36	11.68844
76455	17164564.36	11.68737
76470	17164564.36	11.68629
76485	17164564.36	11.68521
76500	17164564.36	11.68413
76515	17164564.36	11.68305
76530	17164564.36	11.68196
76545	17164564.36	11.68087
76560	17164564.36	11.67979
76575	17164564.36	11.67870
76590	17164564.36	11.67761
76605	17164564.36	11.67651
76620	17164564.36	11.67542
76635	17164564.36	11.67432
76650	17164564.36	11.67322
76665	17164564.36	11.67212
76680	17164564.36	11.67102
76695	17164564.36	11.66991
76710	17164564.36	11.66881
76725	17164564.36	11.66770
76740	17164564.36	11.66659
76755	17164564.36	11.66548
76770	17164564.36	11.66437
76785	17164564.36	11.66325
76800	17164564.36	11.66214
76815	17164564.36	11.66102
76830	17164564.36	11.65990
76845	17164564.36	11.65878
76860	17164564.36	11.65765
76875	17164564.36	11.65653
76890	17164564.36	11.65540
76905	17164564.36	11.65427
76920	17164564.36	11.65314
76935	17164564.36	11.65201
76950	17164564.36	11.65087
76965	17164564.36	11.64974
76980	17164564.36	11.64860
76995	17164564.36	11.64746
77010	17164564.36	11.64632
77025	17164564.36	11.64518
77040	17164564.36	11.64403
77055	17164564.36	11.64289
77070	17164564.36	11.64174
77085	17164564.36	11.64059
77100	17164564.36	11.63944
77115	17164564.36	11.63828
77130	17164564.36	11.63713
77145	17164564.36	11.63597
77160	17164564.36	11.63481
77175	17164564.36	11.63365
77190	17164564.36	11.63249
77205	17164564.36	11.63133
77220	17164564.36	11.63016
77235	17164564.36	11.62899
77250	17164564.36	11.62782
77265	17164564.36	11.62665
77280	17164564.36	11.62548
77295	17164564.36	11.62431
77310	17164564.36	11.62313
77325	17164564.36	11.62195
77340	17164564.36	11.62077
77355	17164564.36	11.61959
77370	17164564.36	11.61841
77385	17164564.36	11.61722
77400	17164564.36	11.61604
77415	17164564.36	11.61485
77430	17164564.36	11.61366
77445	17164564.36	11.61247
77460	17164564.36	11.61127
77475	17164564.36	11.61008
77490	17164564.36	11.60888
77505	17164564.36	11.60768
77520	17164564.36	11.60648
77535	17164564.36	11.60528
77550	17164564.36	11.60407
77565	17164564.36	11.60287
77580	17164564.36	11.60166
77595	17164564.36	11.60045
77610	17164564.36	11.59924
77625	17164564.36	11.59803
77640	17164564.36	11.59681
77655	17164564.36	11.59560
77670	17164564.36	11.59438
77685	17164564.36	11.59316
77700	17164564.36	11.59194
77715	17164564.36	11.59071
77730	17164564.36	11.58949
77745	17164564.36	11.58826
77760	17164564.36	11.58703
77775	17164564.36	11.58580
77790	17164564.36	11.58457
77805	17164564.36	11.58334
77820	17164564.36	11.58210
77835	17164564.36	11.58087
77850	17164564.36	11.57963
77865	17164564.36	11.57839
77880	17164564.36	11.57714
77895	17164564.36	11.57590
77910	17164564.36	11.57466
77925	17164564.36	11.57341
77940	17164564.36	11.57216
77955	17164564.36	11.57091
77970	17164564.36	11.56966
77985	17164564.36	11.56840
78000	17164564.36	11.56715
78015	17164564.36	11.56589
78030	17164564.36	11.56463
78045	17164564.36	11.56337
78060	17164564.36	11.56210
78075	17164564.36	11.56084
78090	17164564.36	11.55957
78105	17164564.36	11.55831
78120	17164564.36	11.55704
78135	17164564.36	11.55576
78150	17164564.36	11.55449
78165	17164564.36	11.55322
78180	17164564.36	11.55194
78195	17164564.36	11.55066
78210	17164564.36	11.54938
78225	17164564.36	11.54810
78240	17164564.36	11.54682
78255	17164564.36	11.54553
78270	17164564.36	11.54424
78285	17164564.36	11.54296
78300	17164564.36	11.54167
78315	17164564.36	11.54037
78330	17164564.36	11.53908
78345	17164564.36	11.53778
78360	17164564.36	11.53649
78375	17164564.36	11.53519
78390	17164564.36	11.53389
78405	17164564.36	11.53259
78420	17164564.36	11.53128
78435	17164564.36	11.52998
78450	17164564.36	11.52867
78465	17164564.36	11.52736
78480	17164564.36	11.52605
78495	17164564.36	11.52474
78510	17164564.36	11.52342
78525	17164564.36	11.52211
78540	17164564.36	11.52079
78555	17164564.36	11.51947
78570	17164564.36	11.51815
78585	17164564.36	11.51683
78600	17164564.36	11.51550
78615	17164564.36	11.51418
78630	17164564.36	11.51285
78645	17164564.36	11.51152
78660	17164564.36	11.51019
78675	17164564.36	11.50886
78690	17164564.36	11.50752
78705	17206987.54	11.50618
78720	17206987.54	11.50485
78735	17206987.54	11.50351
78750	17206987.54	11.50217
78765	17206987.54	11.50082
78780	17206987.54	11.49948
78795	17206987.54	11.49813
78810	17206987.54	11.49678
78825	17206987.54	11.49543
78840	17206987.54	11.49408
78855	17206987.54	11.49273
78870	17206987.54	11.49138
78885	17206987.54	11.49002
78900	17206987.54	11.48866
78915	17206987.54	11.48730
78930	17206987.54	11.48594
78945	17206987.54	11.48458
78960	17206987.54	11.48321
78975	17206987.54	11.48185
78990	17206987.54	11.48048
79005	17206987.54	11.47911
79020	17206987.54	11.47774
79035	17206987.54	11.47636
79050	17206987.54	11.47499
79065	17206987.54	11.47361
79080	17206987.54	11.47223
79095	17206987.54	11.47085
79110	17206987.54	11.46947
79125	17206987.54	11.46809
79140	17206987.54	11.46670
79155	17206987.54	11.46532
79170	17206987.54	11.46393
79185	17206987.54	11.46254
79200	17206987.54	11.46115
79215	16458948.63	11.45975
79230	15760909.34	11.45836
79245	18280335.11	11.45696
79260	18280335.11	11.45556
79275	18280335.11	11.45416
79290	18280335.11	11.45276
79305	18280335.11	11.45136
79320	18280335.11	11.44995
79335	18280335.11	11.44855
79350	18280335.11	11.44714
79365	18280335.11	11.44573
79380	18280335.11	11.44432
79395	18280335.11	11.44290
79410	18280335.11	11.44149
79425	18280335.11	11.44007
79440	18280335.11	11.43866
79455	18280335.11	11.43724
79470	18280335.11	11.43581
79485	18280335.11	11.43439
79500	18280335.11	11.43297
79515	18280335.11	11.43154
79530	18280335.11	11.43011
79545	18280335.11	11.42868
79560	18280335.11	11.42725
79575	18280335.11	11.42582
79590	18280335.11	11.42438
79605	18280335.11	11.42295
79620	18280335.11	11.42151
79635	18280335.11	11.42007
79650	18280335.11	11.41863
79665	18280335.11	11.41718
79680	18280335.11	11.41574
79695	18280335.11	11.41429
79710	18280335.11	11.41284
79725	18280335.11	11.41139
79740	18280335.11	11.40994
79755	18280335.11	11.40849
79770	18280335.11	11.40704
79785	18280335.11	11.40558
79800	18280335.11	11.40412
79815	18280335.11	11.40266
79830	18280335.11	11.40120
79845	18280335.11	11.39974
79860	18280335.11	11.39827
79875	18280335.11	11.39681
79890	18280335.11	11.39534
79905	18280335.11	11.39387
79920	18280335.11	11.39240
79935	18280335.11	11.39093
79950	18280335.11	11.38945
79965	18280335.11	11.38798
79980	18280335.11	11.38650
79995	18280335.11	11.38502
80010	18280335.11	11.38354
80025	18280335.11	11.38206
80040	18280335.11	11.38057
80055	18280335.11	11.37909
80070	18280335.11	11.37760
80085	18280335.11	11.37611
80100	18280335.11	11.37462
80115	18280335.11	11.37313
80130	18280335.11	11.37164
80145	18280335.11	11.37014
80160	18280335.11	11.36864
80175	18280335.11	11.36714
80190	18280335.11	11.36564
80205	18280335.11	11.36414
80220	18280335.11	11.36264
80235	18280335.11	11.36113
80250	18280335.11	11.35963
80265	18280335.11	11.35812
80280	18280335.11	11.35661
80295	18280335.11	11.35510
80310	18280335.11	11.35358
80325	18280335.11	11.35207
80340	18280335.11	11.35055
80355	18280335.11	11.34903
80370	18280335.11	11.34751
80385	18280335.11	11.34599
80400	18280335.11	11.34447
80415	18280335.11	11.34295
80430	18280335.11	11.34142
80445	18280335.11	11.33989
80460	18280335.11	11.33836
80475	18280335.11	11.33683
80490	18280335.11	11.33530
80505	18280335.11	11.33376
80520	18280335.11	11.33223
80535	18280335.11	11.33069
80550	18280335.11	11.32915
80565	18280335.11	11.32761
80580	18280335.11	11.32607
80595	18280335.11	11.32453
80610	18280335.11	11.32298
80625	18280335.11	11.32143
80640	18280335.11	11.31988
80655	18280335.11	11.31833
80670	18280335.11	11.31678
80685	18280335.11	11.31523
80700	18280335.11	11.31367
80715	18280335.11	11.31212
80730	18280335.11	11.31056
80745	18280335.11	11.30900
80760	18280335.11	11.30744
80775	18280335.11	11.30587
80790	18280335.11	11.30431
80805	18280335.11	11.30274
80820	18280335.11	11.30118
80835	18280335.11	11.29961
80850	18280335.11	11.29803
80865	18280335.11	11.29646
80880	18280335.11	11.29489
80895	18280335.11	11.29331
80910	18280335.11	11.29173
80925	18280335.11	11.29016
80940	18280335.11	11.28858
80955	18280335.11	11.28699
80970	18280335.11	11.28541
80985	18280335.11	11.28382
81000	18280335.11	11.28224
81015	18280335.11	11.28065
81030	18280335.11	11.27906
81045	18007377.47	11.27747
81060	18007377.47	11.27587
81075	18007377.47	11.27428
81090	18007377.47	11.27268
81105	18007377.47	11.27109
81120	18007377.47	11.26949
81135	18007377.47	11.26788
81150	18007377.47	11.26628
81165	16924325.41	11.26468
81180	17805625.35	11.26307
81195	17805625.35	11.26146
81210	17805625.35	11.25986
81225	17805625.35	11.25824
81240	17805625.35	11.25663
81255	17805625.35	11.25502
81270	17805625.35	11.25340
81285	17805625.35	11.25179
81300	17805625.35	11.25017
81315	17805625.35	11.24855
81330	17805625.35	11.24693
81345	17805625.35	11.24530
81360	17805625.35	11.24368
81375	17805625.35	11.24205
81390	17805625.35	11.24043
81405	17805625.35	11.23880
81420	17805625.35	11.23716
81435	17805625.35	11.23553
81450	17805625.35	11.23390
81465	17805625.35	11.23226
81480	17805625.35	11.23063
81495	17805625.35	11.22899
81510	17805625.35	11.22735
81525	17805625.35	11.22570
81540	17805625.35	11.22406
81555	17805625.35	11.22242
81570	17805625.35	11.22077
81585	17805625.35	11.21912
81600	17805625.35	11.21747
81615	17805625.35	11.21582
81630	17805625.35	11.21417
81645	17805625.35	11.21251
81660	17805625.35	11.21086
81675	17805625.35	11.20920
81690	17805625.35	11.20754
81705	17805625.35	11.20588
81720	17805625.35	11.20422
81735	17805625.35	11.20256
81750	17805625.35	11.20089
81765	17805625.35	11.19922
81780	17805625.35	11.19756
81795	17805625.35	11.19589
81810	17882811.38	11.19422
81825	17882811.38	11.19254
81840	17882811.38	11.19087
81855	17882811.38	11.18919
81870	17882811.38	11.18752
81885	17882811.38	11.18584
81900	17882811.38	11.18416
81915	17882811.38	11.18247
81930	17882811.38	11.18079
81945	17882811.38	11.17911
81960	17882811.38	11.17742
81975	17882811.38	11.17573
81990	17882811.38	11.17404
82005	17882811.38	11.17235
82020	17882811.38	11.17066
82035	17882811.38	11.16896
82050	17882811.38	11.16727
82065	17882811.38	11.16557
82080	17882811.38	11.16387
82095	17882811.38	11.16217
82110	17882811.38	11.16047
82125	17882811.38	11.15877
82140	17882811.38	11.15706
82155	17882811.38	11.15535
82170	17882811.38	11.15365
82185	17882811.38	11.15194
82200	17882811.38	11.15023
82215	17882811.38	11.14851
82230	17882811.38	11.14680
82245	17882811.38	11.14508
82260	17882811.38	11.14337
82275	17882811.38	11.14165
82290	17882811.38	11.13993
82305	17882811.38	11.13821
82320	17882811.38	11.13648
82335	17882811.38	11.13476
82350	17882811.38	11.13303
82365	17882811.38	11.13130
82380	17882811.38	11.12957
82395	17882811.38	11.12784
82410	17882811.38	11.12611
82425	17882811.38	11.12438
82440	17882811.38	11.12264
82455	17882811.38	11.12091
82470	17882811.38	11.11917
82485	17882811.38	11.11743
82500	17882811.38	11.11569
82515	17882811.38	11.11394
82530	17882811.38	11.11220
82545	17882811.38	11.11045
82560	17882811.38	11.10871
82575	17882811.38	11.10696
82590	17882811.38	11.10521
82605	17882811.38	11.10346
82620	17882811.38	11.10170
82635	17882811.38	11.09995
82650	17882811.38	11.09819
82665	17882811.38	11.09643
82680	17882811.38	11.09467
82695	17882811.38	11.09291
82710	17882811.38	11.09115
82725	17882811.38	11.08939
82740	17882811.38	11.08762
82755	17882811.38	11.08586
82770	17882811.38	11.08409
82785	17882811.38	11.08232
82800	17882811.38	11.08055
82815	17882811.38	11.07877
82830	17882811.38	11.07700
82845	17882811.38	11.07523
82860	17882811.38	11.07345
82875	17882811.38	11.07167
82890	17882811.38	11.06989
82905	17882811.38	11.06811
82920	17882811.38	11.06632
82935	17882811.38	11.06454
82950	17882811.38	11.06275
82965	17882811.38	11.06097
82980	17882811.38	11.05918
82995	17882811.38	11.05739
83010	17882811.38	11.05560
83025	17882811.38	11.05380
83040	17882811.38	11.05201
83055	17882811.38	11.05021
83070	18081647.8	11.04841
83085	18081647.8	11.04661
83100	18081647.8	11.04481
83115	18081647.8	11.04301
83130	18081647.8	11.04121
83145	18081647.8	11.03940
83160	18081647.8	11.03760
83175	18081647.8	11.03579
83190	18081647.8	11.03398
83205	18081647.8	11.03217
83220	18081647.8	11.03036
83235	18081647.8	11.02854
83250	18081647.8	11.02673
83265	18081647.8	11.02491
83280	18081647.8	11.02309
83295	18081647.8	11.02127
83310	18081647.8	11.01945
83325	18081647.8	11.01763
83340	18081647.8	11.01580
83355	18081647.8	11.01398
83370	18081647.8	11.01215
83385	18081647.8	11.01032
83400	18081647.8	11.00849
83415	18081647.8	11.00666
83430	18081647.8	11.00483
83445	18081647.8	11.00299
83460	18081647.8	11.00116
83475	18081647.8	10.99932
83490	18081647.8	10.99748
83505	18081647.8	10.99564
83520	18081647.8	10.99380
83535	18081647.8	10.99196
83550	18081647.8	10.99011
83565	18081647.8	10.98827
83580	18081647.8	10.98642
83595	18081647.8	10.98457
83610	18081647.8	10.98272
83625	18081647.8	10.98087
83640	18081647.8	10.97902
83655	18081647.8	10.97716
83670	18081647.8	10.97531
83685	18081647.8	10.97345
83700	18081647.8	10.97159
83715	18081647.8	10.96973
83730	18081647.8	10.96787
83745	18081647.8	10.96601
83760	18081647.8	10.96414
83775	18081647.8	10.96228
83790	18081647.8	10.96041
83805	18081647.8	10.95854
83820	18081647.8	10.95667
83835	18081647.8	10.95480
83850	18081647.8	10.95293
83865	18081647.8	10.95105
83880	18081647.8	10.94917
83895	18081647.8	10.94730
83910	18081647.8	10.94542
83925	18081647.8	10.94354
83940	18081647.8	10.94166
83955	18081647.8	10.93977
83970	18081647.8	10.93789
83985	18081647.8	10.93600
84000	18081647.8	10.93412
84015	18081647.8	10.93223
84030	18081647.8	10.93034
84045	18081647.8	10.92845
84060	18081647.8	10.92655
84075	18081647.8	10.92466
84090	18081647.8	10.92276
84105	18081647.8	10.92087
84120	18081647.8	10.91897
84135	18081647.8	10.91707
84150	18081647.8	10.91517
84165	18081647.8	10.91326
84180	18081647.8	10.91136
84195	18081647.8	10.90945
84210	18081647.8	10.90755
84225	18081647.8	10.90564
84240	18081647.8	10.90373
84255	18081647.8	10.90182
84270	18081647.8	10.89991
84285	18081647.8	10.89799
84300	18081647.8	10.89608
84315	18081647.8	10.89416
84330	18081647.8	10.89224
84345	18081647.8	10.89032
84360	18081647.8	10.88840
84375	18081647.8	10.88648
84390	18081647.8	10.88455
84405	18081647.8	10.88263
84420	18081647.8	10.88070
84435	18081647.8	10.87878
84450	18081647.8	10.87685
84465	18081647.8	10.87492
84480	18081647.8	10.87298
84495	18081647.8	10.87105
84510	18081647.8	10.86911
84525	18081647.8	10.86718
84540	18081647.8	10.86524
84555	18081647.8	10.86330
84570	18081647.8	10.86136
84585	18081647.8	10.85942
84600	18081647.8	10.85748
84615	18081647.8	10.85553
84630	18081647.8	10.85359
84645	18081647.8	10.85164
84660	18081647.8	10.84969
84675	18081647.8	10.84774
84690	18081647.8	10.84579
84705	18081647.8	10.84384
84720	18081647.8	10.84188
84735	18081647.8	10.83993
84750	18081647.8	10.83797
84765	18081647.8	10.83601
84780	15334504.25	10.83405
84795	17393462.28	10.83209
84810	17393462.28	10.83013
84825	17393462.28	10.82817
84840	17393462.28	10.82620
84855	17393462.28	10.82423
84870	17393462.28	10.82227
84885	17393462.28	10.82030
84900	17393462.28	10.81833
84915	17393462.28	10.81635
84930	17393462.28	10.81438
84945	17393462.28	10.81241
84960	17393462.28	10.81043
84975	17393462.28	10.80845
84990	17393462.28	10.80648
85005	17393462.28	10.80450
85020	17393462.28	10.80251
85035	17393462.28	10.80053
85050	17393462.28	10.79855
85065	17393462.28	10.79656
85080	17393462.28	10.79457
85095	17393462.28	10.79259
85110	17393462.28	10.79060
85125	17393462.28	10.78861
85140	17393462.28	10.78661
85155	17710783.88	10.78462
85170	17710783.88	10.78263
85185	17710783.88	10.78063
85200	17710783.88	10.77863
85215	17710783.88	10.77663
85230	17710783.88	10.77463
85245	17710783.88	10.77263
85260	17710783.88	10.77063
85275	17710783.88	10.76862
85290	17710783.88	10.76662
85305	17710783.88	10.76461
85320	17710783.88	10.76260
85335	17710783.88	10.76059
85350	17710783.88	10.75858
85365	17710783.88	10.75657
85380	17710783.88	10.75456
85395	17710783.88	10.75254
85410	17710783.88	10.75053
85425	17710783.88	10.74851
85440	17710783.88	10.74649
85455	17710783.88	10.74447
85470	17710783.88	10.74245
85485	17710783.88	10.74043
85500	17710783.88	10.73840
85515	17710783.88	10.73638
85530	17710783.88	10.73435
85545	17710783.88	10.73232
85560	17710783.88	10.73029
85575	17710783.88	10.72826
85590	17710783.88	10.72623
85605	17710783.88	10.72420
85620	17710783.88	10.72216
85635	17710783.88	10.72013
85650	17710783.88	10.71809
85665	17710783.88	10.71605
85680	17710783.88	10.71401
85695	17710783.88	10.71197
85710	17710783.88	10.70993
85725	17710783.88	10.70788
85740	17710783.88	10.70584
85755	17710783.88	10.70379
85770	17710783.88	10.70174
85785	17710783.88	10.69969
85800	17710783.88	10.69764
85815	17710783.88	10.69559
85830	17710783.88	10.69354
85845	17710783.88	10.69149
85860	17710783.88	10.68943
85875	17710783.88	10.68737
85890	17710783.88	10.68531
85905	17710783.88	10.68326
85920	17710783.88	10.68119
85935	17710783.88	10.67913
85950	17710783.88	10.67707
85965	17710783.88	10.67500
85980	17710783.88	10.67294
85995	17710783.88	10.67087
86010	17710783.88	10.66880
86025	17710783.88	10.66673
86040	17710783.88	10.66466
86055	17710783.88	10.66259
86070	17710783.88	10.66052
86085	17710783.88	10.65844
86100	17710783.88	10.65637
86115	17710783.88	10.65429
86130	17710783.88	10.65221
86145	17710783.88	10.65013
86160	17710783.88	10.64805
86175	17710783.88	10.64597
86190	17710783.88	10.64388
86205	17710783.88	10.64180
86220	17710783.88	10.63971
86235	17710783.88	10.63762
86250	17710783.88	10.63553
86265	17710783.88	10.63344
86280	17710783.88	10.63135
86295	17710783.88	10.62926
86310	17710783.88	10.62717
86325	17710783.88	10.62507
86340	17710783.88	10.62297
86355	17710783.88	10.62088
86370	17710783.88	10.61878
86385	17710783.88	10.61668
86400	17710783.88	10.61457

